"","SVSPP.sel","SEASON.sel","x1","y1","as.vector(pspl.ori$ysmth)","as.vector(f1.ori)","y3","as.vector(pspl.post$ysmth)","as.vector(f1.post)"
"1","X082372.UNIT","SPRING",2009,130.289359980906,87.1492661516093,-5.83947924123759,130.289359980906,87.1492661516093,-5.83947924123759
"2","X082372.UNIT","SPRING",2010,52.6227654515922,118.03752850859,64.8840621284741,52.6227654515922,118.03752850859,64.8840621284741
"3","X082372.UNIT","SPRING",2011,68.7921907810853,211.453506755106,119.215952537832,68.7921907810853,211.453506755106,119.215952537832
"4","X082372.UNIT","SPRING",2012,644.335733399324,299.222450398735,1.80689339063224,644.335733399324,299.222450398735,1.80689339063224
"5","X082372.UNIT","SPRING",2013,60.5459014869417,219.116823059726,-103.453577186502,60.5459014869417,219.116823059726,-103.453577186502
"6","X082372.UNIT","SPRING",2014,122.784197004987,157.783010549168,-12.3109041933286,122.784197004987,157.783010549168,-12.3109041933286
"7","X082372.UNIT","SPRING",2015,92.242012673579,197.074963031581,86.5716138753808,92.242012673579,197.074963031581,86.5716138753808
"8","X082372.UNIT","SPRING",2016,457.793342220464,288.441969256473,58.0013248137207,457.793342220464,288.441969256473,58.0013248137207
"9","X082372.UNIT","SPRING",2018,162.047598134578,249.795922810217,-30.918208953119,162.047598134578,249.795922810217,-30.918208953119
"10","X082372.UNIT","SPRING",2019,300.863388804656,234.998297201573,-9.62344720812763,300.863388804656,234.998297201573,-9.62344720812763
"11","X082372.UNIT","SPRING",2021,135.48521633726,256.554902339409,63.1262552098938,135.48521633726,256.554902339409,63.1262552098938
"12","X082372.UNIT","SPRING",2022,458.552686543426,345.917497887866,99.6881984731294,458.552686543426,345.917497887866,99.6881984731294
"13","X082372.UNIT","SPRING",2024,374.859202697391,395.667457566137,-113.581188450418,374.859202697391,395.667457566137,-113.581188450418
"14","X082372.UNIT","FALL",2009,392.859076680105,391.569214495403,148.785667948026,392.859076680105,391.569214495403,148.785667948026
"15","X082372.UNIT","FALL",2010,582.772136984402,521.78151052046,125.879718164685,582.772136984402,521.78151052046,125.879718164685
"16","X082372.UNIT","FALL",2011,393.838465651483,671.810238949969,188.418532756932,393.838465651483,671.810238949969,188.418532756932
"17","X082372.UNIT","FALL",2012,1153.90146413766,851.666153231091,110.100078939483,1153.90146413766,851.666153231091,110.100078939483
"18","X082372.UNIT","FALL",2013,805.662931978918,855.503227356248,-77.7398832960279,805.662931978918,855.503227356248,-77.7398832960279
"19","X082372.UNIT","FALL",2014,782.982032648696,731.52588859565,-159.561339661696,782.982032648696,731.52588859565,-159.561339661696
"20","X082372.UNIT","FALL",2015,457.513351152938,572.435644828304,-133.21750564102,457.513351152938,572.435644828304,-133.21750564102
"21","X082372.UNIT","FALL",2016,528.890105480618,482.77314936946,-53.8268554527951,528.890105480618,482.77314936946,-53.8268554527951
"22","X082372.UNIT","FALL",2018,539.271816633514,532.319009652747,125.739961670677,539.271816633514,532.319009652747,125.739961670677
"23","X082372.UNIT","FALL",2019,536.023569923549,727.199881357737,271.495553041804,536.023569923549,727.199881357737,271.495553041804
"24","X082372.UNIT","FALL",2021,1579.89766227995,1227.72584316411,39.6209313473178,1579.89766227995,1227.72584316411,39.6209313473178
"25","X082372.UNIT","FALL",2022,897.291225388175,1119.60346154397,-203.583244068492,897.291225388175,1119.60346154397,-203.583244068492
"26","X082372.UNIT","FALL",2023,984.631640204559,869.71848840919,-299.310019338097,984.631640204559,869.71848840919,-299.310019338097
"27","X082372.UNIT","FALL",2024,434.833020923473,514.736788593707,-413.776697429902,434.833020923473,514.736788593707,-413.776697429902
"28","X082521.UNIT","SPRING",2009,6.20909499238449,4.98744523136862,-2.50235994395527,6.20909499238448,4.98744523136862,-2.50235994395526
"29","X082521.UNIT","SPRING",2010,1.63133172563864,3.54725547120291,-0.471568052740078,1.63133172563864,3.54725547120291,-0.471568052740075
"30","X082521.UNIT","SPRING",2011,2.56672224571386,3.85721217316063,0.99793298029161,2.56672224571386,3.85721217316063,0.997932980291614
"31","X082521.UNIT","SPRING",2012,9.67495754594325,4.77289070134515,0.156741822000366,9.67495754594325,4.77289070134516,0.156741822000365
"32","X082521.UNIT","SPRING",2013,0.172687958192551,4.4465019104612,0.142968943608622,0.172687958192551,4.4465019104612,0.142968943608621
"33","X082521.UNIT","SPRING",2014,7.98906342562844,5.57017304680652,1.66322943994925,7.98906342562844,5.57017304680652,1.66322943994926
"34","X082521.UNIT","SPRING",2015,2.59199763773498,7.67634653055994,2.89364715689059,2.59199763773499,7.67634653055995,2.89364715689059
"35","X082521.UNIT","SPRING",2016,17.1601803817277,10.4000685394235,1.25186841033946,17.1601803817277,10.4000685394236,1.25186841033946
"36","X082521.UNIT","SPRING",2018,2.54230915471423,8.90951774263456,0.808001082180199,2.54230915471423,8.90951774263456,0.808001082180199
"37","X082521.UNIT","SPRING",2019,14.3487652692459,11.0733808957821,2.32373891014039,14.3487652692459,11.0733808957821,2.32373891014039
"38","X082521.UNIT","SPRING",2021,13.8077615251788,10.9617958476085,-2.74263427857822,13.8077615251788,10.9617958476085,-2.74263427857822
"39","X082521.UNIT","SPRING",2022,4.29527793382171,7.17553765606578,-4.37642998009379,4.29527793382171,7.17553765606578,-4.37642998009379
"40","X082521.UNIT","SPRING",2024,1.89139198512895,1.5034160346341,0.518116856315556,1.89139198512895,1.5034160346341,0.518116856315556
"41","X082521.UNIT","FALL",2009,13.4633973935874,13.8351853886741,-0.915373629750287,13.4633973935874,13.8351853886741,-0.915373629750287
"42","X082521.UNIT","FALL",2010,13.6050961527041,12.4555328305839,-1.68972337920597,13.6050961527041,12.4555328305839,-1.68972337920597
"43","X082521.UNIT","FALL",2011,9.92149290954077,10.7641548447103,-1.5388244853171,9.92149290954077,10.7641548447103,-1.5388244853171
"44","X082521.UNIT","FALL",2012,10.3673125179577,9.53215212316152,-0.925120801792727,10.3673125179577,9.53215212316152,-0.925120801792727
"45","X082521.UNIT","FALL",2013,7.22243501054655,9.13103056938713,0.339934866518473,7.22243501054655,9.13103056938713,0.339934866518473
"46","X082521.UNIT","FALL",2014,11.2199938391077,10.1022295066463,1.27561348617321,11.2199938391077,10.1022295066463,1.27561348617321
"47","X082521.UNIT","FALL",2015,12.2944348606938,11.3490892186407,1.21178713654931,12.2944348606938,11.3490892186407,1.21178713654931
"48","X082521.UNIT","FALL",2016,10.4425991207462,12.7863341182475,1.92955180243317,10.4425991207462,12.7863341182475,1.92955180243317
"49","X082521.UNIT","FALL",2018,21.1267232104112,16.4075686194441,0.0544360617384444,21.1267232104112,16.4075686194441,0.0544360617384444
"50","X082521.UNIT","FALL",2019,11.4401963474854,15.7185644666138,-0.479170669025592,11.4401963474854,15.7185644666138,-0.479170669025592
"51","X082521.UNIT","FALL",2021,16.3285028197833,17.1335656199296,0.754628703668076,16.3285028197833,17.1335656199296,0.754628703668076
"52","X082521.UNIT","FALL",2022,20.7338466736362,16.8546852479368,-1.79969102748282,20.7338466736362,16.8546852479368,-1.79969102748282
"53","X082521.UNIT","FALL",2023,11.750560186218,13.5424907269071,-4.32908927280431,11.750560186218,13.5424907269071,-4.32908927280431
"54","X082521.UNIT","FALL",2024,8.8837164243374,9.18772418587298,-3.88483506749148,8.8837164243374,9.18772418587298,-3.88483506749148
"55","X160230.UNIT","SPRING",2009,0.562409384270291,0.310782791820232,-0.186581197875,0.562409384270291,0.310782791820232,-0.186581197875
"56","X160230.UNIT","SPRING",2010,0.0310441749768464,0.298797295768931,0.175686536413628,0.0310441749768464,0.298797295768931,0.175686536413628
"57","X160230.UNIT","SPRING",2011,0.169451564036845,0.688308525929951,0.616412254549642,0.169451564036845,0.688308525929951,0.616412254549642
"58","X160230.UNIT","SPRING",2012,1.77162821061139,1.36686468146288,0.562866602469655,1.77162821061139,1.36686468146288,0.562866602469655
"59","X160230.UNIT","SPRING",2013,2.4855438257493,1.59539220287097,-0.146627633605212,2.4855438257493,1.59539220287097,-0.146627633605212
"60","X160230.UNIT","SPRING",2014,0.0653815668407108,1.27822685318741,-0.24226955287522,0.0653815668407108,1.27822685318741,-0.24226955287522
"61","X160230.UNIT","SPRING",2015,1.88695247941301,1.20949823183353,-0.0419760680062068,1.88695247941301,1.20949823183353,-0.0419760680062068
"62","X160230.UNIT","SPRING",2016,0.860244426026588,1.12180760270327,-0.0590839265523719,0.860244426026588,1.12180760270327,-0.0590839265523719
"63","X160230.UNIT","SPRING",2018,1.35845387068222,1.29818131241232,0.176872485108633,1.35845387068222,1.29818131241232,0.176872485108633
"64","X160230.UNIT","SPRING",2019,1.86715568779365,1.52266677810951,0.304661187323646,1.86715568779365,1.52266677810951,0.304661187323646
"65","X160230.UNIT","SPRING",2021,0.467773362098331,3.20472874717505,1.68829365362232,0.467773362098331,3.20472874717505,1.68829365362232
"66","X160230.UNIT","SPRING",2022,8.25326279039476,5.09270708371468,1.70826993188926,8.25326279039476,5.09270708371468,1.70826993188926
"67","X160230.UNIT","SPRING",2024,2.44635704217431,3.23769627807951,-5.08085308779515,2.44635704217431,3.23769627807951,-5.08085308779515
"68","X160230.UNIT","FALL",2009,1.18447522022874,1.05878451715645,-0.36413028874708,1.18447522022874,1.05878451715645,-0.36413028874708
"69","X160230.UNIT","FALL",2010,0.57337604063142,0.80186991259489,-0.165417394887156,0.57337604063142,0.80186991259489,-0.165417394887156
"70","X160230.UNIT","FALL",2011,0.74675502140664,0.69651277835988,-0.0610153480939911,0.74675502140664,0.69651277835988,-0.0610153480939911
"71","X160230.UNIT","FALL",2012,0.796313452833085,0.645235791024043,-0.0604235774494202,0.796313452833085,0.645235791024043,-0.0604235774494202
"72","X160230.UNIT","FALL",2013,0.49199325339561,0.5861848207739,-0.0282742148662689,0.49199325339561,0.5861848207739,-0.0282742148662689
"73","X160230.UNIT","FALL",2014,0.554222930716071,0.619071206435988,0.09502668315033,0.554222930716071,0.619071206435988,0.09502668315033
"74","X160230.UNIT","FALL",2015,0.808607647040523,0.759837607934641,0.169125843747173,0.808607647040523,0.759837607934641,0.169125843747173
"75","X160230.UNIT","FALL",2016,0.885968395256771,0.936541392763324,0.180880500842988,0.885968395256771,0.936541392763324,0.180880500842988
"76","X160230.UNIT","FALL",2018,1.38197265358576,1.15759674673419,-0.031728952623882,1.38197265358576,1.15759674673419,-0.031728952623882
"77","X160230.UNIT","FALL",2019,0.92178476472183,1.06558160366721,-0.105507306272638,0.92178476472183,1.06558160366721,-0.105507306272638
"78","X160230.UNIT","FALL",2021,0.919402776608402,1.02892660984644,0.0894283937505699,0.919402776608402,1.02892660984644,0.0894283937505699
"79","X160230.UNIT","FALL",2022,1.29409241972188,1.15732176551386,0.142162693521298,1.29409241972188,1.15732176551386,0.142162693521298
"80","X160230.UNIT","FALL",2023,1.22212586102935,1.29665072956621,0.145093191323559,1.22212586102935,1.29665072956621,0.145093191323559
"81","X160230.UNIT","FALL",2024,1.49372910683622,1.46470406164128,0.199611429566737,1.49372910683622,1.46470406164128,0.199611429566737
"82","X160617.UNIT","SPRING",2009,45.5984891114591,39.3833428237006,3.38486601262116,45.5984891114591,39.3833428237006,3.38486601262116
"83","X160617.UNIT","SPRING",2010,39.7695346385181,47.453382499024,12.8053527517959,39.7695346385181,47.453382499024,12.8053527517959
"84","X160617.UNIT","SPRING",2011,50.4553732469501,65.0943271548328,22.5266759735918,50.4553732469501,65.0943271548328,22.5266759735918
"85","X160617.UNIT","SPRING",2012,98.2617714900594,87.2091616911272,16.3552809301464,98.2617714900594,87.2091616911272,16.3552809301464
"86","X160617.UNIT","SPRING",2013,116.066649000658,90.8608495859883,-10.6482324007108,116.066649000658,90.8608495859883,-10.6482324007108
"87","X160617.UNIT","SPRING",2014,58.4281842239266,70.8199119262405,-22.9301006219633,58.4281842239266,70.8199119262405,-22.9301006219633
"88","X160617.UNIT","SPRING",2015,33.5820367797201,54.0165521010843,-8.16425756614804,33.5820367797201,54.0165521010843,-8.16425756614804
"89","X160617.UNIT","SPRING",2016,68.1302058046468,52.9001326730843,1.82779312708676,68.1302058046468,52.9001326730843,1.82779312708676
"90","X160617.UNIT","SPRING",2018,51.4392949343601,58.5912405726688,7.19990165115232,51.4392949343601,58.5912405726688,7.19990165115232
"91","X160617.UNIT","SPRING",2019,69.0569959382994,68.0731319248305,10.2004034641732,69.0569959382994,68.0731319248305,10.2004034641732
"92","X160617.UNIT","SPRING",2021,89.5105819488888,76.7648130091028,-5.6733543479652,89.5105819488888,76.7648130091028,-5.6733543479652
"93","X160617.UNIT","SPRING",2022,56.009590004156,65.7594189088089,-14.5775601758683,56.009590004156,65.7594189088089,-14.5775601758683
"94","X160617.UNIT","SPRING",2024,44.0516761246748,43.4341183758243,-0.708245650099762,44.0516761246748,43.4341183758243,-0.708245650099762
"95","X160617.UNIT","FALL",2009,32.3342709465626,35.0345587013271,16.1110633363355,32.3342709465626,35.0345587013271,16.1110633363354
"96","X160617.UNIT","FALL",2010,56.4679514537241,47.6180602901408,10.2897935602154,56.4679514537241,47.6180602901408,10.2897935602154
"97","X160617.UNIT","FALL",2011,38.8145066432212,58.0818532596049,11.8716460976363,38.8145066432212,58.0818532596049,11.8716460976363
"98","X160617.UNIT","FALL",2012,83.2567374850018,68.9575303221499,6.24203214526644,83.2567374850018,68.9575303221498,6.24203214526643
"99","X160617.UNIT","FALL",2013,76.7546574755073,67.2301854110938,-9.39477822423551,76.7546574755072,67.2301854110938,-9.39477822423553
"100","X160617.UNIT","FALL",2014,46.902901305727,53.5670136675189,-14.8344692122174,46.902901305727,53.5670136675188,-14.8344692122174
"101","X160617.UNIT","FALL",2015,31.3639693276533,41.8211146448368,-7.49455722566586,31.3639693276533,41.8211146448368,-7.49455722566584
"102","X160617.UNIT","FALL",2016,45.7827387866359,37.8909890399982,-2.21537576768114,45.7827387866359,37.8909890399982,-2.21537576768114
"103","X160617.UNIT","FALL",2018,25.9750849149563,36.3336698207391,2.36463659949816,25.9750849149563,36.3336698207391,2.36463659949816
"104","X160617.UNIT","FALL",2019,52.3233761300456,38.5527426825055,-0.496992743799062,52.3233761300456,38.5527426825055,-0.496992743799068
"105","X160617.UNIT","FALL",2021,22.2502704051965,27.8144654744273,-4.54029537772087,22.2502704051965,27.8144654744273,-4.54029537772087
"106","X160617.UNIT","FALL",2022,20.4140840435239,26.195991447835,0.960252519226783,20.4140840435239,26.195991447835,0.960252519226783
"107","X160617.UNIT","FALL",2023,38.0282424528714,28.1303993585743,1.64708695325481,38.0282424528714,28.1303993585743,1.64708695325481
"108","X160617.UNIT","FALL",2024,23.5269954064754,26.9672126563508,-5.23493670669876,23.5269954064754,26.9672126563508,-5.23493670669876
"109","X160855.SNEMA","SPRING",2009,3.0924795176583,3.03383175861136,-0.458670801533174,2.95739015023156,2.90137155478661,-0.438433145403997
"110","X160855.SNEMA","SPRING",2010,2.35602733785216,2.72135088738005,-0.240471832339324,2.25338049589824,2.60270720924421,-0.229847942437774
"111","X160855.SNEMA","SPRING",2011,3.16030060776278,2.40452631111293,-0.467358211604829,3.02261337816228,2.29977087639714,-0.446977120013323
"112","X160855.SNEMA","SPRING",2012,1.46302750918222,1.85094470856196,-0.501313857695646,1.39928667260679,1.77026011295533,-0.479584866375562
"113","X160855.SNEMA","SPRING",2013,1.77190615396147,1.56195701591336,-0.0550942432112796,1.69470816562714,1.49370252634897,-0.0528884646289496
"114","X160855.SNEMA","SPRING",2014,0.0777124725333825,1.84949876981177,0.717353014290203,0.0735081121345906,1.76858279463076,0.686106769917646
"115","X160855.SNEMA","SPRING",2015,5.31487657352125,2.59882630247911,0.296290045747724,5.0833192877114,2.48541739278768,0.283605984274494
"116","X160855.SNEMA","SPRING",2016,1.00257538140059,2.35004477593413,-0.400875178914027,0.958895414250747,2.24767992128046,-0.383239327066521
"117","X160855.SNEMA","SPRING",2018,2.04129421501004,2.16888847538097,0.0482473718890725,1.95235959133093,2.07437082322161,0.0458355177185668
"118","X160855.SNEMA","SPRING",2019,2.75323691428449,2.11851417362279,-0.231294656899606,2.63328453942796,2.025683974284,-0.221929259979393
"119","X160855.SNEMA","SPRING",2021,0.879772883574867,1.55135789834131,0.138292974148197,0.838399953885975,1.48212033619791,0.132437973684453
"120","X160855.SNEMA","SPRING",2022,2.27478411647996,2.06719115740228,0.822900976727025,2.17567685998417,1.97613019808858,0.788007566043796
"121","X160855.SNEMA","SPRING",2024,4.18453172589027,4.09559317455976,0.923610771443525,4.00222103712287,3.91724593815139,0.882811437806586
"122","X160855.SNEMA","FALL",2009,2.60696177504058,2.45193980887985,-0.197499406953903,2.49338228086269,2.34511427506746,-0.188894799492056
"123","X160855.SNEMA","FALL",2010,1.98771502304542,2.43946070120693,0.114513559905578,1.90111472493259,2.33317885420686,0.109524460205268
"124","X160855.SNEMA","FALL",2011,2.85419674503487,2.564911665286,0.0783607365500478,2.72984577614497,2.45316420034682,0.0749467345090628
"125","X160855.SNEMA","FALL",2012,2.72911876691311,2.52863452526862,-0.160435033920729,2.61021716579833,2.41846757418769,-0.153445238299025
"126","X160855.SNEMA","FALL",2013,2.10815576961614,2.29215748665773,-0.254883136751937,2.0163081375359,2.19229331127811,-0.243778448519098
"127","X160855.SNEMA","FALL",2014,1.98803443122246,2.07858190725908,-0.170190273100126,1.90142021720969,1.98802274222103,-0.16277546352456
"128","X160855.SNEMA","FALL",2015,2.41655384888383,1.93049827557528,-0.149333404094923,2.31127000220926,1.84639078318686,-0.142827281656399
"129","X160855.SNEMA","FALL",2016,1.23455451890673,1.8731584302759,0.151253458530272,1.18076773954735,1.79154910670902,0.144663683614124
"130","X160855.SNEMA","FALL",2018,2.93800957306691,2.93669527497898,0.642412252266577,2.81000706670354,2.80875002964393,0.614423787163373
"131","X160855.SNEMA","FALL",2019,3.78940889600724,3.43228288568188,0.281551979571141,3.62431282526222,3.2827459965094,0.269285389500414
"132","X160855.SNEMA","FALL",2021,3.32624982981724,3.1586947574362,-0.410992910111119,3.1813325637503,3.02107749114302,-0.393086868185979
"133","X160855.SNEMA","FALL",2022,2.31129829939621,2.76523070626444,-0.29338050915176,2.2106002016132,2.64475578871496,-0.280598576501221
"134","X160855.SNEMA","FALL",2023,2.72244232525482,2.61434072443484,-0.0485471522859474,2.6038316017715,2.50043974593456,-0.0464320614345195
"135","X160855.SNEMA","FALL",2024,2.64172835313572,2.58784100613556,-0.0445999820911087,2.52663415690423,2.47509456109607,-0.0426568606173805
"136","X160855.UNIT","SPRING",2009,6.48165833952243,6.35348116915658,-0.98541342480498,5.77130225241473,5.65979205986143,-0.867978839770111
"137","X160855.UNIT","SPRING",2010,4.91559206551655,5.6734375677332,-0.526452132925673,4.38640998803828,5.06376165203583,-0.460726198868181
"138","X160855.UNIT","SPRING",2011,6.55388652876738,4.99702019353747,-0.978160970349673,5.86469782410572,4.46505121615089,-0.873338895888796
"139","X160855.UNIT","SPRING",2012,3.03972835693988,3.85119653874447,-1.02762707264182,2.70830342902711,3.43758165224782,-0.924458216940659
"140","X160855.UNIT","SPRING",2013,3.70260231366494,3.26874967698329,-0.0961422887455512,3.29890350877193,2.91038506038435,-0.0928267036481851
"141","X160855.UNIT","SPRING",2014,0.225075656430797,3.87671589193847,1.48875428720604,0.185557894543737,3.44754465785825,1.32565404836467
"142","X160855.UNIT","SPRING",2015,11.0601827788912,5.42036327734218,0.595965940998047,9.85427887901572,4.82528600002445,0.534913329109808
"143","X160855.UNIT","SPRING",2016,2.0705049274862,4.88657895052617,-0.843028875435127,1.84475549669629,4.35318480865071,-0.748386912426512
"144","X160855.UNIT","SPRING",2018,4.2655197435086,4.52340174961849,0.118769608357116,3.80044543176122,4.02954901128889,0.1024339720543
"145","X160855.UNIT","SPRING",2019,5.73576974590601,4.44135961918658,-0.453303679330274,5.11039245841877,3.95133858282416,-0.410466593365199
"146","X160855.UNIT","SPRING",2021,1.97294649284172,3.29079789832067,0.264187495377089,1.72332937782121,2.92148479759618,0.243888367452239
"147","X160855.UNIT","SPRING",2022,4.68336418006821,4.31907870973432,1.65601049712538,4.1981205855548,3.85177817204703,1.49205797875744
"148","X160855.UNIT","SPRING",2024,8.70100499621208,8.50565488293411,1.98511115477511,7.75750825928457,7.58726771448409,1.74486995291156
"149","X160855.UNIT","FALL",2009,5.30473337552783,4.98475086328218,-0.425742451196421,4.79716585497836,4.50391223104062,-0.377753565754815
"150","X160855.UNIT","FALL",2010,3.97653314665465,4.95529571946785,0.236526218916579,3.60664359763044,4.48289762266075,0.221021631849009
"151","X160855.UNIT","FALL",2011,5.87600603509176,5.19719141181298,0.116959221122518,5.29239604693552,4.7165500604465,0.131580526576425
"152","X160855.UNIT","FALL",2012,5.42862736824608,5.04870522671403,-0.424134581668109,4.97354038505354,4.61498732780884,-0.351074622710437
"153","X160855.UNIT","FALL",2013,4.25222847681061,4.45831800746666,-0.637041107489055,3.92492709045341,4.10318199098913,-0.567386244106793
"154","X160855.UNIT","FALL",2014,3.38008611513344,3.94897074181814,-0.326904443063333,3.16386420596947,3.63425898673719,-0.321565424077364
"155","X160855.UNIT","FALL",2015,4.90850187158169,3.75144003680968,-0.17597503222856,4.43460640236956,3.42351615489785,-0.185349567857584
"156","X160855.UNIT","FALL",2016,2.49538066149464,3.71459862688435,0.327688227176218,2.27697482342219,3.38387361446216,0.311807578682629
"157","X160855.UNIT","FALL",2018,5.63115392360878,5.72148966256766,1.17510879537283,5.15133373205742,5.32976678474938,1.18083817643608
"158","X160855.UNIT","FALL",2019,7.35036680443809,6.57813540890341,0.385935016063125,7.03355747322853,6.22306032934024,0.44088219283846
"159","X160855.UNIT","FALL",2021,6.11746756298008,5.42461225178764,-1.25623794478357,5.85650902825245,5.18815100541318,-1.19957222824833
"160","X160855.UNIT","FALL",2022,2.87015602374399,4.23826751949936,-0.848430238382518,2.75749886078833,4.04589412258592,-0.824677053101329
"161","X160855.UNIT","FALL",2023,4.03478584694266,3.88097048400495,0.0190335949655857,3.78474111414901,3.69466476765206,0.017821727370297
"162","X160855.UNIT","FALL",2024,4.3234483133389,4.04672956457431,0.19768199374501,4.16370072909547,3.87274434559986,0.233940812661966
"163","X161703.UNIT","SPRING",2009,28.7918287267627,23.8336986559751,-18.2229485628674,28.7918287267627,23.8336986559751,-18.2229485628674
"164","X161703.UNIT","SPRING",2010,2.74785060815724,9.59989486589487,-10.3888052784643,2.74785060815724,9.59989486589487,-10.3888052784643
"165","X161703.UNIT","SPRING",2011,2.56175368011436,2.76779557670434,-3.41953956108789,2.56175368011436,2.76779557670434,-3.41953956108789
"166","X161703.UNIT","SPRING",2012,3.15619636272357,1.81240556083063,0.704495607623137,3.15619636272357,1.81240556083063,0.704495607623137
"167","X161703.UNIT","SPRING",2013,3.44903084920458,3.16168196837671,1.78321630561244,3.44903084920458,3.16168196837671,1.78321630561244
"168","X161703.UNIT","SPRING",2014,5.94567867923739,5.00746566121742,1.74781947108748,5.94567867923739,5.00746566121742,1.74781947108748
"169","X161703.UNIT","SPRING",2015,5.48195492412324,6.65084747370683,1.69300232602801,5.48195492412324,6.65084747370683,1.69300232602801
"170","X161703.UNIT","SPRING",2016,8.76255513837183,8.32111063309418,1.42110614043075,8.76255513837183,8.32111063309418,1.42110614043075
"171","X161703.UNIT","SPRING",2018,10.0353381132689,8.59055814129467,-1.48689127601564,10.0353381132689,8.59055814129467,-1.48689127601564
"172","X161703.UNIT","SPRING",2019,5.75107052997654,6.51305860988849,-2.28029220523664,5.75107052997654,6.51305860988849,-2.28029220523664
"173","X161703.UNIT","SPRING",2021,2.61210536434359,3.73547308448131,0.024160306903233,2.61210536434359,3.73547308448131,0.024160306903233
"174","X161703.UNIT","SPRING",2022,5.0995067450595,4.56620857389949,1.47668250610778,5.0995067450595,4.56620857389949,1.47668250610778
"175","X161703.UNIT","SPRING",2024,8.34115274698985,8.17582366296923,1.49041991966056,8.34115274698985,8.17582366296923,1.49041991966056
"176","X161703.UNIT","FALL",2009,1.74909069053549,1.55495103038439,-0.386203293778614,1.74909069053549,1.55495103038439,-0.386203293778614
"177","X161703.UNIT","FALL",2010,0.976095998184127,1.33675174726634,-0.0762310733877612,0.976095998184127,1.33675174726634,-0.0762310733877612
"178","X161703.UNIT","FALL",2011,1.66078897220779,1.35041728174829,0.0775263414213752,1.66078897220779,1.35041728174829,0.0775263414213752
"179","X161703.UNIT","FALL",2012,1.15266461374561,1.50135752784124,0.259943049426953,1.15266461374561,1.50135752784124,0.259943049426953
"180","X161703.UNIT","FALL",2013,1.57481701072539,1.8484104228151,0.376680884071231,1.57481701072539,1.8484104228151,0.376680884071231
"181","X161703.UNIT","FALL",2014,3.26780190136787,2.05887218333818,-0.0941226192210629,3.26780190136787,2.05887218333818,-0.0941226192210629
"182","X161703.UNIT","FALL",2015,0.854534751758005,1.73253181698145,-0.347826224687927,0.854534751758005,1.73253181698145,-0.347826224687927
"183","X161703.UNIT","FALL",2016,1.58964818684174,1.53139998421549,-0.0969890793953093,1.58964818684174,1.53139998421549,-0.0969890793953093
"184","X161703.UNIT","FALL",2018,1.57625710752738,1.37790613483313,-0.159444844921617,1.57625710752738,1.37790613483313,-0.159444844921617
"185","X161703.UNIT","FALL",2019,1.04081025564877,1.1571448059938,-0.250575299092235,1.04081025564877,1.1571448059938,-0.250575299092235
"186","X161703.UNIT","FALL",2021,0.766344233142065,0.645436025291752,-0.26978965969237,0.766344233142065,0.645436025291752,-0.26978965969237
"187","X161703.UNIT","FALL",2022,0.258336426856733,0.397864398284159,-0.191839837926088,0.258336426856733,0.397864398284159,-0.191839837926088
"188","X161703.UNIT","FALL",2023,0.235509688915287,0.284824557302167,-0.0446853925720301,0.235509688915287,0.284824557302167,-0.0446853925720301
"189","X161703.UNIT","FALL",2024,0.362770594911066,0.287602516071829,0.0397957615772185,0.362770594911066,0.287602516071829,0.0397957615772185
"190","X161706.UNIT","SPRING",2009,37.8753746061482,34.0222267420675,-12.0122117402387,37.8753746061482,34.0222267420675,-12.0122117402387
"191","X161706.UNIT","SPRING",2010,18.2309204498985,25.9406717321791,-4.8709195654602,18.2309204498985,25.9406717321791,-4.8709195654602
"192","X161706.UNIT","SPRING",2011,25.9508480437737,22.8403450393031,-2.04975510621382,25.9508480437737,22.8403450393031,-2.04975510621382
"193","X161706.UNIT","SPRING",2012,23.295505599572,20.7388315387776,-2.53558058988883,23.295505599572,20.7388315387776,-2.53558058988883
"194","X161706.UNIT","SPRING",2013,16.7657331709381,18.0099707745414,-2.29904532851583,16.7657331709381,18.0099707745414,-2.29904532851583
"195","X161706.UNIT","SPRING",2014,14.1383861462921,16.9368288273206,0.325753769581103,14.1383861462921,16.9368288273206,0.325753769581103
"196","X161706.UNIT","SPRING",2015,19.9737064299326,18.1154446013078,1.31245173049062,19.9737064299326,18.1154446013078,1.31245173049062
"197","X161706.UNIT","SPRING",2016,19.860763911722,18.7217993684855,-0.220649068048949,19.860763911722,18.7217993684855,-0.220649068048949
"198","X161706.UNIT","SPRING",2018,15.3626051356024,16.4606713415296,-1.05457249005537,15.3626051356024,16.4606713415296,-1.05457249005537
"199","X161706.UNIT","SPRING",2019,16.1286500924522,15.8380692689531,-0.289610233755871,16.1286500924522,15.8380692689531,-0.289610233755871
"200","X161706.UNIT","SPRING",2021,15.2374519492916,15.9710981903332,0.310737329257226,15.2374519492916,15.9710981903332,0.310737329257226
"201","X161706.UNIT","SPRING",2022,17.3283248894876,16.2312890441542,0.0929373816043617,17.3283248894876,16.2312890441542,0.0929373816043617
"202","X161706.UNIT","SPRING",2024,14.0266420009734,14.3476659571316,-2.44338845574856,14.0266420009734,14.3476659571316,-2.44338845574856
"203","X161706.UNIT","FALL",2009,7.18118943590953,8.00694058747801,3.20008967287493,7.18118943590953,8.00694058747801,3.20008967287494
"204","X161706.UNIT","FALL",2010,11.9378153936481,10.5323835010018,1.93229889416264,11.9378153936481,10.5323835010018,1.93229889416265
"205","X161706.UNIT","FALL",2011,11.6578385286849,12.0345438557832,1.15352455539001,11.6578385286849,12.0345438557832,1.15352455539003
"206","X161706.UNIT","FALL",2012,12.6749786490227,13.0024034877807,0.863662844613926,12.6749786490228,13.0024034877807,0.863662844613931
"207","X161706.UNIT","FALL",2013,12.2177566475399,13.8013069061841,0.692113217357132,12.2177566475399,13.8013069061842,0.692113217357107
"208","X161706.UNIT","FALL",2014,16.7939601459907,13.8537930038008,-1.07794716598206,16.7939601459907,13.8537930038008,-1.07794716598208
"209","X161706.UNIT","FALL",2015,12.7293838938798,11.5094157985982,-3.25599787618659,12.7293838938798,11.5094157985982,-3.25599787618659
"210","X161706.UNIT","FALL",2016,4.97338606464934,8.40377981016293,-2.24810091018525,4.97338606464934,8.40377981016294,-2.24810091018525
"211","X161706.UNIT","FALL",2018,7.94409308702035,7.90919582638933,0.624909307212484,7.94409308702035,7.90919582638933,0.624909307212485
"212","X161706.UNIT","FALL",2019,10.193092368484,8.13471282383713,-0.445064462031652,10.193092368484,8.13471282383713,-0.44506446203165
"213","X161706.UNIT","FALL",2021,3.73630148948732,6.03890816522939,-0.370036845459905,3.73630148948732,6.03890816522939,-0.370036845459905
"214","X161706.UNIT","FALL",2022,7.94051769672157,6.31804663481809,0.598204682205848,7.94051769672157,6.31804663481809,0.598204682205848
"215","X161706.UNIT","FALL",2023,6.15969027643725,6.98078703642311,0.802854730217679,6.15969027643725,6.98078703642311,0.802854730217679
"216","X161706.UNIT","FALL",2024,8.46112707369185,8.07491331368043,1.46097643351045,8.46112707369185,8.07491331368043,1.46097643351045
"217","X161722.UNIT","SPRING",2009,111.51083798567,165.06046762169,142.418639673167,111.51083798567,165.06046762169,142.418639673167
"218","X161722.UNIT","SPRING",2010,318.154907291052,275.213102987633,71.5239743663216,318.154907291052,275.213102987633,71.5239743663216
"219","X161722.UNIT","SPRING",2011,397.482407695422,295.38310296954,-37.5466310949033,397.482407695422,295.38310296954,-37.5466310949033
"220","X161722.UNIT","SPRING",2012,106.520384203064,224.119186752841,-74.6191986910847,106.520384203064,224.119186752841,-74.6191986910847
"221","X161722.UNIT","SPRING",2013,196.166404544524,167.856475993183,-46.5564550698289,196.166404544524,167.856475993183,-46.5564550698289
"222","X161722.UNIT","SPRING",2014,127.541784730891,123.124657909219,-42.1385675604659,127.541784730891,123.124657909219,-42.1385675604659
"223","X161722.UNIT","SPRING",2015,68.94838871221,86.4721815053486,-29.0421581518115,68.94838871221,86.4721815053486,-29.0421581518115
"224","X161722.UNIT","SPRING",2016,77.634619565825,63.6458748894662,-20.1291488915456,77.634619565825,63.6458748894662,-20.1291488915456
"225","X161722.UNIT","SPRING",2018,20.3350807379482,28.045240477233,-11.4995816607476,20.3350807379482,28.045240477233,-11.4995816607476
"226","X161722.UNIT","SPRING",2019,25.5925632371207,20.2224552463232,-5.60551207388875,25.5925632371207,20.2224552463232,-5.60551207388876
"227","X161722.UNIT","SPRING",2021,9.04547955358876,13.5014725258534,-0.3859497013359,9.04547955358875,13.5014725258534,-0.3859497013359
"228","X161722.UNIT","SPRING",2022,18.7933769284192,14.3154037795608,1.36166186172203,18.7933769284192,14.3154037795608,1.36166186172203
"229","X161722.UNIT","SPRING",2024,10.6372332428748,11.4038457707181,-6.88182125867975,10.6372332428748,11.4038457707181,-6.88182125867974
"230","X161722.UNIT","FALL",2009,82.0667648919099,74.3588486804906,-22.7130594760451,82.0667648919099,74.3588486804906,-22.7130594760451
"231","X161722.UNIT","FALL",2010,44.4033451897278,58.1329240993076,-10.6384352283166,44.4033451897278,58.1329240993076,-10.6384352283166
"232","X161722.UNIT","FALL",2011,59.8888817385304,51.2826871398657,-3.96168423256303,59.8888817385304,51.2826871398657,-3.961684232563
"233","X161722.UNIT","FALL",2012,50.5377736029684,49.8309417867915,1.57922522102042,50.5377736029685,49.8309417867915,1.57922522102041
"234","X161722.UNIT","FALL",2013,54.7056638509855,55.9712055905804,11.7103387006254,54.7056638509855,55.9712055905804,11.7103387006254
"235","X161722.UNIT","FALL",2014,68.974779118925,74.8286660915569,26.572592890774,68.974779118925,74.8286660915569,26.572592890774
"236","X161722.UNIT","FALL",2015,57.3391524056016,108.584949795384,39.8405223506905,57.3391524056016,108.584949795384,39.8405223506905
"237","X161722.UNIT","FALL",2016,227.337637979168,137.530159681152,2.16979847525063,227.337637979168,137.530159681152,2.16979847525063
"238","X161722.UNIT","FALL",2018,8.13371397129051,51.3640775625678,-48.2776994161535,8.13371397129051,51.3640775625678,-48.2776994161535
"239","X161722.UNIT","FALL",2019,21.9542669309439,18.069128057733,-20.7612110926076,21.9542669309439,18.069128057733,-20.7612110926076
"240","X161722.UNIT","FALL",2021,6.29982297012372,6.23713234899354,3.60497479583466,6.29982297012372,6.23713234899354,3.60497479583466
"241","X161722.UNIT","FALL",2022,16.6976949064226,10.6423483848174,3.90733248471673,16.6976949064226,10.6423483848174,3.90733248471673
"242","X161722.UNIT","FALL",2023,12.2363359378839,13.1335846910297,1.45505229140702,12.2363359378839,13.1335846910297,1.45505229140702
"243","X161722.UNIT","FALL",2024,13.7030977108192,14.3122772950296,1.28224508029169,13.7030977108192,14.3122772950296,1.28224508029169
"244","X164499.NORTH","SPRING",2009,2.23708138055654,2.23509719404895,0.365964478046701,2.23708138055654,2.23509719404895,0.365964478046701
"245","X164499.NORTH","SPRING",2010,2.51317433122116,2.64901040223967,0.427871950530216,2.51317433122116,2.64901040223967,0.427871950530216
"246","X164499.NORTH","SPRING",2011,3.12993037991896,3.02286111950033,0.285839496186573,3.12993037991896,3.02286111950033,0.285839496186573
"247","X164499.NORTH","SPRING",2012,3.53168621709741,3.1755545792671,0.0084025958057849,3.53168621709741,3.1755545792671,0.0084025958057849
"248","X164499.NORTH","SPRING",2013,2.86290147126812,3.13565658670028,0.0189365221901459,2.86290147126812,3.13565658670028,0.0189365221901459
"249","X164499.NORTH","SPRING",2014,3.32576543905784,3.33867159445167,0.405202360987337,3.32576543905784,3.33867159445167,0.405202360987337
"250","X164499.NORTH","SPRING",2015,3.76813589513475,3.9783684023882,0.888389480924257,3.76813589513475,3.9783684023882,0.888389480924257
"251","X164499.NORTH","SPRING",2016,4.86105685639952,5.07569459141712,1.25230870621198,4.86105685639952,5.07569459141712,1.25230870621198
"252","X164499.NORTH","SPRING",2018,7.99080842693064,6.99992634950251,0.17967357218123,7.99080842693064,6.99992634950251,0.17967357218123
"253","X164499.NORTH","SPRING",2019,6.21654161340912,6.73786006464681,-0.508200105652731,6.21654161340912,6.73786006464681,-0.508200105652731
"254","X164499.NORTH","SPRING",2021,5.76136637238008,5.76746474733862,-0.338137195542559,5.76136637238008,5.76746474733862,-0.338137195542559
"255","X164499.NORTH","SPRING",2022,5.3808436902269,5.56853401880252,-0.0560770341354032,5.3808436902269,5.56853401880252,-0.0560770341354032
"256","X164499.NORTH","SPRING",2024,6.17696903356812,6.07156145686537,0.573693381775205,6.17696903356812,6.07156145686537,0.573693381775205
"257","X164499.NORTH","FALL",2009,2.90128200500559,2.93759115616899,0.561107198208146,2.90128200500559,2.93759115616899,0.561107198208146
"258","X164499.NORTH","FALL",2010,3.49425096467929,3.48551657416107,0.526260925877871,3.49425096467929,3.48551657416107,0.526260925877871
"259","X164499.NORTH","FALL",2011,4.23449366801737,3.97314758412847,0.440518382158805,4.23449366801737,3.97314758412847,0.440518382158805
"260","X164499.NORTH","FALL",2012,4.59485033495599,4.42561538497826,0.531961977938475,4.59485033495599,4.42561538497826,0.531961977938475
"261","X164499.NORTH","FALL",2013,4.61866842529892,5.22077307469365,1.17451017778283,4.61866842529892,5.22077307469365,1.17451017778283
"262","X164499.NORTH","FALL",2014,6.57680448662745,6.8334027798409,1.99335949551813,6.57680448662745,6.8334027798409,1.99335949551813
"263","X164499.NORTH","FALL",2015,8.10079346949136,9.0186934602044,2.24581299667691,8.10079346949136,9.0186934602044,2.24581299667691
"264","X164499.NORTH","FALL",2016,13.1369566596865,10.797647151563,0.916121632940435,13.1369566596865,10.797647151563,0.916121632940435
"265","X164499.NORTH","FALL",2018,8.99510297030107,9.82135581883387,-0.77907064193867,8.99510297030107,9.82135581883387,-0.77907064193867
"266","X164499.NORTH","FALL",2019,8.63564312456374,9.49465924208614,0.166842879555787,8.63564312456374,9.49465924208614,0.166842879555787
"267","X164499.NORTH","FALL",2021,10.9729461169581,10.294881674723,-0.202761804988487,10.9729461169581,10.294881674723,-0.202761804988487
"268","X164499.NORTH","FALL",2022,10.3416961736151,9.37539621394936,-1.63342558265566,10.3416961736151,9.37539621394936,-1.63342558265566
"269","X164499.NORTH","FALL",2023,6.25334338050215,7.23774371091726,-2.43494975580603,6.25334338050215,7.23774371091726,-2.43494975580603
"270","X164499.NORTH","FALL",2024,4.978948084088,4.91935603754233,-1.9948959233413,4.978948084088,4.91935603754233,-1.9948959233413
"271","X164499.SOUTH","SPRING",2009,1.14802724306373,1.08254313199823,0.156842568163782,1.14802724306373,1.08254313199823,0.156842568163782
"272","X164499.SOUTH","SPRING",2010,1.07150629702543,1.36157701300378,0.348440181660577,1.07150629702543,1.36157701300378,0.348440181660577
"273","X164499.SOUTH","SPRING",2011,1.81873791523747,1.67385347094593,0.223327722037002,1.81873791523747,1.67385347094593,0.223327722037002
"274","X164499.SOUTH","SPRING",2012,2.14352866718634,1.72437270804471,-0.153363984685775,2.14352866718634,1.72437270804471,-0.153363984685775
"275","X164499.SOUTH","SPRING",2013,1.27456758113833,1.44720767124473,-0.289809182397506,1.27456758113833,1.44720767124473,-0.289809182397506
"276","X164499.SOUTH","SPRING",2014,1.22921718406349,1.30945204109438,0.067838713424804,1.22921718406349,1.30945204109438,0.067838713424804
"277","X164499.SOUTH","SPRING",2015,0.816118638604548,1.66452697023344,0.670412225664412,0.816118638604548,1.66452697023344,0.670412225664412
"278","X164499.SOUTH","SPRING",2016,3.35079733213818,2.43203643159546,0.61826555542079,3.35079733213818,2.43203643159546,0.61826555542079
"279","X164499.SOUTH","SPRING",2018,2.35562769395325,2.492622949283,-0.354481239150099,2.35562769395325,2.492622949283,-0.354481239150099
"280","X164499.SOUTH","SPRING",2019,2.13648101132527,2.05317589666476,-0.518590329849172,2.13648101132527,2.05317589666476,-0.518590329849172
"281","X164499.SOUTH","SPRING",2021,0.902653145840232,0.997863373197606,-0.399146643514959,0.902653145840232,0.997863373197606,-0.399146643514959
"282","X164499.SOUTH","SPRING",2022,0.646487761883787,0.724781234498599,-0.153995713227921,0.646487761883787,0.724781234498599,-0.153995713227921
"283","X164499.SOUTH","SPRING",2024,0.879660978133242,0.809398557788682,0.210700719138532,0.879660978133242,0.809398557788682,0.210700719138532
"284","X164499.SOUTH","FALL",2009,1.562848555907,1.86591644255004,0.642882391510904,1.562848555907,1.86591644255004,0.642882391510904
"285","X164499.SOUTH","FALL",2010,2.63310728708978,2.32603142457041,0.259793095251015,2.63310728708978,2.32603142457041,0.259793095251015
"286","X164499.SOUTH","FALL",2011,3.18608834884421,2.35039367849445,-0.228623064681752,3.18608834884421,2.35039367849445,-0.228623064681752
"287","X164499.SOUTH","FALL",2012,1.71832002171664,2.09835011991715,-0.0283447504837781,1.71832002171664,2.09835011991715,-0.0283447504837781
"288","X164499.SOUTH","FALL",2013,1.98416664419334,2.67201565599405,1.30686799911568,1.98416664419334,2.67201565599405,1.30686799911568
"289","X164499.SOUTH","FALL",2014,1.48822712440333,4.7778458193307,2.83935985226169,1.48822712440333,4.7778458193307,2.83935985226169
"290","X164499.SOUTH","FALL",2015,13.3180481982173,7.27095652221562,1.13251519050224,13.3180481982173,7.27095652221562,1.13251519050224
"291","X164499.SOUTH","FALL",2016,4.52320133144814,6.75775995619738,-1.42967820367061,4.52320133144814,6.75775995619738,-1.42967820367061
"292","X164499.SOUTH","FALL",2018,3.33653790094016,3.82982374362418,-1.15804487395002,3.33653790094016,3.82982374362418,-1.15804487395002
"293","X164499.SOUTH","FALL",2019,3.08863967042549,2.93689352080641,-0.685769104197871,3.08863967042549,2.93689352080641,-0.685769104197871
"294","X164499.SOUTH","FALL",2021,2.37042557626954,2.063550512374,-0.236891476468001,2.37042557626954,2.063550512374,-0.236891476468001
"295","X164499.SOUTH","FALL",2022,1.17021586805034,1.96593623625373,0.105708896817813,1.17021586805034,1.96593623625373,0.105708896817813
"296","X164499.SOUTH","FALL",2023,2.95912896197408,2.22887242795118,0.310021635928281,2.95912896197408,2.22887242795118,0.310021635928281
"297","X164499.SOUTH","FALL",2024,2.17108637761263,2.36569580681267,-0.14651672885411,2.17108637761263,2.36569580681267,-0.14651672885411
"298","X164712.GBK","SPRING",2009,3.02875573776236,2.7527750836853,0.0993793210181915,2.66578524365887,2.42289583242618,0.0884797432471611
"299","X164712.GBK","SPRING",2010,3.01840176600441,2.90020521456516,0.314829894361774,2.65667210694023,2.55420838942258,0.278786013716094
"300","X164712.GBK","SPRING",2011,2.34241467142129,3.62113277964936,1.2463741894269,2.0676546841154,3.18974914579925,1.09693614200769
"301","X164712.GBK","SPRING",2012,4.71550453765023,5.22852595052488,1.68463555580979,4.15039161334335,4.60350444670413,1.48135759009778
"302","X164712.GBK","SPRING",2013,9.26318197769853,6.25426274843175,-0.0855265063189057,8.15306877263044,5.50517447057441,-0.0760905280733231
"303","X164712.GBK","SPRING",2014,4.54666666666667,5.12616731721478,-1.64960543046447,4.00178751845807,4.51179511256361,-1.45212348022603
"304","X164712.GBK","SPRING",2015,1.88010511931042,3.80959849314947,-0.650044537670043,1.65479058647629,3.35294159967591,-0.572114163718075
"305","X164712.GBK","SPRING",2016,4.9180212341007,3.86952708277797,0.479862877834244,4.32863841425278,3.40573792811812,0.422408581761838
"306","X164712.GBK","SPRING",2018,3.51384654491939,5.73743223869436,1.58234107998022,3.09274206273507,5.04984885652915,1.39272120013492
"307","X164712.GBK","SPRING",2019,10.2523014821823,7.07286209790549,0.420263765712902,9.02365075664213,6.22524373953295,0.369899954033992
"308","X164712.GBK","SPRING",2021,2.9695206559445,4.41833613401168,-1.65547454481178,2.61364898022627,3.88883772480947,-1.45708184853622
"309","X164712.GBK","SPRING",2022,3.45049258908862,3.22535426751926,-0.813548320818696,3.03698053714375,2.83882326333956,-0.716052326860666
"310","X164712.GBK","SPRING",2024,2.23624864220891,2.11928221682887,-0.624760260454318,1.96825335144291,1.86530411857025,-0.549887827736952
"311","X164712.GBK","FALL",2009,1.30122485020498,1.75089435554872,0.963047207011936,1.14528417102444,1.54106462863056,0.847634228601085
"312","X164712.GBK","FALL",2010,2.972706401766,2.40927482724161,0.35218419196993,2.61645294163364,2.12054382672817,0.309977926016897
"313","X164712.GBK","FALL",2011,3.17863134657837,2.45220365068075,-0.267856089495568,2.79769954146266,2.15832799750987,-0.235755826030725
"314","X164712.GBK","FALL",2012,0.780688288900209,2.12347830309351,-0.138149406431964,0.687129468547048,1.86899757383493,-0.121593380573716
"315","X164712.GBK","FALL",2013,3.16980973404814,2.27997410790607,0.303765086899391,2.78993512381248,2.00673869371542,0.267361436942223
"316","X164712.GBK","FALL",2014,1.43198738568275,2.69594054367462,0.640475780577736,1.26037593400615,2.37285510663831,0.563720231214957
"317","X164712.GBK","FALL",2015,4.4445096184169,3.42028408484661,0.55526172161126,3.91187311949727,3.01039226399998,0.488718349051647
"318","X164712.GBK","FALL",2016,3.62753495217071,3.59606969215787,-0.16113522157305,3.19280588585788,3.16511146838329,-0.141824542186584
"319","X164712.GBK","FALL",2018,2.60622810890361,2.50933862850223,-0.719095065400112,2.29389394057149,2.20861583646443,-0.632917666562235
"320","X164712.GBK","FALL",2019,1.47675055187638,1.88491131899437,-0.450477419278446,1.2997746172379,1.65902080419766,-0.396491549959464
"321","X164712.GBK","FALL",2021,1.54343740145065,1.69512047778938,0.10980452761625,1.35846961773751,1.49197477352644,0.0966453932738021
"322","X164712.GBK","FALL",2022,2.02441185745822,1.74596876378459,-0.0939731461276301,1.78180339517481,1.5367293269496,-0.0827112675756121
"323","X164712.GBK","FALL",2023,1.70199478225968,1.43585631682306,-0.511704426004702,1.4980252513477,1.26378120680975,-0.450381023121413
"324","X164712.GBK","FALL",2024,0.491054346683486,0.751654555356676,-0.842151775137315,0.432205679349536,0.661575179872104,-0.741227081171219
"325","X164712.GOM","SPRING",2009,7.59287515214745,6.90358104524233,-3.35757680363995,7.59287515214745,6.90358104524233,-3.35757680363995
"326","X164712.GOM","SPRING",2010,3.37346885546081,3.98010103766598,-2.42122070200318,3.37346885546081,3.98010103766598,-2.42122070200318
"327","X164712.GOM","SPRING",2011,1.74938952498057,2.19746466025505,-1.07588954330913,1.74938952498057,2.19746466025505,-1.07588954330913
"328","X164712.GOM","SPRING",2012,2.16119803033368,1.76725784443685,0.0862492955523143,2.16119803033368,1.76725784443685,0.0862492955523143
"329","X164712.GOM","SPRING",2013,2.32256679406243,2.25292338979062,0.897268549706585,2.32256679406243,2.25292338979062,0.897268549706585
"330","X164712.GOM","SPRING",2014,1.34675255315765,3.60495819290143,1.83777755101508,1.34675255315765,3.60495819290143,1.83777755101508
"331","X164712.GOM","SPRING",2015,8.54108180831018,5.26126109622245,0.776634365528604,8.54108180831018,5.26126109622245,0.776634365528604
"332","X164712.GOM","SPRING",2016,4.17910239213056,4.82250228838993,-1.29168272666398,4.17910239213056,4.82250228838993,-1.29168272666398
"333","X164712.GOM","SPRING",2018,1.0211919666145,1.50283050163394,-1.41523289820243,1.0211919666145,1.50283050163394,-1.41523289820243
"334","X164712.GOM","SPRING",2019,0.40032004194479,0.522192339948475,-0.540128267184127,0.40032004194479,0.522192339948475,-0.540128267184127
"335","X164712.GOM","SPRING",2021,0.223101257859809,0.79876595044066,0.602266845135074,0.223101257859809,0.79876595044066,0.602266845135074
"336","X164712.GOM","SPRING",2022,2.3771974439228,1.41614146156638,0.52282033943315,2.3771974439228,1.41614146156638,0.52282033943315
"337","X164712.GOM","SPRING",2024,0.509329389032608,0.767595401463731,-1.61002175026869,0.509329389032608,0.767595401463731,-1.61002175026869
"338","X164712.GOM","FALL",2009,10.4530426304823,8.8514329394519,-5.71171498774758,10.4530426304823,8.8514329394519,-5.71171498774758
"339","X164712.GOM","FALL",2010,2.04774999201559,4.30160535753743,-3.43867074913704,2.04774999201559,4.30160535753743,-3.43867074913704
"340","X164712.GOM","FALL",2011,2.15737573589686,1.87263029506645,-1.4700099488606,2.15737573589686,1.87263029506645,-1.4700099488606
"341","X164712.GOM","FALL",2012,1.07368017629587,1.16809916643896,-0.0818080287159735,1.07368017629587,1.16809916643896,-0.0818080287159735
"342","X164712.GOM","FALL",2013,1.33281168492436,1.44293563112835,0.508158071910194,1.33281168492436,1.44293563112835,0.508158071910194
"343","X164712.GOM","FALL",2014,3.15498103257996,1.89351792691486,0.225432022502899,3.15498103257996,1.89351792691486,0.225432022502899
"344","X164712.GOM","FALL",2015,0.728602434714105,1.92570541874086,0.0384232009157435,0.728602434714105,1.92570541874086,0.0384232009157435
"345","X164712.GOM","FALL",2016,2.64258500739889,2.0232919310916,0.0101971863643542,2.64258500739889,2.0232919310916,0.0101971863643542
"346","X164712.GOM","FALL",2018,1.60867414875404,1.36552703171772,-0.539157794974013,1.60867414875404,1.36552703171772,-0.539157794974013
"347","X164712.GOM","FALL",2019,0.352628735375214,0.887881651934278,-0.313885022140872,0.352628735375214,0.887881651934278,-0.313885022140872
"348","X164712.GOM","FALL",2021,0.984847976749385,0.908162536472143,0.126174770899414,0.984847976749385,0.908162536472143,0.126174770899414
"349","X164712.GOM","FALL",2022,1.12719771006994,0.958030575821771,-0.056767020175522,1.12719771006994,0.958030575821771,-0.056767020175522
"350","X164712.GOM","FALL",2023,0.811222892913034,0.784750101516825,-0.269343995063281,0.811222892913034,0.784750101516825,-0.269343995063281
"351","X164712.GOM","FALL",2024,0.368412858100987,0.460242452437389,-0.359221369724502,0.368412858100987,0.460242452437389,-0.359221369724502
"352","X164712.WGOM","SPRING",2009,12.2995024223195,11.176667616615,-5.74875143261561,12.2995024223195,11.176667616615,-5.74875143261561
"353","X164712.WGOM","SPRING",2010,5.08781545060259,6.16659621437444,-4.18345516359142,5.08781545060259,6.16659621437444,-4.18345516359142
"354","X164712.WGOM","SPRING",2011,2.44198235715565,2.98562970598034,-2.09054164492269,2.44198235715565,2.98562970598034,-2.09054164492269
"355","X164712.WGOM","SPRING",2012,2.42084021007651,1.89220446269396,-0.277553511759251,2.42084021007651,1.89220446269396,-0.277553511759251
"356","X164712.WGOM","SPRING",2013,2.1764287100296,2.26394664721076,1.03570651565095,2.1764287100296,2.26394664721076,1.03570651565095
"357","X164712.WGOM","SPRING",2014,1.60312849167967,3.95800593791947,2.332131874832,1.60312849167967,3.95800593791947,2.332131874832
"358","X164712.WGOM","SPRING",2015,9.5440456999565,6.1280068940463,1.22794672552767,9.5440456999565,6.1280068940463,1.22794672552767
"359","X164712.WGOM","SPRING",2016,5.62371316944295,5.95857291468128,-1.24221784665726,5.62371316944295,5.95857291468128,-1.24221784665726
"360","X164712.WGOM","SPRING",2018,1.51895262403726,2.20174886625118,-1.65442631994702,1.51895262403726,2.20174886625118,-1.65442631994702
"361","X164712.WGOM","SPRING",2019,0.883331734090735,1.09249783973238,-0.560983232709312,0.883331734090735,1.09249783973238,-0.560983232709312
"362","X164712.WGOM","SPRING",2021,1.01521367480361,1.49200133165915,0.618501114927235,1.01521367480361,1.49200133165915,0.618501114927235
"363","X164712.WGOM","SPRING",2022,3.04636284255776,2.04477953979144,0.382950514914903,3.04636284255776,2.04477953979144,0.382950514914903
"364","X164712.WGOM","SPRING",2024,0.581452943885776,0.882112359682414,-1.9620368407137,0.581452943885776,0.882112359682414,-1.9620368407137
"365","X164712.WGOM","FALL",2009,19.5519450788107,16.9090391914826,-10.1187885444975,19.5519450788107,16.9090391914826,-10.1187885444975
"366","X164712.WGOM","FALL",2010,4.84522210281211,8.77203075571717,-6.28614767567331,4.84522210281211,8.77203075571717,-6.28614767567331
"367","X164712.WGOM","FALL",2011,5.03708931450065,4.07490514285595,-3.23902289868914,5.03708931450065,4.07490514285595,-3.23902289868914
"368","X164712.WGOM","FALL",2012,1.79122967362657,2.00619718464135,-1.05526144279761,1.79122967362657,2.00619718464135,-1.05526144279761
"369","X164712.WGOM","FALL",2013,1.38761269329512,1.6699514766924,0.245207671388908,1.38761269329512,1.6699514766924,0.245207671388908
"370","X164712.WGOM","FALL",2014,3.34445366674343,2.118307233771,0.410760904630941,3.34445366674343,2.118307233771,0.410760904630942
"371","X164712.WGOM","FALL",2015,1.51735993833321,2.36933066410933,0.20988627233814,1.51735993833321,2.36933066410934,0.209886272338143
"372","X164712.WGOM","FALL",2016,3.21711317520022,2.52814809220164,-0.0207834186915958,3.21711317520023,2.52814809220164,-0.0207834186915953
"373","X164712.WGOM","FALL",2018,2.07280655881375,1.81700112130547,-0.40888792031714,2.07280655881375,1.81700112130547,-0.408887920317142
"374","X164712.WGOM","FALL",2019,0.639351603080781,1.66675941447137,0.252970121622798,0.639351603080781,1.66675941447137,0.252970121622797
"375","X164712.WGOM","FALL",2021,3.3009789763568,3.1412684894957,0.6102684824294,3.3009789763568,3.1412684894957,0.6102684824294
"376","X164712.WGOM","FALL",2022,4.27611835034927,3.28325122418452,-0.425460497764892,4.27611835034927,3.28325122418452,-0.425460497764891
"377","X164712.WGOM","FALL",2023,1.8841169622067,2.343549356029,-1.30158389176993,1.8841169622067,2.343549356029,-1.30158389176993
"378","X164712.WGOM","FALL",2024,0.819143387025238,0.984802134197093,-1.26355120511767,0.819143387025238,0.984802134197093,-1.26355120511767
"379","X164727.UNIT","SPRING",2009,0.971791945467831,1.07283261330339,0.444370504377445,0.928649687740204,1.02520470146732,0.424642879636554
"380","X164727.UNIT","SPRING",2010,1.20884679612988,1.63186555789068,0.533183107655597,1.1551805970272,1.55941963486806,0.509512688124161
"381","X164727.UNIT","SPRING",2011,3.1488702759039,1.85817427433152,-0.221077951915448,3.00907762416659,1.77568147963413,-0.211263297632795
"382","X164727.UNIT","SPRING",2012,0.823324024817608,1.28928289364485,-0.676619292731294,0.786772932335637,1.23204577088328,-0.646581089547334
"383","X164727.UNIT","SPRING",2013,0.817111195240714,0.84428590064394,-0.114109998222104,0.78083591847843,0.806804215298373,-0.109044137185124
"384","X164727.UNIT","SPRING",2014,1.36900503589766,1.24821745078853,1.00986295705076,1.30822868519362,1.19280340952879,0.965030554224356
"385","X164727.UNIT","SPRING",2015,2.20750966239714,3.07939155667835,2.77997513812231,2.10950828336171,2.94268338081614,2.656559416841
"386","X164727.UNIT","SPRING",2016,4.78908332042144,6.78167445597387,4.47060750601603,4.57647416282111,6.48060512876963,4.27213693613416
"387","X164727.UNIT","SPRING",2018,20.0561704353733,11.7867178743716,-2.66233278897111,19.1657859472249,11.2634519400628,-2.54413974582626
"388","X164727.UNIT","SPRING",2019,0.696227468753228,6.82456315111796,-5.38098699205733,0.665318769587642,6.52158979996277,-5.14210054241857
"389","X164727.UNIT","SPRING",2021,0.499457087662077,0.977501414608206,-0.93293341400035,0.47728391932054,0.934105687616616,-0.891516262955593
"390","X164727.UNIT","SPRING",2022,1.43670018019259,0.642630602384164,0.0993849989752738,1.37291853460449,0.614101311519984,0.0949728475265534
"391","X164727.UNIT","SPRING",2024,0.625782675687773,0.612742358208078,-0.784500405459327,0.598001340802343,0.585539942236498,-0.74967286975315
"392","X164727.UNIT","FALL",2009,0.292368496320503,0.568797298832198,1.40184122452943,0.27938893101486,0.543545422756432,1.33960711021784
"393","X164727.UNIT","FALL",2010,1.88270524165318,1.89464712534055,1.16744186886092,1.79912340591214,1.81053471865409,1.11561397183659
"394","X164727.UNIT","FALL",2011,4.36915005336914,2.73884791730135,0.43854315543434,4.17518364056626,2.61725834694781,0.419075775009946
"395","X164727.UNIT","FALL",2012,1.5855594386867,3.07603292456119,0.622542907063648,1.51516925458884,2.93947686778842,0.594909375526616
"396","X164727.UNIT","FALL",2013,1.32234914131154,4.32787258196742,1.83835921030928,1.26364405764993,4.13574634826295,1.756750726829
"397","X164727.UNIT","FALL",2014,11.3353021453821,5.80057286408274,0.197640070263874,10.8320766053298,5.54306768355603,0.188860164460179
"398","X164727.UNIT","FALL",2015,2.78835602239209,4.50013971877392,-2.11211808094529,2.66456823559734,4.30034585851769,-2.01839285390548
"399","X164727.UNIT","FALL",2016,1.70153038167545,2.4556427265127,-1.78395815919282,1.62599172075118,2.34654428388134,-1.70485894786234
"400","X164727.UNIT","FALL",2018,0.554642283340131,0.50416914547984,-0.266207208069078,0.529572419617121,0.481553790527245,-0.2543557928643
"401","X164727.UNIT","FALL",2019,0.476861894432393,0.534279927045679,0.317327862726514,0.455691829331491,0.510418632346708,0.303348507966888
"402","X164727.UNIT","FALL",2021,0.598390389537353,2.05667976049233,1.09271167934408,0.571825122632689,1.96536534535009,1.04422965834911
"403","X164727.UNIT","FALL",2022,5.55892842796314,2.82614210255106,0.0133879318656815,5.31214234988635,2.70068246917476,0.0127981771957701
"404","X164727.UNIT","FALL",2023,0.985311052194639,1.93397472298232,-1.51437851933685,0.941568619924122,1.84812208646232,-1.4471521437955
"405","X164727.UNIT","FALL",2024,0.130417254874956,0.36407340721001,-1.34207994054144,0.124627440657843,0.347911779234082,-1.28250167183582
"406","X164730.NORTH","SPRING",2009,37.4265096452779,42.4308442068165,7.00524737767247,37.4265096452779,42.4308442068165,7.00524737767247
"407","X164730.NORTH","SPRING",2010,55.0085825951844,43.9760920114811,-2.71973493370944,55.0085825951844,43.9760920114811,-2.71973493370944
"408","X164730.NORTH","SPRING",2011,40.8247062803257,39.3814080086654,-5.27461623728801,40.8247062803257,39.3814080086654,-5.27461623728801
"409","X164730.NORTH","SPRING",2012,30.8147514203322,37.2390827343296,3.60717205140691,30.8147514203322,37.2390827343296,3.60717205140691
"410","X164730.NORTH","SPRING",2013,33.8680712855116,49.4973305513449,21.1936956596988,33.8680712855116,49.4973305513449,21.1936956596988
"411","X164730.NORTH","SPRING",2014,80.3572038427094,75.2115108237238,25.5353295779808,80.3572038427094,75.2115108237238,25.5353295779808
"412","X164730.NORTH","SPRING",2015,117.770366898741,92.8140987631963,6.61529066393231,117.770366898741,92.8140987631963,6.61529066393231
"413","X164730.NORTH","SPRING",2016,74.3666909073569,90.4063432718343,-6.41199488937852,74.3666909073569,90.4063432718343,-6.41199488937852
"414","X164730.NORTH","SPRING",2018,90.1593472697433,80.2851947117476,-4.38686777989566,90.1593472697433,80.2851947117476,-4.38686777989566
"415","X164730.NORTH","SPRING",2019,63.1379712529258,78.932315703627,4.71710233994945,63.1379712529258,78.932315703627,4.71710233994945
"416","X164730.NORTH","SPRING",2021,114.581655586757,107.977882167345,15.9221971669481,114.581655586757,107.977882167345,15.9221971669481
"417","X164730.NORTH","SPRING",2022,122.150113454378,120.634882171806,9.63003219035347,122.150113454378,120.634882171806,9.63003219035347
"418","X164730.NORTH","SPRING",2024,128.966842163303,130.645827476628,1.33383050798369,128.966842163303,130.645827476628,1.33383050798369
"419","X164730.NORTH","FALL",2009,37.7000083135452,36.1120894831902,0.33617004271975,37.7000083135452,36.1120894831902,0.33617004271975
"420","X164730.NORTH","FALL",2010,36.4395043772328,37.1163346118402,1.97624814471178,36.4395043772328,37.1163346118402,1.97624814471178
"421","X164730.NORTH","FALL",2011,45.0066930135152,40.6724416328767,5.43989382749271,45.0066930135152,40.6724416328767,5.43989382749271
"422","X164730.NORTH","FALL",2012,38.6091364221006,49.8013550976707,14.3192380028089,38.6091364221006,49.8013550976707,14.3192380028089
"423","X164730.NORTH","FALL",2013,63.1974046565968,69.1005612218226,22.5675129281095,63.1974046565968,69.1005612218226,22.5675129281095
"424","X164730.NORTH","FALL",2014,103.128521539774,89.8072645291967,15.4284385793309,103.128521539774,89.8072645291967,15.4284385793309
"425","X164730.NORTH","FALL",2015,106.042388323935,96.9644412672934,-0.689627109020725,106.042388323935,96.9644412672934,-0.689627109020725
"426","X164730.NORTH","FALL",2016,82.4993912507004,91.893773347038,-6.410403689724,82.4993912507004,91.893773347038,-6.410403689724
"427","X164730.NORTH","FALL",2018,86.0793388362327,88.5455718135148,4.39536653456812,86.0793388362327,88.5455718135148,4.39536653456812
"428","X164730.NORTH","FALL",2019,92.9203482711619,96.2610169924747,10.6542866278951,92.9203482711619,96.2610169924747,10.6542866278951
"429","X164730.NORTH","FALL",2021,127.170704331136,117.110402069244,4.85029585240639,127.170704331136,117.110402069244,4.85029585240639
"430","X164730.NORTH","FALL",2022,111.466166454064,118.012378001778,-1.53506426598739,111.466166454064,118.012378001778,-1.53506426598739
"431","X164730.NORTH","FALL",2023,118.624061054086,115.417920913722,-3.78748225502155,118.624061054086,115.417920913722,-3.78748225502155
"432","X164730.NORTH","FALL",2024,108.102032939521,110.17014880194,-6.84169431344004,108.102032939521,110.17014880194,-6.84169431344004
"433","X164730.SOUTH","SPRING",2009,29.6819385073487,29.1794700526532,-1.57639138099116,29.6819385073487,29.1794700526532,-1.57639138099116
"434","X164730.SOUTH","SPRING",2010,26.9455879299843,28.2036531972822,-0.53355618323024,26.9455879299843,28.2036531972822,-0.53355618323024
"435","X164730.SOUTH","SPRING",2011,26.1241128445371,27.7957299792336,-0.440604106346668,26.1241128445371,27.7957299792336,-0.440604106346668
"436","X164730.SOUTH","SPRING",2012,32.6006400830785,26.3564674587814,-3.24558460688559,32.6006400830785,26.3564674587814,-3.24558460688559
"437","X164730.SOUTH","SPRING",2013,16.6110052806879,21.736966100901,-4.75334910110874,16.6110052806879,21.736966100901,-4.75334910110874
"438","X164730.SOUTH","SPRING",2014,19.6491171136419,17.6649901074877,-3.81545104256045,19.6491171136419,17.6649901074877,-3.81545104256045
"439","X164730.SOUTH","SPRING",2015,14.2579333616711,13.9000548424633,-3.49558050396237,14.2579333616711,13.9000548424633,-3.49558050396237
"440","X164730.SOUTH","SPRING",2016,10.0372886811926,11.225915577488,-1.51945053158937,10.0372886811926,11.225915577488,-1.51945053158937
"441","X164730.SOUTH","SPRING",2018,8.65755884129175,13.7434310467763,3.83930181154124,8.65755884129175,13.7434310467763,3.83930181154124
"442","X164730.SOUTH","SPRING",2019,25.3894801085397,17.0715533973722,1.11432348492506,25.3894801085397,17.0715533973722,1.11432348492506
"443","X164730.SOUTH","SPRING",2021,8.60188132526715,11.6986158465371,-2.4552167553099,8.60188132526715,11.6986158465371,-2.4552167553099
"444","X164730.SOUTH","SPRING",2022,10.2041395649079,11.2416151247073,1.40778319485156,10.2041395649079,11.2416151247073,1.40778319485156
"445","X164730.SOUTH","SPRING",2024,20.9729108690841,19.9151317795494,6.73200499279514,20.9729108690841,19.9151317795494,6.73200499279514
"446","X164730.SOUTH","FALL",2009,25.4012946239956,32.5248896996482,8.90212511117729,25.4012946239956,32.5248896996482,8.90212511117729
"447","X164730.SOUTH","FALL",2010,49.826957233083,34.6627099051671,-3.23213143712324,49.826957233083,34.6627099051671,-3.23213143712324
"448","X164730.SOUTH","FALL",2011,22.9803933944693,28.8493333514342,-7.00026840732631,22.9803933944693,28.8493333514342,-7.00026840732631
"449","X164730.SOUTH","FALL",2012,19.0005635387718,22.9302582116402,-3.9641500141523,19.0005635387718,22.9302582116402,-3.9641500141523
"450","X164730.SOUTH","FALL",2013,19.5335059926724,21.2215521063043,-0.0264752714540766,19.5335059926724,21.2215521063043,-0.0264752714540766
"451","X164730.SOUTH","FALL",2014,29.2766532982493,21.3283272633685,-0.735741744846573,29.2766532982493,21.3283272633685,-0.735741744846573
"452","X164730.SOUTH","FALL",2015,15.5185742666312,20.0675476778532,-0.492571034513059,15.5185742666312,20.0675476778532,-0.492571034513059
"453","X164730.SOUTH","FALL",2016,19.6586788767447,21.6246607352175,3.59502629844591,19.6586788767447,21.6246607352175,3.59502629844591
"454","X164730.SOUTH","FALL",2018,29.5656176975073,32.2695956867494,4.72506504983427,29.5656176975073,32.2695956867494,4.72506504983427
"455","X164730.SOUTH","FALL",2019,44.6631001929281,34.1810719072612,-2.25457842354156,44.6631001929281,34.1810719072612,-2.25457842354156
"456","X164730.SOUTH","FALL",2021,9.38022264001202,20.7992097470967,-4.52659547559539,9.38022264001202,20.7992097470967,-4.52659547559539
"457","X164730.SOUTH","FALL",2022,28.8535694915849,19.1388829653662,-0.310301326757833,28.8535694915849,19.1388829653662,-0.310301326757833
"458","X164730.SOUTH","FALL",2023,11.7745794890815,19.3723831842929,1.48732109421533,11.7745794890815,19.3723831842929,1.48732109421533
"459","X164730.SOUTH","FALL",2024,27.0702755186736,23.5335638130052,7.54505949281338,27.0702755186736,23.5335638130052,7.54505949281338
"460","X164732.UNIT","SPRING",2009,14.1664610572008,14.1333461569352,-1.83227224363798,14.1664610572008,14.1333461569352,-1.83227224363798
"461","X164732.UNIT","SPRING",2010,12.1320527797841,12.4078190084808,-1.67838365348734,12.1320527797841,12.4078190084808,-1.67838365348734
"462","X164732.UNIT","SPRING",2011,11.1886336086424,10.6573756495272,-1.88210466463651,11.1886336086424,10.6573756495272,-1.88210466463651
"463","X164732.UNIT","SPRING",2012,9.31997653417636,8.67225491671505,-1.99988996326398,9.31997653417636,8.67225491671505,-1.99988996326398
"464","X164732.UNIT","SPRING",2013,5.55127832037043,7.04988324970507,-0.940812681774025,5.55127832037043,7.04988324970507,-0.940812681774025
"465","X164732.UNIT","SPRING",2014,7.15057869940811,6.91251995228822,0.483935797079605,7.15057869940811,6.91251995228822,0.483935797079605
"466","X164732.UNIT","SPRING",2015,7.73815150373185,7.73098201722225,1.04836579600714,7.73815150373185,7.73098201722225,1.04836579600714
"467","X164732.UNIT","SPRING",2016,9.10196500539103,8.80178201235893,0.990387199103984,9.10196500539103,8.80178201235893,0.990387199103984
"468","X164732.UNIT","SPRING",2018,9.9649226936323,10.0099781456867,0.198039384173638,9.9649226936323,10.0099781456867,0.198039384173638
"469","X164732.UNIT","SPRING",2019,10.1098870500058,9.9703468572804,-0.302058517296102,10.1098870500058,9.9703468572804,-0.302058517296102
"470","X164732.UNIT","SPRING",2021,8.84430969558031,8.48050635152702,-1.05627615363883,8.84430969558031,8.48050635152702,-1.05627615363883
"471","X164732.UNIT","SPRING",2022,6.80603727663851,7.40389229418058,-1.02736483178982,6.80603727663851,7.40389229418058,-1.02736483178982
"472","X164732.UNIT","SPRING",2024,6.53763747134378,6.38120508399826,0.283026138664453,6.53763747134378,6.38120508399826,0.283026138664453
"473","X164732.UNIT","FALL",2009,12.5159729125568,14.251433829007,2.56455707244537,12.5159729125568,14.251433829007,2.56455707244537
"474","X164732.UNIT","FALL",2010,17.9998220435679,15.556728597124,0.101202216049403,17.9998220435679,15.556728597124,0.101202216049403
"475","X164732.UNIT","FALL",2011,15.0581098933308,14.5641777656272,-2.0311341267823,15.0581098933308,14.5641777656272,-2.0311341267823
"476","X164732.UNIT","FALL",2012,12.0262295568187,11.9359553835025,-2.83898534978481,12.0262295568187,11.9359553835025,-2.83898534978481
"477","X164732.UNIT","FALL",2013,7.96753551277622,9.63431493009844,-1.40251298066477,7.96753551277622,9.63431493009844,-1.40251298066477
"478","X164732.UNIT","FALL",2014,8.16071297721111,9.38746292228086,0.803559888779034,8.16071297721111,9.38746292228086,0.803559888779034
"479","X164732.UNIT","FALL",2015,12.0086868385516,10.6736446825153,1.30626268279913,12.0086868385516,10.6736446825153,1.30626268279913
"480","X164732.UNIT","FALL",2016,12.2947194045787,11.4606533114491,0.190960547529088,12.2947194045787,11.4606533114491,0.190960547529088
"481","X164732.UNIT","FALL",2018,9.15635494548538,10.4610812365883,-0.53559498946108,9.15635494548538,10.4610812365883,-0.53559498946108
"482","X164732.UNIT","FALL",2019,10.9753323074668,10.0210358648085,-0.558510476866452,10.9753323074668,10.0210358648085,-0.558510476866452
"483","X164732.UNIT","FALL",2021,8.32328376723299,8.09355858447048,-1.10923531106531,8.32328376723299,8.09355858447048,-1.10923531106531
"484","X164732.UNIT","FALL",2022,5.70765851207487,7.14796861613208,-0.675416693639536,5.70765851207487,7.14796861613208,-0.675416693639536
"485","X164732.UNIT","FALL",2023,8.13964155736303,6.6529587157348,-0.510897520583573,8.13964155736303,6.6529587157348,-0.510897520583573
"486","X164732.UNIT","FALL",2024,5.24049895843147,5.73358474810783,-1.52414482809894,5.24049895843147,5.73358474810783,-1.52414482809894
"487","X164744.GBK","SPRING",2009,26.4377975569272,8.0988493913509,21.0700345994509,24.4689438993988,7.49432714104816,19.5044589956659
"488","X164744.GBK","SPRING",2010,31.5232013646619,37.0070971356546,41.2766663651601,29.1756317469517,34.2551137493849,38.2093855363387
"489","X164744.GBK","SPRING",2011,158.90229671228,99.7125930736784,88.664530986891,147.076167014109,92.2976408443879,82.0679399689984
"490","X164744.GBK","SPRING",2012,182.28979365245,242.055524173249,219.210490800058,168.744499447288,224.043540757741,202.884135612735
"491","X164744.GBK","SPRING",2013,81.8846142584832,565.318928359161,431.312511669325,75.7865714116475,523.228041718783,399.186720203248
"492","X164744.GBK","SPRING",2014,1648.86357812101,956.361992344044,198.458867035032,1526.07078195263,885.147446003937,183.680699312862
"493","X164744.GBK","SPRING",2015,879.469911590184,881.476191516936,-276.676190336126,813.989780049951,815.841694800739,-256.068558208827
"494","X164744.GBK","SPRING",2016,299.951704833467,545.472258519234,-324.423307164958,277.628214274215,504.861408597292,-300.264578697487
"495","X164744.GBK","SPRING",2018,179.403583739714,158.82759089725,-96.0983757571841,166.043189355157,147.002248478067,-88.945868796943
"496","X164744.GBK","SPRING",2019,81.6418527795172,92.6475618204833,-38.0168070927575,75.5618886635114,85.7480072555114,-35.1871980175144
"497","X164744.GBK","SPRING",2021,92.4357618699744,78.5456226937914,2.0645109202732,85.5519627391186,72.6957813350997,1.91113948301913
"498","X164744.GBK","SPRING",2022,81.3864041953663,74.2375771732601,-10.6857201210536,75.3254636337294,68.7088851854624,-9.88967732952074
"499","X164744.GBK","SPRING",2024,22.8653070365069,27.2940206124496,-36.2783090786284,21.1625009199082,25.2614592401621,-33.5767308046879
"500","X164744.GBK","FALL",2009,39.3948410213595,47.1820161713573,183.200646008859,36.4610612060916,43.6680893919882,169.557362672593
"501","X164744.GBK","FALL",2010,321.938569876516,185.871524225479,122.873937606318,297.963428625208,172.029050341571,113.723291704489
"502","X164744.GBK","FALL",2011,247.790398746989,350.321026397862,234.720634245383,229.33715838826,324.232137756798,217.241615603881
"503","X164744.GBK","FALL",2012,135.972936691749,693.653937808023,461.590766159781,125.846873310185,641.998483787509,427.218546217799
"504","X164744.GBK","FALL",2013,1990.09641092922,1129.18431052231,255.506153488847,1841.8916072176,1045.0984324757,236.483083681627
"505","X164744.GBK","FALL",2014,950.994667374011,1145.71490110733,-127.432490217259,880.175817261771,1060.40119876695,-117.942736005997
"506","X164744.GBK","FALL",2015,630.778515085329,1007.9988965997,-109.332434387655,583.803702457995,932.931514835627,-101.212892577856
"507","X164744.GBK","FALL",2016,1284.98617751787,895.679427225074,-185.344193878874,1189.31711931899,828.93364206681,-171.608363782984
"508","X164744.GBK","FALL",2018,135.781590661069,290.256753322475,-251.32079505309,125.358171892743,268.483050243586,-232.587156494123
"509","X164744.GBK","FALL",2019,43.2122407092664,146.710269491321,-38.0719748217049,39.9941746813668,135.685907796856,-35.1637198337488
"510","X164744.GBK","FALL",2021,443.096853475266,225.219560206832,-12.4415278772481,410.098913358447,208.440227834939,-11.494742632519
"511","X164744.GBK","FALL",2022,68.6472571339118,153.719895466388,-99.2564551421023,63.5350157304301,142.275894573014,-91.861171942781
"512","X164744.GBK","FALL",2023,16.906561778744,61.4142199041607,-81.9486724623564,15.6475103799792,56.8443029743398,-75.8483441781546
"513","X164744.GBK","FALL",2024,19.9647150286748,-3.36500241833431,-44.2035486626381,18.4779193861453,-3.11345963046968,-40.9135139550515
"514","X164744.GOM","SPRING",2009,2.07000539736853,1.30076253433019,-0.983407695114457,2.07000539736853,1.30076253433019,-0.983407695114457
"515","X164744.GOM","SPRING",2010,1.4855520252013,0.0746680280554775,-0.86041220351405,1.4855520252013,0.0746680280554775,-0.86041220351405
"516","X164744.GOM","SPRING",2011,2.31932037285972,0.796676355143902,2.91279797161181,2.31932037285972,0.796676355143902,2.91279797161181
"517","X164744.GOM","SPRING",2012,5.04869071381047,7.73146273813977,12.1796044473197,5.04869071381047,7.73146273813977,12.1796044473197
"518","X164744.GOM","SPRING",2013,27.8352433455085,26.7014137136004,26.082996314479,27.8352433455085,26.7014137136004,26.082996314479
"519","X164744.GOM","SPRING",2014,21.9256885116594,60.9186787229548,43.0500582492093,21.9256885116594,60.9186787229548,43.0500582492093
"520","X164744.GOM","SPRING",2015,156.373169477372,101.589216135087,26.3801779531445,156.373169477372,101.589216135087,26.3801779531445
"521","X164744.GOM","SPRING",2016,93.5816818743465,107.575009471137,-8.60177781723993,93.5816818743465,107.575009471137,-8.60177781723993
"522","X164744.GOM","SPRING",2018,69.510621613915,65.3968288891579,-28.5021998595192,69.510621613915,65.3968288891579,-28.5021998595192
"523","X164744.GOM","SPRING",2019,29.229505275164,38.4146679020031,-22.7726299107713,29.229505275164,38.4146679020031,-22.7726299107713
"524","X164744.GOM","SPRING",2021,9.13385011053959,16.4879139759116,-1.14291762839963,9.13385011053959,16.4879139759116,-1.14291762839963
"525","X164744.GOM","SPRING",2022,28.1719083940962,17.7909391973315,2.27907806027574,28.1719083940962,17.7909391973315,2.27907806027574
"526","X164744.GOM","SPRING",2024,6.70762709275327,8.61462654174097,-17.3349507597214,6.70762709275327,8.61462654174097,-17.3349507597214
"527","X164744.GOM","FALL",2009,3.71223878773066,1.166227723628,1.8503479564165,3.71223878773066,1.166227723628,1.8503479564165
"528","X164744.GOM","FALL",2010,5.78119113247428,2.83570845222494,2.89247337809876,5.78119113247428,2.83570845222494,2.89247337809876
"529","X164744.GOM","FALL",2011,7.97719017746819,9.75889423446829,12.3577580637093,7.97719017746819,9.75889423446829,12.3577580637093
"530","X164744.GOM","FALL",2012,10.4938875084299,30.0727928100289,29.3877474404758,10.4938875084299,30.0727928100289,29.3877474404758
"531","X164744.GOM","FALL",2013,80.6672505329477,65.0637711484484,36.0058829163278,80.6672505329477,65.0637711484484,36.0058829163278
"532","X164744.GOM","FALL",2014,91.6569593239824,97.4230897979166,28.6396118578762,91.6569593239824,97.4230897979166,28.6396118578762
"533","X164744.GOM","FALL",2015,120.336742331663,120.52984768717,15.8338992683323,120.336742331663,120.52984768717,15.8338992683323
"534","X164744.GOM","FALL",2016,141.429005933711,125.556271256458,-7.57566455558249,141.429005933711,125.556271256458,-7.57566455558249
"535","X164744.GOM","FALL",2018,70.8921463196057,75.072354529814,-31.7811448774094,70.8921463196057,75.072354529814,-31.7811448774094
"536","X164744.GOM","FALL",2019,39.11749833666,47.1607681017562,-22.4664299191367,39.11749833666,47.1607681017562,-22.4664299191367
"537","X164744.GOM","FALL",2021,21.510824948742,24.3814764239218,-3.27758681545958,21.510824948742,24.3814764239218,-3.27758681545958
"538","X164744.GOM","FALL",2022,28.3305353578557,22.093827365232,-2.88144052849795,28.3305353578557,22.093827365232,-2.88144052849795
"539","X164744.GOM","FALL",2023,18.2145334331337,17.3172017395677,-6.38947512361086,18.2145334331337,17.3172017395677,-6.38947512361086
"540","X164744.GOM","FALL",2024,8.19177546268008,9.87954831645003,-8.20349612340456,8.19177546268008,9.87954831645003,-8.20349612340456
"541","X164791.NORTH","SPRING",2009,298.755379231027,505.700525911023,616.336675369951,298.755379231027,505.700525911023,616.336675369951
"542","X164791.NORTH","SPRING",2010,1370.68941973351,886.517024808308,201.838297453719,1370.68941973351,886.517024808308,201.838297453719
"543","X164791.NORTH","SPRING",2011,558.899919826898,1022.46107087666,126.591769712085,558.899919826898,1022.46107087666,126.591769712085
"544","X164791.NORTH","SPRING",2012,1430.75077446025,1144.87049912965,66.8550466619639,1430.75077446025,1144.87049912965,66.8550466619639
"545","X164791.NORTH","SPRING",2013,991.890411797003,1134.60226124577,-57.5883852526194,991.890411797003,1134.60226124577,-57.5883852526194
"546","X164791.NORTH","SPRING",2014,1215.66882103091,1046.18660700859,-132.553182014672,1215.66882103091,1046.18660700859,-132.553182014672
"547","X164791.NORTH","SPRING",2015,792.32729799756,896.821602244675,-125.540863691968,792.32729799756,896.821602244675,-125.540863691968
"548","X164791.NORTH","SPRING",2016,723.60091473834,842.942719443708,24.984974087911,723.60091473834,842.942719443708,24.984974087911
"549","X164791.NORTH","SPRING",2018,1254.03995590976,983.655481439088,-11.0322709562607,1254.03995590976,983.655481439088,-11.0322709562607
"550","X164791.NORTH","SPRING",2019,727.847116202318,925.937098902996,-47.0162502869131,727.847116202318,925.937098902996,-47.0162502869131
"551","X164791.NORTH","SPRING",2021,912.653827689877,1019.25620548807,97.8304082950646,912.653827689877,1019.25620548807,97.8304082950646
"552","X164791.NORTH","SPRING",2022,1291.83512242542,1102.01666713498,48.2876151377947,1291.83512242542,1102.01666713498,48.2876151377947
"553","X164791.NORTH","SPRING",2024,769.874515633258,827.86571304262,-400.050168673986,769.874515633258,827.86571304262,-400.050168673986
"554","X164791.NORTH","FALL",2009,533.000451988622,592.688321512973,232.432126235483,533.000451988622,592.688321512973,232.432126235483
"555","X164791.NORTH","FALL",2010,931.978571627266,752.007364576615,109.920849990736,931.978571627266,752.007364576615,109.920849990736
"556","X164791.NORTH","FALL",2011,558.545507524549,859.959801692317,129.698914339604,558.545507524549,859.959801692317,129.698914339604
"557","X164791.NORTH","FALL",2012,1258.52071916697,985.834013578454,72.7634396563679,1258.52071916697,985.834013578454,72.7634396563679
"558","X164791.NORTH","FALL",2013,937.804447504335,981.810821944359,-55.1996122089488,937.804447504335,981.810821944359,-55.1996122089488
"559","X164791.NORTH","FALL",2014,886.644785055946,914.966267704512,-64.5682284424016,886.644785055946,914.966267704512,-64.5682284424016
"560","X164791.NORTH","FALL",2015,770.041077786785,872.080356472778,-15.7188704361864,770.041077786785,872.080356472778,-15.7188704361864
"561","X164791.NORTH","FALL",2016,999.970862243337,865.161643471443,-21.9701625120584,999.970862243337,865.161643471443,-21.9701625120584
"562","X164791.NORTH","FALL",2018,824.245163751027,785.400710336712,2.10503823461441,824.245163751027,785.400710336712,2.10503823461441
"563","X164791.NORTH","FALL",2019,708.714905838827,864.796079168492,183.035373196479,708.714905838827,864.796079168492,183.035373196479
"564","X164791.NORTH","FALL",2021,1112.47918594,1598.28461801285,474.182705609114,1112.47918594,1598.28461801285,474.182705609114
"565","X164791.NORTH","FALL",2022,2829.23117303084,1931.59142190526,35.9710123849113,2829.23117303084,1931.59142190526,35.9710123849113
"566","X164791.NORTH","FALL",2023,1442.40928862184,1603.90214389237,-601.214177510184,1442.40928862184,1603.90214389237,-601.214177510184
"567","X164791.NORTH","FALL",2024,724.331272874668,909.433848685877,-697.587022002316,724.331272874668,909.433848685877,-697.587022002316
"568","X164791.SOUTH","SPRING",2009,101.307798994716,141.569113301391,104.428342833317,101.307798994716,141.569113301391,104.428342833317
"569","X164791.SOUTH","SPRING",2010,275.323172565593,210.356440730783,36.6945939074499,275.323172565593,210.356440730783,36.6945939074499
"570","X164791.SOUTH","SPRING",2011,194.900078485409,222.054864880258,-9.74946372651494,194.900078485409,222.054864880258,-9.74946372651494
"571","X164791.SOUTH","SPRING",2012,232.117207374846,194.803082092735,-44.356814915535,232.117207374846,194.803082092735,-44.356814915535
"572","X164791.SOUTH","SPRING",2013,89.0076463962551,144.690844359474,-44.9153381736971,89.0076463962551,144.690844359474,-44.9153381736971
"573","X164791.SOUTH","SPRING",2014,153.047269905063,109.278659631733,-32.5550997726803,153.047269905063,109.278659631733,-32.5550997726803
"574","X164791.SOUTH","SPRING",2015,54.4027785803965,80.3365855711893,-17.9270391004374,54.4027785803965,80.3365855711893,-17.9270391004374
"575","X164791.SOUTH","SPRING",2016,66.1662313262729,79.8461615401854,15.9657618997858,66.1662313262729,79.8461615401854,15.9657618997858
"576","X164791.SOUTH","SPRING",2018,143.187211908037,130.844699225146,13.6147691435778,143.187211908037,130.844699225146,13.6147691435778
"577","X164791.SOUTH","SPRING",2019,154.672513883164,126.104892104475,-24.7977064789183,154.672513883164,126.104892104475,-24.7977064789183
"578","X164791.SOUTH","SPRING",2021,48.8156009794657,56.2018219459702,-11.7367473754282,48.8156009794657,56.2018219459702,-11.7367473754282
"579","X164791.SOUTH","SPRING",2022,34.7558574900165,73.4726344601316,46.9942302893492,34.7558574900165,73.4726344601316,46.9942302893492
"580","X164791.SOUTH","SPRING",2024,316.801492720997,294.945060766759,177.341627559671,316.801492720997,294.945060766759,177.341627559671
"581","X164791.SOUTH","FALL",2009,115.728596513082,134.687297007864,59.5508691476636,115.728596513082,134.687297007864,59.5508691476636
"582","X164791.SOUTH","FALL",2010,218.24174058003,175.493040244484,26.3151815412214,218.24174058003,175.493040244484,26.3151815412214
"583","X164791.SOUTH","FALL",2011,148.397537886814,195.826788521596,18.6068792286477,148.397537886814,195.826788521596,18.6068792286477
"584","X164791.SOUTH","FALL",2012,201.446467532599,210.843427772043,5.3084641268657,201.446467532599,210.843427772043,5.3084641268657
"585","X164791.SOUTH","FALL",2013,296.224424415362,190.614027696179,-55.479018212362,296.224424415362,190.614027696179,-55.479018212362
"586","X164791.SOUTH","FALL",2014,63.7916690745228,111.147196610305,-82.4810847626326,63.7916690745228,111.147196610305,-82.4810847626326
"587","X164791.SOUTH","FALL",2015,17.8056258435523,53.8883891259415,-24.7735584478198,17.8056258435523,53.8883891259415,-24.7735584478198
"588","X164791.SOUTH","FALL",2016,50.1720467376652,65.7146367236188,45.2776388938538,50.1720467376652,65.7146367236188,45.2776388938538
"589","X164791.SOUTH","FALL",2018,179.104706684594,216.805363228445,75.4748588758209,179.104706684594,216.805363228445,75.4748588758209
"590","X164791.SOUTH","FALL",2019,406.801898760457,258.317022601022,-11.2103730780413,406.801898760457,258.317022601022,-11.2103730780413
"591","X164791.SOUTH","FALL",2021,35.0186376628085,148.216467675088,0.231644563162016,35.0186376628085,148.216467675088,0.231644563162016
"592","X164791.SOUTH","FALL",2022,71.0427449688648,213.091433059898,116.959732809514,71.0427449688648,213.091433059898,116.959732809514
"593","X164791.SOUTH","FALL",2023,621.156992910454,337.517583500105,99.8327716738326,621.156992910454,337.517583500105,99.8327716738326
"594","X164791.SOUTH","FALL",2024,235.86696780921,348.637383613428,-109.652967844253,235.86696780921,348.637383613428,-109.652967844253
"595","X164793.UNIT","SPRING",2009,2.06017344896598,2.52693012647169,1.06029344565831,2.06017344896598,2.52693012647169,1.06029344565831
"596","X164793.UNIT","SPRING",2010,3.74284675249109,3.27254751425097,0.399958260473938,3.74284675249109,3.27254751425097,0.399958260473938
"597","X164793.UNIT","SPRING",2011,3.91297548912648,3.26488050856693,-0.446275341268349,3.91297548912648,3.26488050856693,-0.446275341268349
"598","X164793.UNIT","SPRING",2012,2.31882318714088,2.56827528792356,-0.727673574382798,2.31882318714088,2.56827528792356,-0.727673574382798
"599","X164793.UNIT","SPRING",2013,1.25460033456979,2.15649478078924,0.0318124554664856,1.25460033456979,2.15649478078924,0.0318124554664856
"600","X164793.UNIT","SPRING",2014,2.88578739241684,2.59870138531168,0.691702044681229,2.88578739241684,2.59870138531168,0.691702044681229
"601","X164793.UNIT","SPRING",2015,3.15415666593934,3.31002098189572,0.661957969128043,3.15415666593934,3.31002098189572,0.661957969128043
"602","X164793.UNIT","SPRING",2016,4.58738817368536,3.7348624617644,0.0689493081647493,4.58738817368536,3.7348624617644,0.0689493081647493
"603","X164793.UNIT","SPRING",2018,2.13659175212743,3.22214466385248,0.0423603950995779,2.13659175212743,3.22214466385248,0.0423603950995779
"604","X164793.UNIT","SPRING",2019,4.20597861662666,3.53574296292512,0.394700709402861,4.20597861662666,3.53574296292512,0.394700709402861
"605","X164793.UNIT","SPRING",2021,3.57418676282774,4.01007775466215,0.140166935425043,3.57418676282774,4.01007775466215,0.140166935425043
"606","X164793.UNIT","SPRING",2022,4.62368172230708,4.07982399616211,-0.0528613426738997,4.62368172230708,4.07982399616211,-0.0528613426738997
"607","X164793.UNIT","SPRING",2024,2.68074041748491,2.85742829113352,-1.3782819233498,2.68074041748491,2.85742829113352,-1.3782819233498
"608","X164793.UNIT","FALL",2009,7.34504327587461,6.68726809948725,-2.76590147174073,7.34504327587461,6.68726809948725,-2.76590147174073
"609","X164793.UNIT","FALL",2010,3.64019201396465,4.32316902211204,-1.9279492085533,3.64019201396465,4.32316902211204,-1.9279492085533
"610","X164793.UNIT","FALL",2011,2.67401265546585,2.90006463129342,-0.883912098627547,2.67401265546585,2.90006463129342,-0.883912098627547
"611","X164793.UNIT","FALL",2012,2.4275583678813,2.50609954088645,0.0123891593867242,2.4275583678813,2.50609954088645,0.0123891593867242
"612","X164793.UNIT","FALL",2013,2.58084224307222,2.74915000134963,0.381611571249275,2.58084224307222,2.74915000134963,0.381611571249275
"613","X164793.UNIT","FALL",2014,4.38271874318132,3.03280785543732,0.0412894992687922,4.38271874318132,3.03280785543732,0.0412894992687922
"614","X164793.UNIT","FALL",2015,2.30427667466725,2.93312252364717,0.00514799856817133,2.30427667466725,2.93312252364717,0.00514799856817133
"615","X164793.UNIT","FALL",2016,2.31256818677722,3.35315050971626,0.89914646929533,2.31256818677722,3.35315050971626,0.89914646929533
"616","X164793.UNIT","FALL",2018,7.76372827114699,5.43893108725903,0.243663969820388,7.76372827114699,5.43893108725903,0.243663969820388
"617","X164793.UNIT","FALL",2019,3.35540766601207,5.24613137226284,-0.194628855940332,3.35540766601207,5.24613137226284,-0.194628855940332
"618","X164793.UNIT","FALL",2021,5.35988071859772,5.70232254118135,0.207933659401812,5.35988071859772,5.70232254118135,0.207933659401812
"619","X164793.UNIT","FALL",2022,6.73590806604117,5.4706929754732,-0.879231870670826,6.73590806604117,5.4706929754732,-0.879231870670826
"620","X164793.UNIT","FALL",2023,3.80060368026766,3.88610504771049,-2.13965865713108,3.80060368026766,3.88610504771049,-2.13965865713108
"621","X164793.UNIT","FALL",2024,1.03822096152447,1.49194631665808,-2.49837347725023,1.03822096152447,1.49194631665808,-2.49837347725023
"622","X166774.UNIT","SPRING",2009,249.759894549678,235.265813206908,-48.9499526507109,249.759894549678,235.265813206908,-48.9499526507109
"623","X166774.UNIT","SPRING",2010,169.660778752144,202.405157501553,-20.434146602289,169.660778752144,202.405157501553,-20.434146602289
"624","X166774.UNIT","SPRING",2011,212.01009103265,187.071944317747,-13.8950676076146,212.01009103265,187.071944317747,-13.8950676076146
"625","X166774.UNIT","SPRING",2012,169.603682615708,172.514841081509,-13.6565322273843,169.603682615708,172.514841081509,-13.6565322273843
"626","X166774.UNIT","SPRING",2013,146.006026176008,162.702823012368,-4.58616739898639,146.006026176008,162.702823012368,-4.58616739898639
"627","X166774.UNIT","SPRING",2014,189.68127568105,160.504704057807,-4.02920924777614,189.68127568105,160.504704057807,-4.02920924777614
"628","X166774.UNIT","SPRING",2015,100.807018462534,155.690042611862,-0.335336811426089,100.807018462534,155.690042611862,-0.335336811426089
"629","X166774.UNIT","SPRING",2016,217.284273973017,152.61618636825,-18.2949965751912,217.284273973017,152.61618636825,-18.2949965751912
"630","X166774.UNIT","SPRING",2018,41.2707467865696,72.4769554717878,-28.2113307323657,41.2707467865696,72.4769554717878,-28.2113307323657
"631","X166774.UNIT","SPRING",2019,56.4016987602431,65.4384708691145,12.5616135043258,56.4016987602431,65.4384708691145,12.5616135043258
"632","X166774.UNIT","SPRING",2021,134.067737884194,124.669773414097,27.6690266402101,134.067737884194,124.669773414097,27.6690266402101
"633","X166774.UNIT","SPRING",2022,154.047368105641,141.808937423253,6.55308226341224,154.047368105641,141.808937423253,6.55308226341224
"634","X166774.UNIT","SPRING",2024,104.46120214764,111.89614559082,-36.6907505546062,104.46120214764,111.89614559082,-36.6907505546062
"635","X166774.UNIT","FALL",2009,322.121942160685,350.708084961743,38.8974061325866,322.121942160685,350.708084961743,38.8974061325868
"636","X166774.UNIT","FALL",2010,412.929684657533,367.139975559982,-3.8633973213778,412.929684657533,367.139975559983,-3.86339732137754
"637","X166774.UNIT","FALL",2011,311.904380691722,347.321745548448,-33.6028350869598,311.904380691723,347.321745548449,-33.6028350869598
"638","X166774.UNIT","FALL",2012,380.587408643467,297.60064695926,-70.3432481329509,380.587408643467,297.60064695926,-70.343248132951
"639","X166774.UNIT","FALL",2013,142.206501257134,220.606577204437,-65.1696774132714,142.206501257134,220.606577204437,-65.1696774132713
"640","X166774.UNIT","FALL",2014,177.310062096454,181.861376030844,-16.1958549992097,177.310062096455,181.861376030845,-16.1958549992096
"641","X166774.UNIT","FALL",2015,192.328951885236,179.083273941364,5.3831876208919,192.328951885236,179.083273941365,5.38318762089198
"642","X166774.UNIT","FALL",2016,182.017862670213,185.955934862223,6.94678100977878,182.017862670214,185.955934862224,6.94678100977872
"643","X166774.UNIT","FALL",2018,223.026302972051,173.9794130887,-29.1758784355861,223.026302972051,173.9794130887,-29.1758784355863
"644","X166774.UNIT","FALL",2019,87.514186338237,139.715033708285,-27.7212846695182,87.514186338237,139.715033708285,-27.7212846695184
"645","X166774.UNIT","FALL",2021,115.159103148615,128.608458274212,2.43332545468262,115.159103148615,128.608458274212,2.43332545468266
"646","X166774.UNIT","FALL",2022,185.67587652235,121.334888806094,-23.5899740091955,185.67587652235,121.334888806094,-23.5899740091955
"647","X166774.UNIT","FALL",2023,33.9650914476864,83.0478355706789,-44.755297528499,33.9650914476864,83.0478355706789,-44.755297528499
"648","X166774.UNIT","FALL",2024,58.4978536402587,48.2819636153695,-16.5476114489832,58.4978536402587,48.2819636153695,-16.5476114489833
"649","X167687.NORTH","SPRING",2009,1.77401190981466,1.42376179542445,-0.282779640014772,1.92144751645303,2.4764593044919,1.45534327961176
"650","X167687.NORTH","SPRING",2010,1.13489762189554,1.3179504391521,0.137714361434888,4.72134509032457,3.23458647277329,0.260549719700617
"651","X167687.NORTH","SPRING",2011,1.03745610988926,1.83230538622387,0.95755296667347,2.28060966905172,3.3968360693923,0.263588136286992
"652","X167687.NORTH","SPRING",2012,4.19671974820719,3.09334830743469,1.35826737671899,4.04693113679378,3.92895981224458,0.7682177535653
"653","X167687.NORTH","SPRING",2013,2.1018062238979,4.49732074785234,1.604423611336,3.59342671279267,4.87211584850471,1.08938018678904
"654","X167687.NORTH","SPRING",2014,9.95492823243431,5.83585629755819,0.451562148307539,9.29848115358108,5.64581470434674,0.0248261755849839
"655","X167687.NORTH","SPRING",2015,1.68934483157773,5.49127939177919,-0.428796272785603,1.58455632736199,5.23506087547123,-0.0998498082294212
"656","X167687.NORTH","SPRING",2016,8.0810617961735,5.16869924101984,-0.737848226780167,7.29673503495512,5.75453617019977,0.700737454891798
"657","X167687.NORTH","SPRING",2018,0.34693444457306,3.37435154830582,0.657679462625076,6.02398983304608,6.69297724624355,0.519788269544945
"658","X167687.NORTH","SPRING",2019,7.13444558361215,5.0630382555186,2.11618507761767,8.71825616512513,7.16973444131679,0.224368856171824
"659","X167687.NORTH","SPRING",2021,13.6264276343713,10.1400214173389,3.73512559505091,12.463576478431,9.3167355104088,3.69525509795663
"660","X167687.NORTH","SPRING",2022,9.2719168977156,15.3577822102298,7.19755042607641,8.43436814254958,15.6881169144455,9.52644529197328
"661","X167687.NORTH","SPRING",2024,45.8836588229458,43.6378948192703,23.071179924346,56.1367241417902,53.1085140324168,29.8097021534241
"662","X167687.NORTH","FALL",2009,2.79718749598076,2.59838975720831,-0.597980914494906,2.84767703672754,2.61883856245225,-0.67457899930606
"663","X167687.NORTH","FALL",2010,2.08545935100513,2.04523138216052,-0.441870276449658,1.9553228530144,2.03498433156951,-0.445264575543379
"664","X167687.NORTH","FALL",2011,1.59317519113213,1.84758032261102,0.11303371650168,1.6803962823966,1.82403918519755,0.0712391697154951
"665","X167687.NORTH","FALL",2012,1.68442872576742,2.33398756941698,0.856003972212327,1.6450388846195,2.22562337024154,0.732225012697478
"666","X167687.NORTH","FALL",2013,3.15986321719335,3.36391541161472,1.01195566166009,2.9177129576435,3.12332992027715,0.897732984733382
"667","X167687.NORTH","FALL",2014,6.07962327540114,3.91550908715524,-0.15926206563791,5.52346221091455,3.63046681491295,-0.108626617616775
"668","X167687.NORTH","FALL",2015,2.40799420126889,3.16826372332751,-0.961862463970071,2.35939435992708,3.00160424589673,-0.828403537407551
"669","X167687.NORTH","FALL",2016,1.47076202051604,2.51949953851178,-0.181316724412201,1.53321631885637,2.43004580185331,-0.179022271931943
"670","X167687.NORTH","FALL",2018,4.84449630413573,3.45708647801991,0.52542057478115,4.39025472099322,3.19882586211426,0.454760132537681
"671","X167687.NORTH","FALL",2019,2.94671864578683,3.96785963333095,0.749906308426873,2.7792380753419,3.66488676891019,0.699998503936434
"672","X167687.NORTH","FALL",2021,5.28793428472211,7.07357917138832,2.17293923882876,4.96235764896652,6.58397070197539,2.0654800516794
"673","X167687.NORTH","FALL",2022,12.6925602243058,8.93737185687231,1.02689683929531,11.9881298491786,8.4063898438346,1.11013096837011
"674","X167687.NORTH","FALL",2023,7.02522062187533,9.00484342943949,-0.486733821856437,6.51533374617931,8.73089166709753,-0.065241029793415
"675","X167687.NORTH","FALL",2024,8.93203775973483,8.77434395776844,0.430954750818821,9.44404249992332,9.06768036834945,1.13470472434808
"676","X167687.SOUTH","SPRING",2009,2.71552674813765,3.42604850731203,2.37331129722168,2.42472445994149,3.21001719879864,2.49332458739841
"677","X167687.SOUTH","SPRING",2010,7.44396187151776,4.56809574468413,0.414301833653112,7.39469796650718,4.41000681832572,0.413747363888136
"678","X167687.SOUTH","SPRING",2011,2.0313127922848,5.26168948687946,1.47640430686817,2.27904505582137,5.0516973510397,1.37672641377221
"679","X167687.SOUTH","SPRING",2012,4.26592155020026,7.73277274891476,3.1741119515661,3.84466806220096,7.53986943264007,3.46893482396606
"680","X167687.SOUTH","SPRING",2013,19.214726518922,9.839178129681,-0.44038618472796,17.1830461095922,10.4644194304025,0.985700528452051
"681","X167687.SOUTH","SPRING",2014,2.73282710280374,6.9424135520149,-3.78364480335385,8.87514847988699,8.91272625592793,-3.29316646791068
"682","X167687.SOUTH","SPRING",2015,3.95875296080707,4.04559830835344,-1.80577406583934,3.54405160628845,5.4530703722905,-2.84708183114542
"683","X167687.SOUTH","SPRING",2016,0.902075521757337,3.71131936576794,1.31345850797035,1.53818096377307,4.15991801117442,0.42306905823181
"684","X167687.SOUTH","SPRING",2018,13.3364760242554,7.7951855499136,-0.14907729543787,12.0545843301435,7.05127054089395,-0.266136059217249
"685","X167687.SOUTH","SPRING",2019,3.48245859664937,6.13802650480016,-2.11807486490264,3.16662793347004,5.48396210571954,-1.94653725969776
"686","X167687.SOUTH","SPRING",2021,5.86476388523897,6.02974250529165,2.90122351034818,5.13261269885589,5.3713470088699,2.63872242030008
"687","X167687.SOUTH","SPRING",2022,9.17234214622951,10.8032243104428,6.59459931722892,8.34541752107542,9.70064156619088,5.96052371827434
"688","X167687.SOUTH","SPRING",2024,31.8353525957607,30.6632036005087,13.0608168419359,28.4606308384598,27.4344899337426,11.5359527450072
"689","X167687.SOUTH","FALL",2009,17.6659128395938,14.2413274189436,-8.54869791328742,16.4236754528366,13.4456273587448,-7.58019949747962
"690","X167687.SOUTH","FALL",2010,3.27968079223366,8.21217930844323,-3.6438284253877,3.8645626851219,8.01253697885418,-3.37056276280093
"691","X167687.SOUTH","FALL",2011,3.31477286893814,6.68521033281953,0.455660356465969,3.26592931191615,6.5353388321441,0.331584968881353
"692","X167687.SOUTH","FALL",2012,16.8352330446846,7.50219696679019,-0.308760025435279,15.6300917065391,7.24343905640771,-0.263070880063897
"693","X167687.SOUTH","FALL",2013,0.838797201098336,5.88658665324641,-1.61649129344424,1.32867694805195,5.81776192281202,-1.432032176622
"694","X167687.SOUTH","FALL",2014,3.52576677311188,5.39839544409018,0.463320631112179,3.73283578263841,5.37455761391541,0.384555259075002
"695","X167687.SOUTH","FALL",2015,10.397861825807,5.92706190717406,-0.115365469221531,9.85852956254272,5.79756099025885,-0.166791657337494
"696","X167687.SOUTH","FALL",2016,4.79717552591286,5.03597167563373,-1.08913005959539,4.65127734107997,4.95368132290884,-0.980017502744746
"697","X167687.SOUTH","FALL",2018,1.98582712402945,8.45120702431725,6.54182292979873,2.32107456140351,8.24685004687512,6.0901634129928
"698","X167687.SOUTH","FALL",2019,18.6953598839012,17.0733554856165,9.34696813581178,17.8464479380269,16.2121240366376,8.58521702465606
"699","X167687.SOUTH","FALL",2021,39.2661338013087,26.1550554289338,-3.81001399169683,36.2372216051492,24.5857912423614,-3.33948422676145
"700","X167687.SOUTH","FALL",2022,7.35298829742006,19.2807530852551,-7.05507416636351,7.78459728867624,18.484002948774,-6.29927030851309
"701","X167687.SOUTH","FALL",2023,15.0560720119423,14.4209275167051,-3.17207307953531,14.8480196229209,14.0893875837379,-2.95264551505678
"702","X167687.SOUTH","FALL",2024,13.1802609665736,11.9216147085869,-2.33404864549978,12.6590618591934,11.6533417316651,-2.38213128258648
"703","X167687.UNIT","SPRING",2009,2.20857753262627,2.342322302599,0.941736168969169,2.15734816122628,2.28834854818784,0.920313820723409
"704","X167687.UNIT","SPRING",2010,4.0559894673228,2.8052113291576,0.259696105820336,3.96215384252091,2.74103027882404,0.254030510300778
"705","X167687.UNIT","SPRING",2011,1.49761098161098,3.41302295758426,1.23158137270527,1.46296363765168,3.334371308293,1.20163241838895
"706","X167687.UNIT","SPRING",2012,4.22876012876013,5.30882411430008,2.32481675878602,4.13092744156593,5.18305519673685,2.26551456988186
"707","X167687.UNIT","SPRING",2013,10.0250750237417,7.2141279436388,0.872466550314273,9.79314415061751,7.03655638088452,0.84286451985818
"708","X167687.UNIT","SPRING",2014,7.56228229739144,6.74335654183591,-1.51108567743562,7.3456484962406,6.57003402122228,-1.47603617585828
"709","X167687.UNIT","SPRING",2015,2.74007903207903,5.06123410989658,-1.28680534179846,2.67668709527713,4.93368940820503,-1.24732073446354
"710","X167687.UNIT","SPRING",2016,4.75719672919673,4.54973613161615,0.0774458139701977,4.64713862106156,4.44213697539089,0.081627976218277
"711","X167687.UNIT","SPRING",2018,6.3610821030821,5.40604771734264,0.324415308682917,6.21391798483975,5.28158689226143,0.314733890038367
"712","X167687.UNIT","SPRING",2019,5.44357844624511,5.61023493730997,0.242826516163009,5.31764084488376,5.47754298989254,0.232440072321998
"713","X167687.UNIT","SPRING",2021,10.3678371956553,8.41849684587363,3.33172646830558,10.109175900331,8.21354876713717,3.25563703764489
"714","X167687.UNIT","SPRING",2022,9.2258138651472,13.3595680131577,6.8128172702766,9.01237395971434,13.0442995113205,6.66112541638793
"715","X167687.UNIT","SPRING",2024,39.379303955304,37.6210038138505,18.4982241464726,38.4682607633332,36.7511806209075,18.0667995558633
"716","X167687.UNIT","FALL",2009,9.68139577706244,7.98906084802014,-4.27915670722255,9.45741594944847,7.80423331769888,-4.18015809135275
"717","X167687.UNIT","FALL",2010,2.63838295038295,4.90052348030608,-1.924374411484,2.57734376016551,4.78714949688339,-1.8798538631174
"718","X167687.UNIT","FALL",2011,2.39027357827358,4.08739925849529,0.271669584583985,2.33497441724967,3.99283696578577,0.265384488082997
"719","X167687.UNIT","FALL",2012,8.69923935323935,4.72686450469807,0.316719146324017,8.49798178918773,4.61750813488357,0.309391824785963
"720","X167687.UNIT","FALL",2013,2.08521145521146,4.53191023637268,-0.205013236247886,2.03696992960587,4.427064148383,-0.200270239435157
"721","X167687.UNIT","FALL",2014,4.8971896991897,4.60208431821227,0.128993239210146,4.78389284304668,4.4956147475022,0.126008970810532
"722","X167687.UNIT","FALL",2015,6.1072967032967,4.44558513886014,-0.569935013130321,5.96600392957985,4.34273618856681,-0.556749523255549
"723","X167687.UNIT","FALL",2016,3.01088888888889,3.68462418269844,-0.601633593230354,2.94123174545344,3.59938012200026,-0.587714754294157
"724","X167687.UNIT","FALL",2018,3.52093469493469,5.76936041052003,3.31101019040499,3.43947760298521,5.63588581863807,3.23440971783345
"725","X167687.UNIT","FALL",2019,10.2383273023273,10.0356940299587,4.73033925458237,10.0014628215193,9.80351748531805,4.62090249616503
"726","X167687.UNIT","FALL",2021,21.0198142598143,15.90828785231,-0.597163458145284,20.5335192582665,15.5402484029533,-0.58334803612425
"727","X167687.UNIT","FALL",2022,10.2203425710092,13.7263493287983,-2.71504945662697,9.98389416832809,13.4087891931289,-2.65223658095675
"728","X167687.UNIT","FALL",2023,10.7434985754986,11.5124861535419,-1.73004381165104,10.4949469188653,11.2461439108058,-1.69001911649125
"729","X167687.UNIT","FALL",2024,10.8989618036285,10.2315278699656,-0.849239673266877,10.6468134933888,9.99482069454242,-0.829592448837528
"730","X168546.UNIT","SPRING",2009,0.00561061869624067,0.0111274122074952,0.0177820350252004,0.00561061869624067,0.0111274122074952,0.0177820350252004
"731","X168546.UNIT","SPRING",2010,0.0295946037556776,0.0201602684917442,0.00170472784560221,0.0295946037556776,0.0201602684917442,0.00170472784560221
"732","X168546.UNIT","SPRING",2012,0.0061666521398065,0.0113098140560174,-0.0048709810721104,0.0061666521398065,0.0113098140560174,-0.0048709810721104
"733","X168546.UNIT","SPRING",2013,0.00959135942357419,0.0087610767371956,-0.000523473489730293,0.00959135942357419,0.0087610767371956,-0.000523473489730293
"734","X168546.UNIT","SPRING",2014,0.00980078701426463,0.00970463959616694,0.0021493516514803,0.00980078701426463,0.00970463959616694,0.0021493516514803
"735","X168546.UNIT","SPRING",2015,0.012333304279613,0.0126718862585433,0.00365849544785221,0.012333304279613,0.0126718862585433,0.00365849544785221
"736","X168546.UNIT","SPRING",2018,0.0222333594816816,0.0206331397787214,-0.00104954505569322,0.0222333594816816,0.0206331397787214,-0.00104954505569322
"737","X168546.UNIT","SPRING",2019,0.0181912606409251,0.0178592054038423,-0.00408876361868006,0.0181912606409251,0.0178592054038423,-0.00408876361868006
"738","X168546.UNIT","SPRING",2021,0.0124174870808344,0.0115936415903121,0.000589719853897056,0.0124174870808344,0.0115936415903121,0.000589719853897056
"739","X168546.UNIT","SPRING",2022,0.011483482959993,0.0156791453736083,0.00783256073738977,0.011483482959993,0.0156791453736083,0.00783256073738977
"740","X168546.UNIT","SPRING",2024,0.051425084982132,0.049347770961096,0.0268411569488759,0.051425084982132,0.049347770961096,0.0268411569488759
"741","X168546.UNIT","FALL",2009,0.012686306981609,0.0117093909438776,-0.00404677035548661,0.012686306981609,0.0117093909438776,-0.00404677035548661
"742","X168546.UNIT","FALL",2010,0.0073999825677678,0.00828696567702965,-0.0027085067908241,0.0073999825677678,0.00828696567702965,-0.0027085067908241
"743","X168546.UNIT","FALL",2011,0.00512434992300764,0.00647152413699997,-0.000832802901849996,0.00512434992300764,0.00647152413699997,-0.000832802901849996
"744","X168546.UNIT","FALL",2012,0.0119556059153375,0.00628871806010948,4.49755474635816e-05,0.0119556059153375,0.00628871806010948,4.49755474635816e-05
"745","X168546.UNIT","FALL",2013,0.000435805804933322,0.00756753289780744,0.00394092699441808,0.000435805804933322,0.00756753289780744,0.00394092699441808
"746","X168546.UNIT","FALL",2015,0.021721287660885,0.0247753881230362,0.00974915880259518,0.021721287660885,0.0247753881230362,0.00974915880259518
"747","X168546.UNIT","FALL",2016,0.04256006856678,0.0314694765615843,0.00177021682957127,0.04256006856678,0.0314694765615843,0.00177021682957127
"748","X168546.UNIT","FALL",2018,0.0129363343862052,0.0216140559662153,-0.00473821884438282,0.0129363343862052,0.0216140559662153,-0.00473821884438282
"749","X168546.UNIT","FALL",2019,0.0275102414364159,0.0192799494080187,-0.00106433700275376,0.0275102414364159,0.0192799494080187,-0.00106433700275376
"750","X168546.UNIT","FALL",2021,0.0092971905052442,0.0309002637029928,0.0192882917985697,0.0092971905052442,0.0309002637029928,0.0192882917985697
"751","X168546.UNIT","FALL",2022,0.0521804817106831,0.0540841682670385,0.0209342425190357,0.0521804817106831,0.0540841682670385,0.0209342425190357
"752","X168546.UNIT","FALL",2023,0.107610933330013,0.0635936716637126,-0.00494503799255294,0.107610933330013,0.0635936716637126,-0.00494503799255294
"753","X168546.UNIT","FALL",2024,0.0127570043677426,0.0381344877482018,-0.049003132105334,0.0127570043677426,0.0381344877482018,-0.049003132105334
"754","X168559.UNIT","FALL",2009,11.0723376094482,10.5150530687262,-2.62940239311593,11.0723376094482,10.5150530687262,-2.62940239311593
"755","X168559.UNIT","FALL",2010,7.03314498065567,8.50286036518984,-1.56850877642956,7.03314498065567,8.50286036518984,-1.56850877642956
"756","X168559.UNIT","FALL",2011,8.43924862553451,7.03098399092176,-1.54876973457928,8.43924862553451,7.03098399092176,-1.54876973457928
"757","X168559.UNIT","FALL",2012,5.17329973528813,5.35076108570157,-1.69271012371812,5.17329973528813,5.35076108570157,-1.69271012371812
"758","X168559.UNIT","FALL",2013,3.04642638973732,3.86275311155272,-1.18508240865535,3.04642638973732,3.86275311155272,-1.18508240865535
"759","X168559.UNIT","FALL",2014,3.9109142740786,2.93352600312262,-0.818665489397315,3.9109142740786,2.93352600312262,-0.818665489397315
"760","X168559.UNIT","FALL",2015,1.51466096518021,2.21881813894905,-0.472060551566388,1.51466096518021,2.21881813894905,-0.472060551566388
"761","X168559.UNIT","FALL",2016,1.9411626959886,2.06319324513406,0.0959094216971687,1.9411626959886,2.06319324513406,0.0959094216971687
"762","X168559.UNIT","FALL",2018,3.31256363266137,2.20176095731874,-0.357233221663178,3.31256363266137,2.20176095731874,-0.357233221663178
"763","X168559.UNIT","FALL",2019,0.941890653634698,1.65168066966876,-0.522570124670473,0.941890653634698,1.65168066966876,-0.522570124670473
"764","X168559.UNIT","FALL",2021,1.2932956627978,1.72223445551925,0.655236144225055,1.2932956627978,1.72223445551925,0.655236144225055
"765","X168559.UNIT","FALL",2022,3.0127876196294,2.61157423530564,1.0165113084071,3.0127876196294,2.61157423530564,1.0165113084071
"766","X168559.UNIT","FALL",2023,3.57826817348809,3.65153112071926,1.0666086177466,3.57826817348809,3.65153112071926,1.0666086177466
"767","X168559.UNIT","FALL",2024,4.79793321115862,4.7512037814517,1.13594285904471,4.79793321115862,4.7512037814517,1.13594285904471
"768","X169182.BIG","SPRING",2009,10.6341699298666,12.7596831000398,12.8129658021762,10.1942337365957,12.2376297148791,12.289519391679
"769","X169182.BIG","SPRING",2010,28.2635372821218,23.080459991742,8.46290402105133,27.0971995873995,22.1402627212854,8.1189539723976
"770","X169182.BIG","SPRING",2011,23.6859038570503,30.9541232217885,7.91873847886455,22.7084691422696,29.6819523622021,7.56763266069972
"771","X169182.BIG","SPRING",2012,52.130611326002,38.2860228736793,5.47883070930217,49.9793626542055,36.6570839976151,5.16097921379268
"772","X169182.BIG","SPRING",2013,27.4868330673697,43.734247577129,8.5063117499482,26.3525472490376,41.7519451251224,7.99842877289048
"773","X169182.BIG","SPRING",2014,74.4264353992057,56.2569757140316,14.408780811962,70.6606303895332,53.6469474355349,13.8148960084048
"774","X169182.BIG","SPRING",2015,18.7800548983557,74.1525379723676,25.1134361879199,18.0050674748684,70.9167240055336,24.2363238347241
"775","X169182.BIG","SPRING",2016,163.43269265979,96.061259976242,4.55032722298986,156.688394941625,92.0530478893121,4.45811001403054
"776","X169182.BIG","SPRING",2018,13.4126967986077,39.9046675340434,-30.3113923538304,12.8592015404614,38.2707558058486,-29.0768025761557
"777","X169182.BIG","SPRING",2019,19.5359193956845,22.8703320343844,-4.5614373806299,18.7297400783257,21.9137357500748,-4.40642650846708
"778","X169182.BIG","SPRING",2021,36.6435667523965,42.2944751260739,14.9216106310201,35.0181733072358,40.4877573735121,14.3110763036272
"779","X169182.BIG","SPRING",2022,72.003971385786,53.6760376450432,6.22868167292988,69.0326183962905,51.4233698297806,6.00733792973555
"780","X169182.BIG","SPRING",2024,19.7623148132088,26.1678847988805,-40.1881654550474,18.9467929458806,25.091219433028,-38.5507310431855
"781","X169182.BIG","FALL",2009,215.859006047781,199.123132721893,-58.5602811738324,206.951257064143,190.890935623705,-56.1660237203409
"782","X169182.BIG","FALL",2010,128.695917624639,152.909603149584,-34.5474746065994,123.330119000947,146.576377919465,-33.1185789810351
"783","X169182.BIG","FALL",2011,139.265151107796,128.666790237065,-14.6188478542524,133.518163613737,123.342803075842,-14.0040579991089
"784","X169182.BIG","FALL",2012,163.292036751158,123.495648783644,4.78100292578707,156.553543412204,118.395199261394,4.59127500325828
"785","X169182.BIG","FALL",2013,63.5680364514674,151.213032426612,63.1335627197428,60.9448051003185,144.97325448429,60.530312211421
"786","X169182.BIG","FALL",2014,165.793618825019,249.318393937756,120.15298165758,158.951893911048,239.030883432553,115.194528664534
"787","X169182.BIG","FALL",2015,586.899478480076,341.622724461152,27.4835867535596,562.680182150271,327.525698883727,26.3489063287568
"788","X169182.BIG","FALL",2016,190.485299681229,301.057292165195,-74.8706339895027,182.624635140516,288.633843025261,-71.7812752014377
"789","X169182.BIG","FALL",2018,203.168908710886,163.894134583276,-54.8806997187265,194.784835823626,157.130743523425,-52.6159458524405
"790","X169182.BIG","FALL",2019,43.8551780992468,132.823712933011,5.99378301369736,42.0454277196201,127.34251510943,5.74646528967977
"791","X169182.BIG","FALL",2021,240.436681559664,245.423263208633,56.2754968671126,230.514697552575,235.295500246682,53.953207188713
"792","X169182.BIG","FALL",2022,386.322180087228,263.695462540267,-32.5571214065681,370.380009917748,252.81367123042,-31.2136024068265
"793","X169182.BIG","FALL",2023,112.509313640463,184.562963297704,-108.627910973627,107.866446323597,176.946693899963,-104.145216601563
"794","X169182.BIG","FALL",2024,78.2549201820116,80.5995728028735,-82.218903911102,75.0256123181477,77.273509332341,-78.8260168811582
"795","X169182.UNIT","SPRING",2009,10.6341699298666,12.7596831000398,12.8129658021762,10.1942337365957,12.2376297148791,12.289519391679
"796","X169182.UNIT","SPRING",2010,28.2635372821218,23.080459991742,8.46290402105133,27.0971995873995,22.1402627212854,8.1189539723976
"797","X169182.UNIT","SPRING",2011,23.6859038570503,30.9541232217885,7.91873847886455,22.7084691422696,29.6819523622021,7.56763266069972
"798","X169182.UNIT","SPRING",2012,52.130611326002,38.2860228736793,5.47883070930217,49.9793626542055,36.6570839976151,5.16097921379268
"799","X169182.UNIT","SPRING",2013,27.4868330673697,43.734247577129,8.5063117499482,26.3525472490376,41.7519451251224,7.99842877289048
"800","X169182.UNIT","SPRING",2014,74.4264353992057,56.2569757140316,14.408780811962,70.6606303895332,53.6469474355349,13.8148960084048
"801","X169182.UNIT","SPRING",2015,18.7800548983557,74.1525379723676,25.1134361879199,18.0050674748684,70.9167240055336,24.2363238347241
"802","X169182.UNIT","SPRING",2016,163.43269265979,96.061259976242,4.55032722298986,156.688394941625,92.0530478893121,4.45811001403054
"803","X169182.UNIT","SPRING",2018,13.4126967986077,39.9046675340434,-30.3113923538304,12.8592015404614,38.2707558058486,-29.0768025761557
"804","X169182.UNIT","SPRING",2019,19.5359193956845,22.8703320343844,-4.5614373806299,18.7297400783257,21.9137357500748,-4.40642650846708
"805","X169182.UNIT","SPRING",2021,36.6435667523965,42.2944751260739,14.9216106310201,35.0181733072358,40.4877573735121,14.3110763036272
"806","X169182.UNIT","SPRING",2022,72.003971385786,53.6760376450432,6.22868167292988,69.0326183962905,51.4233698297806,6.00733792973555
"807","X169182.UNIT","SPRING",2024,19.7623148132088,26.1678847988805,-40.1881654550474,18.9467929458806,25.091219433028,-38.5507310431855
"808","X169182.UNIT","FALL",2009,215.859006047781,199.123132721893,-58.5602811738324,206.951257064143,190.890935623705,-56.1660237203409
"809","X169182.UNIT","FALL",2010,128.695917624639,152.909603149584,-34.5474746065994,123.330119000947,146.576377919465,-33.1185789810351
"810","X169182.UNIT","FALL",2011,139.265151107796,128.666790237065,-14.6188478542524,133.518163613737,123.342803075842,-14.0040579991089
"811","X169182.UNIT","FALL",2012,163.292036751158,123.495648783644,4.78100292578707,156.553543412204,118.395199261394,4.59127500325828
"812","X169182.UNIT","FALL",2013,63.5680364514674,151.213032426612,63.1335627197428,60.9448051003185,144.97325448429,60.530312211421
"813","X169182.UNIT","FALL",2014,165.793618825019,249.318393937756,120.15298165758,158.951893911048,239.030883432553,115.194528664534
"814","X169182.UNIT","FALL",2015,586.899478480076,341.622724461152,27.4835867535596,562.680182150271,327.525698883727,26.3489063287568
"815","X169182.UNIT","FALL",2016,190.485299681229,301.057292165195,-74.8706339895027,182.624635140516,288.633843025261,-71.7812752014377
"816","X169182.UNIT","FALL",2018,203.168908710886,163.894134583276,-54.8806997187265,194.784835823626,157.130743523425,-52.6159458524405
"817","X169182.UNIT","FALL",2019,43.8551780992468,132.823712933011,5.99378301369736,42.0454277196201,127.34251510943,5.74646528967977
"818","X169182.UNIT","FALL",2021,240.436681559664,245.423263208633,56.2754968671126,230.514697552575,235.295500246682,53.953207188713
"819","X169182.UNIT","FALL",2022,386.322180087228,263.695462540267,-32.5571214065681,370.380009917748,252.81367123042,-31.2136024068265
"820","X169182.UNIT","FALL",2023,112.509313640463,184.562963297704,-108.627910973627,107.866446323597,176.946693899963,-104.145216601563
"821","X169182.UNIT","FALL",2024,78.2549201820116,80.5995728028735,-82.218903911102,75.0256123181477,77.273509332341,-78.8260168811582
"822","X171341.UNIT","SPRING",2009,0.149162380015107,0.13565840057718,-0.0544901919300854,0.142161563562417,0.130124972934177,-0.04945577313033
"823","X171341.UNIT","SPRING",2010,0.083825402338775,0.0864463515043404,-0.0402367546903623,0.08430499871262,0.0846965617438513,-0.0376098691645556
"824","X171341.UNIT","SPRING",2011,0.0143619826843168,0.0625791942469164,-0.003800408299255,0.0136879145670112,0.062487594776599,-0.00301688468418268
"825","X171341.UNIT","SPRING",2012,0.12197650933323,0.070425862055051,0.00737691953951425,0.122872451294123,0.0704359927521853,0.00689570092628824
"826","X171341.UNIT","SPRING",2013,0.0566076918977232,0.0698248555069269,-0.00397028607877052,0.0539508553632951,0.0692031107908245,-0.00441937097829372
"827","X171341.UNIT","SPRING",2014,0.0636071552622438,0.067413115486692,-0.000534014929509302,0.0639322102475448,0.0665479853871255,-0.000882239108292528
"828","X171341.UNIT","SPRING",2015,0.0636684915948549,0.0681711855577067,0.00114533594914728,0.0627891131440622,0.0666128592094477,0.000177572667333301
"829","X171341.UNIT","SPRING",2016,0.0787937555478368,0.0664300774259571,-0.00699644304928465,0.0750956339426932,0.0639910286042668,-0.00749892190961678
"830","X171341.UNIT","SPRING",2018,0.0378314229477828,0.0350824137482396,-0.017780157909661,0.0360558355096186,0.033382506425685,-0.0170053807759235
"831","X171341.UNIT","SPRING",2019,0.00555748523792984,0.0219743939269658,-0.00599611196848427,0.00529664913377717,0.0208815924641484,-0.00569353023596705
"832","X171341.UNIT","SPRING",2021,0.0449635290031261,0.0270009409331221,0.000428689211819339,0.0428532018979659,0.0257224898964898,0.000427805346942083
"833","X171341.UNIT","SPRING",2022,0.012393385048821,0.0228356218493656,-0.00701405864786808,0.0118117114797514,0.0217650103004784,-0.00667841663662087
"834","X171341.UNIT","SPRING",2024,0.0194489929814695,0.0183557710747536,0.00951528279911291,0.0185361701233257,0.0174966036929263,0.00906740163844471
"835","X171341.UNIT","FALL",2009,0.169910141124104,0.167486698494809,-0.0353553351668969,0.161935545174777,0.159545636998875,-0.0336716305738424
"836","X171341.UNIT","FALL",2010,0.119736791324148,0.143075550608015,-0.0198122643521811,0.114117041232942,0.13631841682716,-0.0187853096893466
"837","X171341.UNIT","FALL",2011,0.173980162865192,0.115171562299465,-0.0423410160104094,0.165814543715746,0.109970017780663,-0.0399139883234083
"838","X171341.UNIT","FALL",2012,0.0254637669972856,0.0665669840232498,-0.0403493713604775,0.0242686455536347,0.0642937783291045,-0.037632652511188
"839","X171341.UNIT","FALL",2013,0.0326116321253522,0.0478585298374338,0.00179940406622518,0.0343914370839004,0.0470600981148934,0.00171483937085219
"840","X171341.UNIT","FALL",2014,0.0634116600598018,0.061665092828342,0.0184460815108534,0.0604354847467364,0.0596203729553319,0.0167530789064616
"841","X171341.UNIT","FALL",2015,0.114858140778599,0.0707689786307888,-0.00685238372957387,0.109467366230709,0.0676418547727948,-0.00698188502299438
"842","X171341.UNIT","FALL",2016,0.0189157114738914,0.0521763934579765,-0.0195026447036544,0.0180279177548093,0.0496614380542305,-0.0187023435177882
"843","X171341.UNIT","FALL",2018,0.0517926749257072,0.0346216413100674,-0.00716700357766342,0.0493618273439512,0.0329488511261622,-0.00677354955076996
"844","X171341.UNIT","FALL",2019,0.0111149704758597,0.027660064437445,-0.00279846164398155,0.0105932982675543,0.0263572505778751,-0.00263742142970862
"845","X171341.UNIT","FALL",2022,0.0594882482343406,0.0503131209010344,0.00388756849483053,0.0566962151028065,0.0479572107148184,0.00369557529233807
"846","X171341.UNIT","FALL",2024,0.0181445276964554,0.0220638112521099,-0.0383648473844412,0.0172929288683142,0.0210273248239718,-0.0365551587662955
"847","X172414.UNIT","SPRING",2009,83.7521150765921,72.6616687640279,-31.5165441401863,83.7521150765921,72.6616687640279,-31.5165441401863
"848","X172414.UNIT","SPRING",2010,25.9841491926788,54.7476993108036,-8.05951835398749,25.9841491926788,54.7476993108036,-8.05951835398749
"849","X172414.UNIT","SPRING",2011,73.478401874027,49.0463848806026,-7.09123409413965,73.478401874027,49.0463848806026,-7.09123409413965
"850","X172414.UNIT","SPRING",2012,40.285306223462,38.4754356429274,-12.3923362730825,40.285306223462,38.4754356429274,-12.3923362730825
"851","X172414.UNIT","SPRING",2013,21.1654230113358,28.8314168850914,-3.98432480006401,21.1654230113358,28.8314168850914,-3.98432480006401
"852","X172414.UNIT","SPRING",2014,3.45958855394831,33.6710242631606,13.916401334038,3.45958855394831,33.6710242631606,13.916401334038
"853","X172414.UNIT","SPRING",2015,98.1914194322766,47.4571544439696,4.19593214054652,98.1914194322766,47.4571544439696,4.19593214054652
"854","X172414.UNIT","SPRING",2016,20.3032667724946,39.5099999850762,-13.1832027304773,20.3032667724946,39.5099999850762,-13.1832027304773
"855","X172414.UNIT","SPRING",2018,18.7182939692525,25.7706693749043,2.41542943315241,18.7182939692525,25.7706693749043,2.41542943315241
"856","X172414.UNIT","SPRING",2019,32.8840003264404,32.5150146413215,9.27385090740435,32.8840003264404,32.5150146413215,9.27385090740435
"857","X172414.UNIT","SPRING",2021,72.4492462216439,45.5493510493112,-0.456388100242731,72.4492462216439,45.5493510493112,-0.456388100242731
"858","X172414.UNIT","SPRING",2022,13.2241275262301,43.0972534837334,-0.848301543715162,13.2241275262301,43.0972534837334,-0.848301543715162
"859","X172414.UNIT","SPRING",2024,98.447634874674,91.0099003301265,63.1589703388992,98.447634874674,91.0099003301265,63.1589703388992
"860","X172414.UNIT","FALL",2009,0.96403252801018,1.63421148312548,2.35777076147748,0.96403252801018,1.63421148312548,2.35777076147748
"861","X172414.UNIT","FALL",2010,4.16178128300066,3.63515202228779,1.57064260912004,4.16178128300066,3.63515202228779,1.57064260912004
"862","X172414.UNIT","FALL",2011,4.79099417003419,4.62856128591138,0.342708210400034,4.79099417003419,4.62856128591138,0.342708210400034
"863","X172414.UNIT","FALL",2012,6.4306727509133,4.26110011216757,-1.06363118108085,6.4306727509133,4.26110011216757,-1.06363118108085
"864","X172414.UNIT","FALL",2013,0.477132898943724,3.14414135899272,-0.541443266832585,0.477132898943724,3.14414135899272,-0.541443266832585
"865","X172414.UNIT","FALL",2014,2.94344610257299,3.6690864356709,1.4533632189212,2.94344610257299,3.6690864356709,1.4533632189212
"866","X172414.UNIT","FALL",2015,5.18028935934014,5.56780936032461,1.99899439514345,5.18028935934014,5.56780936032461,1.99899439514345
"867","X172414.UNIT","FALL",2016,10.1284282426312,6.85461378198577,0.107241239449584,10.1284282426312,6.85461378198577,0.107241239449584
"868","X172414.UNIT","FALL",2018,1.76289690238811,4.46472102505301,-0.505448832416619,1.76289690238811,4.46472102505301,-0.505448832416619
"869","X172414.UNIT","FALL",2019,14.1355955886946,4.88498281572284,0.931091681834996,14.1355955886946,4.88498281572284,0.931091681834996
"870","X172414.UNIT","FALL",2021,13.3951323379848,27.7049855119549,32.1759223621904,13.3951323379848,27.7049855119549,32.1759223621904
"871","X172414.UNIT","FALL",2022,10.1951269051685,71.789616621381,52.3755824229635,10.1951269051685,71.789616621381,52.3755824229635
"872","X172414.UNIT","FALL",2023,241.379283321961,116.878827263076,25.8432731993188,241.379283321961,116.878827263076,25.8432731993188
"873","X172414.UNIT","FALL",2024,42.7300283838137,99.5570316978031,-72.4464299909723,42.7300283838137,99.5570316978031,-72.4464299909723
"874","X172567.UNIT","SPRING",2009,92.4709720089387,85.9712728804376,-16.592576291517,92.4709720089387,85.9712728804376,-16.592576291517
"875","X172567.UNIT","SPRING",2010,70.2390203547947,72.1429727172018,-9.44834814222344,70.2390203547947,72.1429727172018,-9.44834814222344
"876","X172567.UNIT","SPRING",2011,39.0027031855631,70.3059283814531,7.38993536345704,39.0027031855631,70.3059283814531,7.38993536345704
"877","X172567.UNIT","SPRING",2012,135.576737505406,79.8702491213091,3.07043590071722,135.576737505406,79.8702491213091,3.07043590071722
"878","X172567.UNIT","SPRING",2013,27.5435872791961,77.1616004277825,0.895337172662273,27.5435872791961,77.1616004277825,0.895337172662273
"879","X172567.UNIT","SPRING",2014,121.822661624771,84.3784202898192,6.87272891416386,121.822661624771,84.3784202898192,6.87272891416386
"880","X172567.UNIT","SPRING",2015,53.1788162058201,89.6724902698615,9.14641669691928,53.1788162058201,89.6724902698615,9.14641669691928
"881","X172567.UNIT","SPRING",2016,123.886902328333,101.776323272478,8.73531324613649,123.886902328333,101.776323272478,8.73531324613649
"882","X172567.UNIT","SPRING",2018,101.645547868619,86.3905374655278,-21.1603935653819,101.645547868619,86.3905374655278,-21.1603935653819
"883","X172567.UNIT","SPRING",2019,79.8278889442777,66.1582573098491,-13.1226557491717,79.8278889442777,66.1582573098491,-13.1226557491717
"884","X172567.UNIT","SPRING",2021,72.9440981449819,168.140851080558,152.636931347786,72.9440981449819,168.140851080558,152.636931347786
"885","X172567.UNIT","SPRING",2022,434.965393071922,376.840334714873,251.235930062206,434.965393071922,376.840334714873,251.235930062206
"886","X172567.UNIT","SPRING",2024,892.849619655717,887.144710247189,204.964022035556,892.849619655717,887.144710247189,204.964022035556
"887","X172567.UNIT","FALL",2009,236.098151533257,229.328106000853,-33.2033414731425,236.098151533257,229.328106000853,-33.2033414731425
"888","X172567.UNIT","FALL",2010,159.981975090904,215.241919514327,-5.58285015912665,159.981975090904,215.241919514327,-5.58285015912665
"889","X172567.UNIT","FALL",2011,316.078662725812,196.934768364165,-41.6452708004145,316.078662725812,196.934768364165,-41.6452708004145
"890","X172567.UNIT","FALL",2012,85.0756683551639,140.806686392311,-51.1417660052632,85.0756683551639,140.806686392311,-51.1417660052632
"891","X172567.UNIT","FALL",2013,80.5712838770274,118.664428485675,11.4013151859982,80.5712838770274,118.664428485675,11.4013151859982
"892","X172567.UNIT","FALL",2014,123.015655385029,161.409303556516,67.3443567538869,123.015655385029,161.409303556516,67.3443567538869
"893","X172567.UNIT","FALL",2015,360.64296649449,228.871614683177,49.8428163909603,360.64296649449,228.871614683177,49.8428163909603
"894","X172567.UNIT","FALL",2016,145.751165362673,263.612115467801,39.8928134161264,145.751165362673,263.612115467801,39.8928134161264
"895","X172567.UNIT","FALL",2018,551.424432691263,334.912365042746,-23.6491342085172,551.424432691263,334.912365042746,-23.6491342085172
"896","X172567.UNIT","FALL",2019,65.6717599025157,303.004469113033,8.75249530955645,65.6717599025157,303.004469113033,8.75249530955645
"897","X172567.UNIT","FALL",2021,429.008618155506,517.8175983655,125.555614860115,429.008618155506,517.8175983655,125.555614860115
"898","X172567.UNIT","FALL",2022,943.645480415345,570.44919678685,-62.0384500317224,943.645480415345,570.44919678685,-62.0384500317224
"899","X172567.UNIT","FALL",2023,159.182154924295,399.660005754403,-231.874592566516,159.182154924295,399.660005754403,-231.874592566516
"900","X172567.UNIT","FALL",2024,226.595293201202,202.030690587127,-115.718698301381,226.595293201202,202.030690587127,-115.718698301381
"901","X172735.BIG","SPRING",2009,5.14756830261886,5.4327783560048,0.961376113044125,4.94047210994732,5.23877487163034,0.976508608336397
"902","X172735.BIG","SPRING",2010,6.33912989319007,6.28209019495724,0.659591955598153,6.18315770233327,6.08448865116064,0.643644329086734
"903","X172735.BIG","SPRING",2011,7.23822639758336,6.59665104867589,-0.108125857423448,6.99147906684622,6.38351428652886,-0.116867679987747
"904","X172735.BIG","SPRING",2012,6.04454792253638,6.1228642006086,-0.704766508950266,5.82427941439957,5.9132819811569,-0.689793619146969
"905","X172735.BIG","SPRING",2013,5.23308284186273,5.42984939023122,-0.573213082109502,5.04750677671238,5.24048076264301,-0.553058415081951
"906","X172735.BIG","SPRING",2014,3.92383030907693,5.12924977617783,0.0167755640959566,3.79910769071143,4.95086597579429,0.0147792633869681
"907","X172735.BIG","SPRING",2015,7.37903808658137,5.16329153476892,-0.293562740661215,7.12447211963233,4.97957225014136,-0.288784175970875
"908","X172735.BIG","SPRING",2016,3.25626739524101,4.5681878083968,-0.525710504794186,3.11615976183733,4.40343200176997,-0.501944481576434
"909","X172735.BIG","SPRING",2018,4.58857832878855,4.86057070606794,0.609340498361504,4.45749635878141,4.71290811040499,0.596607914124581
"910","X172735.BIG","SPRING",2019,5.92924111703996,5.45087180178541,0.425024217718368,5.76691365302847,5.28125538976873,0.398297417981958
"911","X172735.BIG","SPRING",2021,5.734874449368,5.23905738222275,-0.544741358072335,5.47594554083658,5.05761202251285,-0.50838171084229
"912","X172735.BIG","SPRING",2022,3.91171615093709,4.6097969736553,-0.624930075016543,3.85680009613588,4.48619119895082,-0.555998572592102
"913","X172735.BIG","SPRING",2024,4.60260874510668,4.44345076637828,0.813981403923663,4.52600663318287,4.3774194219223,0.761072250322242
"914","X172735.BIG","FALL",2009,5.47337975755123,4.98711276680642,-1.38787188212661,5.2378762833369,4.77214237114373,-1.32873248238671
"915","X172735.BIG","FALL",2010,3.05690935034952,4.04698661821286,-0.577315504110369,2.92395948349896,3.87225784853917,-0.552391563485101
"916","X172735.BIG","FALL",2011,4.30458491998063,3.66261158048597,-0.276369660393267,4.11937125884055,3.50464924284815,-0.26418064855964
"917","X172735.BIG","FALL",2012,3.37870424894333,3.43298381777375,-0.159214255633895,3.23332851690662,3.28516371788235,-0.152168234246784
"918","X172735.BIG","FALL",2013,2.84059778730018,3.3963712319231,0.114505637240224,2.71837519771432,3.25024198033213,0.109631797998744
"919","X172735.BIG","FALL",2014,4.27376128268544,3.55329484856657,0.0621247990514406,4.08987387223369,3.40043259244595,0.0594476659425858
"920","X172735.BIG","FALL",2015,3.2112787597124,3.45538247965684,-0.185971090244762,3.07310685531647,3.30672181589784,-0.177982955071972
"921","X172735.BIG","FALL",2016,3.26296080716938,3.2545486549734,-0.214479018851893,3.12256517588627,3.11451849319039,-0.205258143421382
"922","X172735.BIG","FALL",2018,2.9506601258044,2.80561320097775,-0.219589835493234,2.8237018766725,2.68489457172029,-0.210141047777627
"923","X172735.BIG","FALL",2019,2.44331141973351,2.64148694198816,-0.0630713515598684,2.3381828970614,2.52783083532034,-0.0603569352588428
"924","X172735.BIG","FALL",2021,2.68048786195942,3.00830887425802,0.383083124812907,2.56515433276114,2.87887016584078,0.36660028448928
"925","X172735.BIG","FALL",2022,3.90159912909295,3.36263868969895,0.220392196866404,3.73372476433224,3.21795425131306,0.210909368468739
"926","X172735.BIG","FALL",2023,3.32678107136063,3.38938473789475,-0.121424321368331,3.18363944133303,3.24354948049426,-0.116199814403784
"927","X172735.BIG","FALL",2024,3.10244952674878,3.21074160517524,-0.190386164964227,2.96896022498492,3.07259281391057,-0.182194423061062
"928","X172735.BIGSE","SPRING",2009,5.14756830261886,5.4327783560048,0.961376113044125,4.94047210994732,5.23877487163034,0.976508608336397
"929","X172735.BIGSE","SPRING",2010,6.33912989319007,6.28209019495724,0.659591955598153,6.18315770233327,6.08448865116064,0.643644329086734
"930","X172735.BIGSE","SPRING",2011,7.23822639758336,6.59665104867589,-0.108125857423448,6.99147906684622,6.38351428652886,-0.116867679987747
"931","X172735.BIGSE","SPRING",2012,6.04454792253638,6.1228642006086,-0.704766508950266,5.82427941439957,5.9132819811569,-0.689793619146969
"932","X172735.BIGSE","SPRING",2013,5.23308284186273,5.42984939023122,-0.573213082109502,5.04750677671238,5.24048076264301,-0.553058415081951
"933","X172735.BIGSE","SPRING",2014,3.92383030907693,5.12924977617783,0.0167755640959566,3.79910769071143,4.95086597579429,0.0147792633869681
"934","X172735.BIGSE","SPRING",2015,7.37903808658137,5.16329153476892,-0.293562740661215,7.12447211963233,4.97957225014136,-0.288784175970875
"935","X172735.BIGSE","SPRING",2016,3.25626739524101,4.5681878083968,-0.525710504794186,3.11615976183733,4.40343200176997,-0.501944481576434
"936","X172735.BIGSE","SPRING",2018,4.58857832878855,4.86057070606794,0.609340498361504,4.45749635878141,4.71290811040499,0.596607914124581
"937","X172735.BIGSE","SPRING",2019,5.92924111703996,5.45087180178541,0.425024217718368,5.76691365302847,5.28125538976873,0.398297417981958
"938","X172735.BIGSE","SPRING",2021,5.734874449368,5.23905738222275,-0.544741358072335,5.47594554083658,5.05761202251285,-0.50838171084229
"939","X172735.BIGSE","SPRING",2022,3.91171615093709,4.6097969736553,-0.624930075016543,3.85680009613588,4.48619119895082,-0.555998572592102
"940","X172735.BIGSE","SPRING",2024,4.60260874510668,4.44345076637828,0.813981403923663,4.52600663318287,4.3774194219223,0.761072250322242
"941","X172735.BIGSE","FALL",2009,5.47337975755123,4.98711276680642,-1.38787188212661,5.2378762833369,4.77214237114373,-1.32873248238671
"942","X172735.BIGSE","FALL",2010,3.05690935034952,4.04698661821286,-0.577315504110369,2.92395948349896,3.87225784853917,-0.552391563485101
"943","X172735.BIGSE","FALL",2011,4.30458491998063,3.66261158048597,-0.276369660393267,4.11937125884055,3.50464924284815,-0.26418064855964
"944","X172735.BIGSE","FALL",2012,3.37870424894333,3.43298381777375,-0.159214255633895,3.23332851690662,3.28516371788235,-0.152168234246784
"945","X172735.BIGSE","FALL",2013,2.84059778730018,3.3963712319231,0.114505637240224,2.71837519771432,3.25024198033213,0.109631797998744
"946","X172735.BIGSE","FALL",2014,4.27376128268544,3.55329484856657,0.0621247990514406,4.08987387223369,3.40043259244595,0.0594476659425858
"947","X172735.BIGSE","FALL",2015,3.2112787597124,3.45538247965684,-0.185971090244762,3.07310685531647,3.30672181589784,-0.177982955071972
"948","X172735.BIGSE","FALL",2016,3.26296080716938,3.2545486549734,-0.214479018851893,3.12256517588627,3.11451849319039,-0.205258143421382
"949","X172735.BIGSE","FALL",2018,2.9506601258044,2.80561320097775,-0.219589835493234,2.8237018766725,2.68489457172029,-0.210141047777627
"950","X172735.BIGSE","FALL",2019,2.44331141973351,2.64148694198816,-0.0630713515598684,2.3381828970614,2.52783083532034,-0.0603569352588428
"951","X172735.BIGSE","FALL",2021,2.68048786195942,3.00830887425802,0.383083124812907,2.56515433276114,2.87887016584078,0.36660028448928
"952","X172735.BIGSE","FALL",2022,3.90159912909295,3.36263868969895,0.220392196866404,3.73372476433224,3.21795425131306,0.210909368468739
"953","X172735.BIGSE","FALL",2023,3.32678107136063,3.38938473789475,-0.121424321368331,3.18363944133303,3.24354948049426,-0.116199814403784
"954","X172735.BIGSE","FALL",2024,3.10244952674878,3.21074160517524,-0.190386164964227,2.96896022498492,3.07259281391057,-0.182194423061062
"955","X172735.UNIT","SPRING",2009,4.32151735405529,4.580250235472,0.854223456635694,4.27606816045101,4.53248987734207,0.8463570683175
"956","X172735.UNIT","SPRING",2010,5.39717191244969,5.32607197836391,0.571908132907919,5.34253875029521,5.27106065676463,0.566116119805021
"957","X172735.UNIT","SPRING",2011,6.13453055099146,5.59304270880743,-0.103478568261097,6.07015881302491,5.53538537550689,-0.102135053043106
"958","X172735.UNIT","SPRING",2012,5.11829391459021,5.16929164082096,-0.628334872492394,5.06458589700563,5.1165166522083,-0.621207921301576
"959","X172735.UNIT","SPRING",2013,4.38993088530126,4.54962174659679,-0.513444828401236,4.35035673888454,4.50331937636167,-0.509231259186272
"960","X172735.UNIT","SPRING",2014,3.20925683757396,4.28631441023541,0.033182494340688,3.17069968261911,4.24093485562175,0.0313875682869886
"961","X172735.UNIT","SPRING",2015,6.23136285677438,4.36050104254432,-0.186647261118928,6.16597502413477,4.31395823608268,-0.184402434798651
"962","X172735.UNIT","SPRING",2016,2.84686507099059,3.91377567883687,-0.404209644060599,2.81699193712115,3.87235211642409,-0.399526046685361
"963","X172735.UNIT","SPRING",2018,3.92707260160964,4.15342924938332,0.477680560176413,3.88586447877364,4.10969562514829,0.472339694844248
"964","X172735.UNIT","SPRING",2019,5.01983239287766,4.60746926153578,0.31092335586826,4.96715756588897,4.55842373627389,0.306935903729879
"965","X172735.UNIT","SPRING",2021,4.73509615255687,4.38043626033921,-0.437210684442511,4.6820972480762,4.33361542030345,-0.431138619269851
"966","X172735.UNIT","SPRING",2022,3.35583792255603,3.89820132292043,-0.460809187760366,3.32399122861535,3.85884615375572,-0.452966130676423
"967","X172735.UNIT","SPRING",2024,3.99132306117903,3.85968597764963,0.688093853028313,3.95544439058143,3.8253318336785,0.681186943195998
"968","X172735.UNIT","FALL",2009,4.59056948233903,4.1814837439734,-1.14375029845423,4.54239905864025,4.13753738992618,-1.13185009061319
"969","X172735.UNIT","FALL",2010,2.57002276600277,3.41957542349936,-0.455300188940356,2.54280454713104,3.38358718452466,-0.450507818315448
"970","X172735.UNIT","FALL",2011,3.68358772952394,3.12041567319968,-0.21825315810551,3.64493457715462,3.08760675704409,-0.215910534771296
"971","X172735.UNIT","FALL",2012,2.88480951826947,2.92934415752343,-0.142380976565396,2.85453822027041,2.89858636742672,-0.140852493893184
"972","X172735.UNIT","FALL",2013,2.41898359604121,2.88341743275937,0.0767823430461536,2.39360036958314,2.85316191159523,0.0759859739974564
"973","X172735.UNIT","FALL",2014,3.59879551746836,2.99679905348569,0.0376162922675591,3.56103211892954,2.96535711882899,0.0372208521101618
"974","X172735.UNIT","FALL",2015,2.68418564745725,2.90875285801103,-0.151241236361418,2.65601956470398,2.87823283408734,-0.149656614961761
"975","X172735.UNIT","FALL",2016,2.77404620794539,2.75416680223372,-0.160548100577798,2.74493718743915,2.72526700295857,-0.158864739874388
"976","X172735.UNIT","FALL",2018,2.51774961435455,2.42434307989113,-0.156480841988095,2.49133000211309,2.39890338138849,-0.154838749957933
"977","X172735.UNIT","FALL",2019,2.19362474897454,2.30852056562115,-0.0451187583136812,2.17060629037136,2.28429634725383,-0.0446451987705421
"978","X172735.UNIT","FALL",2021,2.29074595386324,2.59806460072583,0.323055200895458,2.26670836906937,2.57080221523637,0.31966528970498
"979","X172735.UNIT","FALL",2022,3.30643525427476,2.91181617655359,0.211806530282244,3.27173969248362,2.8812614954084,0.209583971773342
"980","X172735.UNIT","FALL",2023,3.02360179258327,2.9553368493214,-0.0984645762377514,2.99187409953659,2.92432548814977,-0.0974313580581389
"981","X172735.UNIT","FALL",2024,2.62236682879687,2.76748824109585,-0.250932031704457,2.59484943215953,2.73844803575706,-0.248298918494811
"982","X172746.GBGOM","SPRING",2009,2.69274022359356,3.13822664644597,1.0533309732174,2.84851254300011,3.21739543784238,0.801470050095013
"983","X172746.GBGOM","SPRING",2010,4.49695621119058,3.80739448413275,0.316799003203602,4.27500868766032,3.69901916348747,0.189379642695752
"984","X172746.GBGOM","SPRING",2011,3.77700774249039,3.83541325494806,-0.228967160525523,3.60054754536078,3.65135920623505,-0.257097315700009
"985","X172746.GBGOM","SPRING",2012,3.11739372785802,3.45389706949018,-0.461422605029206,2.96353458730311,3.27349438837279,-0.437564705239753
"986","X172746.GBGOM","SPRING",2013,3.39046276608143,2.93306957887423,-0.632373447579157,3.22810340285455,2.78479907996911,-0.592324242138803
"987","X172746.GBGOM","SPRING",2014,1.75420861250463,2.23701454274005,-0.659731184904554,1.66762954901898,2.13073050106832,-0.621429988118456
"988","X172746.GBGOM","SPRING",2015,2.07878145837642,1.65639815020449,-0.55871609881185,1.99609154355338,1.58006108564078,-0.536169788372346
"989","X172746.GBGOM","SPRING",2016,0.872815569782002,1.14199091245298,-0.390475310709252,0.829737708865834,1.0805391952219,-0.38446477593142
"990","X172746.GBGOM","SPRING",2018,0.927235793509656,1.11567754912213,0.334370590373911,0.881472019429322,1.06480758877494,0.358399480149465
"991","X172746.GBGOM","SPRING",2019,1.75555312391278,1.54050002385149,0.44685828592284,1.66890770199191,1.53847194319259,0.52622830593504
"992","X172746.GBGOM","SPRING",2021,2.27330841834731,2.25866734465337,0.276294933294123,2.5725506513459,2.40249507163869,0.263852023265853
"993","X172746.GBGOM","SPRING",2022,2.49403290894486,2.50108643459781,0.213568817590952,2.47048207369879,2.56851861881888,0.0914177651100784
"994","X172746.GBGOM","SPRING",2024,2.86196926724182,2.87312983231996,0.178576864115934,2.72071661512496,2.73160334894506,0.164557741078267
"995","X172746.GBGOM","FALL",2009,9.87375877996732,10.4185054616288,0.426759968140947,9.38643886706813,9.90230486109954,0.402748100740335
"996","X172746.GBGOM","FALL",2010,12.9125488921564,9.68593196483379,-1.31525776509886,12.2679873567025,9.20481727012559,-1.24991389198021
"997","X172746.GBGOM","FALL",2011,5.63083381832582,8.94128832469519,0.402619681453719,5.35292370252841,8.49809585855515,0.384280459547342
"998","X172746.GBGOM","FALL",2012,4.77242922840377,10.9392627497295,3.46477139397097,4.53688571881127,10.3988175686514,3.29479294936815
"999","X172746.GBGOM","FALL",2013,25.6658382513977,13.7688788139038,0.221066210288176,24.3990993792133,13.0893987902512,0.210456538068073
"1000","X172746.GBGOM","FALL",2014,7.35469352482921,10.8826753942267,-4.51879830163202,6.99170221748719,10.3457469297916,-4.29583101821972
"1001","X172746.GBGOM","FALL",2015,4.87579486661504,6.65864904191743,-3.47656231971914,4.63514974020847,6.33000501205927,-3.30531379976488
"1002","X172746.GBGOM","FALL",2016,4.21417412593131,4.32212928181633,-1.25659075672246,4.0061833279226,4.10830138618777,-1.19525041353229
"1003","X172746.GBGOM","FALL",2018,2.90243822066341,5.1564498329394,1.72503144585103,2.75629272248346,4.90043616446503,1.64011049291038
"1004","X172746.GBGOM","FALL",2019,10.5358723692164,6.61088425568016,0.442244722372727,10.015873803351,6.2836787860366,0.421122676457669
"1005","X172746.GBGOM","FALL",2021,2.46260475436934,3.60605106068595,-1.88417448198517,2.34106275996299,3.42801547647633,-1.79099627947774
"1006","X172746.GBGOM","FALL",2022,1.58305107572136,2.36917282783776,-0.532858510021064,1.50491950196844,2.25227898610205,-0.506529453088677
"1007","X172746.GBGOM","FALL",2023,2.70762703341573,2.44684771680005,0.537998490411733,2.57399195082036,2.32611778563325,0.511421019303195
"1008","X172746.GBGOM","FALL",2024,3.45981199927532,3.14475021359341,0.707596705641072,3.28905278591928,2.98954895901268,0.672655294607776
"1009","X172746.SNEMA","SPRING",2009,3.13713708174376,3.66002288377667,1.67051472011859,3.03706436735071,3.55025828842079,1.6136184125109
"1010","X172746.SNEMA","SPRING",2010,5.748420958969,4.84787558588907,0.765754592678211,5.57859698380023,4.68771214826171,0.722523318786279
"1011","X172746.SNEMA","SPRING",2011,4.81958832854782,5.31265988627709,0.224377916669821,4.63220261199799,5.11777294922402,0.198832294753673
"1012","X172746.SNEMA","SPRING",2012,5.74340417525229,5.33637259551496,-0.19777523047984,5.49594213203762,5.12804608422687,-0.196850689905489
"1013","X172746.SNEMA","SPRING",2013,4.76332922345162,4.98613353823391,-0.412856038879988,4.61958630278752,4.78518543435118,-0.409192079750226
"1014","X172746.SNEMA","SPRING",2014,4.24547946854336,4.62396082439689,-0.288035927354409,4.01579271209946,4.42105592645713,-0.287351464402835
"1015","X172746.SNEMA","SPRING",2015,4.90860482263515,4.33300284074615,-0.394392344165651,4.71490335587948,4.14131364974373,-0.373017416460796
"1016","X172746.SNEMA","SPRING",2016,3.59436941105803,3.82105646203162,-0.543107783078796,3.43777077447462,3.65947458691572,-0.505322888378214
"1017","X172746.SNEMA","SPRING",2018,2.72341944198412,3.05296805491584,-0.176379496156791,2.6047661477102,2.99835034116585,-0.104748582401987
"1018","X172746.SNEMA","SPRING",2019,3.45678691385107,2.91582770721696,-0.186794968423689,3.55308691557655,2.92270433965605,-0.155873997446727
"1019","X172746.SNEMA","SPRING",2021,1.7894727684009,2.57128053177534,0.133865953500035,1.72707524956057,2.5103921646979,0.0723968779883149
"1020","X172746.SNEMA","SPRING",2022,3.53255271076274,2.90862189702352,0.445413337875045,3.37864728956074,2.79451144438637,0.403870072605211
"1021","X172746.SNEMA","SPRING",2024,2.99411269642405,3.08689519382589,-0.648753797557741,2.89893797053443,2.9775954558628,-0.588672496262431
"1022","X172746.SNEMA","FALL",2009,5.91712700146395,6.02987004812526,-0.0684422884623164,5.65933101141646,5.76716209567982,-0.0654604110223227
"1023","X172746.SNEMA","FALL",2010,6.14462905767959,5.83172494138051,-0.289201839321156,5.87692131184158,5.57764972809273,-0.276601961969716
"1024","X172746.SNEMA","FALL",2011,4.87687987570412,5.52875854089496,-0.278084875943931,4.66440512645693,5.28788289610469,-0.265969339824213
"1025","X172746.SNEMA","FALL",2012,6.15077350931378,5.18906819445137,-0.526428897690553,5.88279806345988,4.96299209835244,-0.503493567954319
"1026","X172746.SNEMA","FALL",2013,4.20465252887753,4.49644303784332,-0.713146042448782,4.02146522172331,4.3005430707907,-0.682075864300492
"1027","X172746.SNEMA","FALL",2014,3.40183690296447,3.97171985455413,-0.273031952206049,3.25362647716782,3.79868090307603,-0.261136560672938
"1028","X172746.SNEMA","FALL",2015,3.98873933202694,3.91218659905806,0.0525045349172029,3.8149588799787,3.7417413783783,0.0502170297550487
"1029","X172746.SNEMA","FALL",2016,4.3793965663621,3.89582994601798,-0.164655913071198,4.18859605230238,3.7260973481302,-0.157482223184728
"1030","X172746.SNEMA","FALL",2018,2.6765436659635,3.13796337769293,-0.352013362135296,2.55993264441509,3.00124933125029,-0.336676927210177
"1031","X172746.SNEMA","FALL",2019,3.3825613537522,2.84514776140748,-0.308478732158654,3.23519072052577,2.72119103649656,-0.295039003698245
"1032","X172746.SNEMA","FALL",2021,2.24063558861818,2.54739374017627,0.351374387662998,2.14301610710957,2.43640949205601,0.336065791426598
"1033","X172746.SNEMA","FALL",2022,2.09266049572516,3.28314694510796,1.08406030196201,2.00148795807382,3.14010757533001,1.03683021906091
"1034","X172746.SNEMA","FALL",2023,6.42791769732404,4.44975553931917,1.01946980191768,6.14786769901988,4.25588964216261,0.975053782649568
"1035","X172746.SNEMA","FALL",2024,4.09736733011172,4.86271237985787,-0.423243205383015,3.91885419912888,4.65085487671968,-0.404803445490151
"1036","X172873.UNIT","SPRING",2009,7.1717012522196,7.58590851924318,0.518555946869082,7.1717012522196,7.58590851924318,0.518555946869082
"1037","X172873.UNIT","SPRING",2010,8.12366157430223,7.88875316915849,0.0131255686476927,8.12366157430223,7.88875316915849,0.0131255686476927
"1038","X172873.UNIT","SPRING",2011,8.84568002372312,7.46414408791086,-0.936351515456792,8.84568002372312,7.46414408791086,-0.936351515456792
"1039","X172873.UNIT","SPRING",2012,5.81412540898563,6.33497951710501,-0.929040462980956,5.81412540898563,6.33497951710501,-0.929040462980956
"1040","X172873.UNIT","SPRING",2013,3.38532108705376,6.21812827726889,0.914465935454686,3.38532108705376,6.21812827726889,0.914465935454686
"1041","X172873.UNIT","SPRING",2014,10.238843721153,7.68781975026044,1.32969742062849,10.238843721153,7.68781975026044,1.32969742062849
"1042","X172873.UNIT","SPRING",2015,9.02515834970698,8.31158013513762,0.0470999556375714,9.02515834970698,8.31158013513762,0.0470999556375714
"1043","X172873.UNIT","SPRING",2016,6.57529307229365,8.27048698365113,0.229904456993296,6.57529307229365,8.27048698365113,0.229904456993296
"1044","X172873.UNIT","SPRING",2018,10.5019899048728,9.75417168600278,0.505341491373576,10.5019899048728,9.75417168600278,0.505341491373576
"1045","X172873.UNIT","SPRING",2019,9.9694493334272,9.81094699040675,-0.347887262641725,9.9694493334272,9.81094699040675,-0.347887262641725
"1046","X172873.UNIT","SPRING",2021,9.02893475191087,8.63826394225344,-0.341732152702936,9.02893475191087,8.63826394225344,-0.341732152702936
"1047","X172873.UNIT","SPRING",2022,7.5185052619677,8.74189188641957,0.630511635813094,7.5185052619677,8.74189188641957,0.630511635813094
"1048","X172873.UNIT","SPRING",2024,13.5971442651699,13.0887330619683,4.04242391884717,13.5971442651699,13.0887330619683,4.04242391884717
"1049","X172873.UNIT","FALL",2009,6.78925230273512,6.69746509816021,0.703279687851521,6.78925230273512,6.69746509816021,0.703279687851521
"1050","X172873.UNIT","FALL",2010,6.46817268669336,7.85934203124949,1.33059541516903,6.46817268669336,7.85934203124949,1.33059541516903
"1051","X172873.UNIT","FALL",2011,11.6076654271762,8.77889840218226,0.218638563538484,11.6076654271762,8.77889840218226,0.218638563538484
"1052","X172873.UNIT","FALL",2012,7.14078928093197,8.42498576167101,-0.508218478058403,7.14078928093197,8.42498576167101,-0.508218478058403
"1053","X172873.UNIT","FALL",2013,7.51157675560704,8.25748687522282,0.250000767816836,7.51157675560704,8.25748687522282,0.250000767816836
"1054","X172873.UNIT","FALL",2014,9.00234386722447,8.85576429263686,0.800550999688607,9.00234386722447,8.85576429263686,0.800550999688607
"1055","X172873.UNIT","FALL",2015,10.2818243443607,9.61092424851921,0.608107353317882,10.2818243443607,9.61092424851921,0.608107353317882
"1056","X172873.UNIT","FALL",2016,9.83638752530715,10.0614952880901,0.384212573399563,9.83638752530715,10.0614952880901,0.384212573399563
"1057","X172873.UNIT","FALL",2018,10.1780354345222,11.1412221409742,0.801526369718372,10.1780354345222,11.1412221409742,0.801526369718372
"1058","X172873.UNIT","FALL",2019,13.352288577274,11.8746713850269,0.413457475966255,13.352288577274,11.8746713850269,0.413457475966255
"1059","X172873.UNIT","FALL",2021,10.9097642941411,11.820135202696,0.235093595585421,10.9097642941411,11.820135202696,0.235093595585421
"1060","X172873.UNIT","FALL",2022,12.2997783424108,12.4406054577021,0.908499103530923,12.2997783424108,12.4406054577021,0.908499103530923
"1061","X172873.UNIT","FALL",2023,14.0921027283724,13.4503754859516,1.02163084005795,14.0921027283724,13.4503754859516,1.02163084005795
"1062","X172873.UNIT","FALL",2024,14.108437015324,14.3050469119977,0.598301899124087,14.108437015324,14.3050469119977,0.598301899124087
"1063","X172877.UNIT","SPRING",2009,15.1142603678929,16.0546204319481,0.48849607230817,14.4501339185357,15.3491741974835,0.467031365856787
"1064","X172877.UNIT","SPRING",2010,17.5556011743316,15.535644069808,-1.31544511254888,16.7842012652096,14.853001857525,-1.25764394526338
"1065","X172877.UNIT","SPRING",2011,13.6699020642458,13.8457375749294,-1.85336419316877,13.0692412776767,13.2373505079775,-1.77192665332132
"1066","X172877.UNIT","SPRING",2012,12.3101978012152,12.369052003924,-0.77087431242781,11.7692829461309,11.8255510723978,-0.73700179683312
"1067","X172877.UNIT","SPRING",2013,8.89840699663432,12.8963279877344,2.08863268129519,8.50740754976999,12.3296583454387,1.99685735303723
"1068","X172877.UNIT","SPRING",2014,20.2196343751923,15.7929764633588,2.68811696555121,19.3311758163189,15.0990269661229,2.57000006585952
"1069","X172877.UNIT","SPRING",2015,14.4712044634253,17.6668192434848,1.47037322375113,13.8353341393549,16.8905323693659,1.40576445530656
"1070","X172877.UNIT","SPRING",2016,21.4728741674012,18.524189985347,-0.375969294590994,20.5293477670896,17.7102299090524,-0.359449058297185
"1071","X172877.UNIT","SPRING",2018,13.0517988896145,13.0029234714042,-3.82260599969736,12.4782977957272,12.4315699823065,-3.65463921283007
"1072","X172877.UNIT","SPRING",2019,8.22217416697537,9.66968292310181,-2.48486888397676,7.86088865232925,9.24479331356647,-2.37568278364071
"1073","X172877.UNIT","SPRING",2021,7.68370557790098,8.41915930142775,0.679196580929676,7.34608058143094,8.0492181837461,0.649352420333714
"1074","X172877.UNIT","SPRING",2022,10.7145054224486,9.28931674309445,0.877424307943907,10.2437059079751,8.88114057069959,0.838869944314408
"1075","X172877.UNIT","SPRING",2024,8.55108962285798,8.86890489057332,-2.0326121383043,8.17535143579939,8.47920177766578,-1.94329837438365
"1076","X172877.UNIT","FALL",2009,18.1624705284879,18.0179284433662,-0.642449123498201,17.364404545103,17.2254661721935,-0.615312372444524
"1077","X172877.UNIT","FALL",2010,16.0908802191883,18.014760633623,0.240310121647085,15.3811508914427,17.2220403060131,0.229913205354761
"1078","X172877.UNIT","FALL",2011,23.5162369725691,17.706941921931,-1.25175092739594,22.4829244198748,16.928197713445,-1.19614582521988
"1079","X172877.UNIT","FALL",2012,12.3092931672661,16.2459775090539,-0.539655785770733,11.7684180621476,15.5319927750801,-0.515472497274066
"1080","X172877.UNIT","FALL",2013,12.9535149757796,17.7934632340803,3.66993800692696,12.3843325150993,17.0118180176467,3.50889672692121
"1081","X172877.UNIT","FALL",2014,26.5476655771148,22.2503225165236,3.87293878047217,25.3811508784595,21.2728999657156,3.70260716149558
"1082","X172877.UNIT","FALL",2015,26.5585536801827,24.039577440114,-0.423350510714704,25.3915605540652,22.9829878882696,-0.40581576103481
"1083","X172877.UNIT","FALL",2016,20.4706225490405,21.8711627500181,-3.31701603712997,19.5711354726828,20.9080907839031,-3.17377166279386
"1084","X172877.UNIT","FALL",2018,14.2858262769459,14.5734664261202,-3.2082353822127,13.6468303925388,13.9272221497631,-3.06642407857627
"1085","X172877.UNIT","FALL",2019,11.045817525842,12.0800803538435,-1.67021629455048,10.560460029337,11.5456887174736,-1.5940937053478
"1086","X172877.UNIT","FALL",2021,11.6813231384772,10.9816257926984,-0.170229743649641,11.1680412794303,10.4988603253905,-0.162032792622468
"1087","X172877.UNIT","FALL",2022,9.80725398859732,10.6178872204191,-0.5692592594726,9.37631945320801,10.1514757375919,-0.544129826916943
"1088","X172877.UNIT","FALL",2023,11.4187210018579,9.71428488948017,-1.35475592811475,10.9169779823137,9.28756881150813,-1.29532244135693
"1089","X172877.UNIT","FALL",2024,6.73405384269293,7.67475431277069,-2.84111575101368,6.43815691095633,7.33755402266525,-2.71634555243523
"1090","X172905.GBK","SPRING",2009,9.9425614450734,8.80042800020763,-3.57239247175462,8.83823026677597,7.82295483328981,-3.17560293120534
"1091","X172905.GBK","SPRING",2010,4.77578339333465,6.03621582260805,-1.90816834517829,4.24533190644262,5.36576672670215,-1.69622599926855
"1092","X172905.GBK","SPRING",2011,4.32996598787864,5.07981838638359,0.0432370109956328,3.84903192799901,4.51559740015558,0.0384346288768369
"1093","X172905.GBK","SPRING",2012,5.56731761337547,5.86683689558854,1.22708352013724,4.94894955461116,5.21520090243162,1.09079001094963
"1094","X172905.GBK","SPRING",2013,7.68724597391642,6.85899239729638,0.385950941193764,6.8334151526401,6.09715660700386,0.3430829478695
"1095","X172905.GBK","SPRING",2014,8.63093887583394,6.15605432837428,-1.90323498655509,7.6722910514058,5.47229463851236,-1.69184059418543
"1096","X172905.GBK","SPRING",2015,1.10235548558618,3.63199101073453,-2.45401515465899,0.979915655666574,3.22858179525137,-2.18144500638526
"1097","X172905.GBK","SPRING",2016,2.2906286053843,1.81094455122349,-1.31603372626135,2.03620597990691,1.60980095848513,-1.1698604203552
"1098","X172905.GBK","SPRING",2018,0.858210252594824,0.913552093098785,0.531865222632775,0.76288790083359,0.812082862560838,0.472790370417855
"1099","X172905.GBK","SPRING",2019,1.29854704218613,1.99598266758312,1.63666857509181,1.15431600141317,1.77428668880237,1.4548820057054
"1100","X172905.GBK","SPRING",2021,7.28124698546463,5.85519486582443,1.39965984845155,6.47251091605698,5.20485196565147,1.24419809765472
"1101","X172905.GBK","SPRING",2022,5.96352576197808,6.73000066663704,0.501512718218264,5.30115043063973,5.98249212900437,0.445809151878669
"1102","X172905.GBK","SPRING",2024,8.06626961618453,8.05858535323133,1.4333158285544,7.17034022425508,7.16350946079578,1.27411587122308
"1103","X172905.GBK","FALL",2009,13.910439456554,12.0521596277576,-4.16077746935677,12.3653917260919,10.7135130711055,-3.69863536334599
"1104","X172905.GBK","FALL",2010,5.28516701676089,9.84292611412281,-0.758309798681849,4.69813773347592,8.74966154104948,-0.674083499642217
"1105","X172905.GBK","FALL",2011,11.7704281637026,9.53429954885582,-0.359563572621165,10.4630738290178,8.47531446606857,-0.319626453195842
"1106","X172905.GBK","FALL",2012,11.1120110367983,8.4151753562993,-2.08668818430404,9.87778781280186,7.48049262206222,-1.85491744453621
"1107","X172905.GBK","FALL",2013,4.09326596208535,5.81681637564052,-2.44613320980859,3.63862243305447,5.17073621636388,-2.17443851777338
"1108","X172905.GBK","FALL",2014,1.27456600337242,4.32852083313229,-0.388742545962627,1.13299856281921,3.84774728817155,-0.345564486042267
"1109","X172905.GBK","FALL",2015,8.26275211162173,4.44885906931103,-0.102768525329384,7.34499919394395,3.95471942479057,-0.0913539127774945
"1110","X172905.GBK","FALL",2016,2.75035016842812,3.75698618350866,-0.914787301590718,2.4448657659419,3.33969361742278,-0.813180875094078
"1111","X172905.GBK","FALL",2018,2.14721119304216,3.10303034843446,0.562089792777572,1.9087180964729,2.75837337247207,0.499657864486642
"1112","X172905.GBK","FALL",2019,5.12092425171997,4.06636814601571,1.17067078890074,4.55213759205332,3.61471218684578,1.04064310349521
"1113","X172905.GBK","FALL",2021,2.85902932925865,7.22014855890638,2.36249308586391,2.54147381346834,6.41819875858703,2.10008839390957
"1114","X172905.GBK","FALL",2022,17.7237535740331,9.10151095670527,0.336607851022578,15.7551568722281,8.09059617638117,0.29922044871207
"1115","X172905.GBK","FALL",2023,1.83095827409497,7.80056805729662,-1.96766599478349,1.62759173525939,6.93415042822861,-1.74911517983311
"1116","X172905.GBK","FALL",2024,8.45434691176527,7.10783427725106,1.55302608974874,7.51531335000326,6.31835934708315,1.38052978272629
"1117","X172905.GOM","SPRING",2009,14.2656900138696,14.2864950637146,-0.116256673439117,14.2656900138696,14.2864950637146,-0.116256673439117
"1118","X172905.GOM","SPRING",2010,14.8726267529666,13.7845674833257,-0.616918574342635,14.8726267529666,13.7845674833257,-0.616918574342635
"1119","X172905.GOM","SPRING",2011,11.1409978425027,13.5940177410212,0.506499002729513,11.1409978425027,13.5940177410212,0.506499002729513
"1120","X172905.GOM","SPRING",2012,17.0818284789644,14.6401733770256,1.15774024452412,17.0818284789644,14.6401733770256,1.15774024452412
"1121","X172905.GOM","SPRING",2013,14.5757955771305,15.817495584306,1.5329735490284,14.5757955771305,15.817495584306,1.5329735490284
"1122","X172905.GOM","SPRING",2014,18.3933117583603,17.9832761071926,2.7396737498634,18.3933117583603,17.9832761071926,2.7396737498634
"1123","X172905.GOM","SPRING",2015,17.0840884573894,21.311066713677,3.98904483963093,17.0840884573894,21.311066713677,3.98904483963093
"1124","X172905.GOM","SPRING",2016,30.7464940668824,24.7367890828668,1.56468581863538,30.7464940668824,24.7367890828668,1.56468581863538
"1125","X172905.GOM","SPRING",2018,22.1033171521036,20.4683632576192,-3.21450911380659,22.1033171521036,20.4683632576192,-3.21450911380659
"1126","X172905.GOM","SPRING",2019,10.8487810140237,19.1453307414278,1.69076751459207,10.8487810140237,19.1453307414278,1.69076751459207
"1127","X172905.GOM","SPRING",2021,38.669978425027,27.7565740296835,1.26308297529566,38.669978425027,27.7565740296835,1.26308297529566
"1128","X172905.GOM","SPRING",2022,18.907049622438,25.8445678644499,-3.91221871269224,18.907049622438,25.8445678644499,-3.91221871269224
"1129","X172905.GOM","SPRING",2024,24.796557250732,24.1177993660804,6.8849565866059,24.796557250732,24.1177993660804,6.8849565866059
"1130","X172905.GOM","FALL",2009,22.6766335336724,22.8332007828403,-1.87699305612204,22.6766335336724,22.8332007828403,-1.87699305612204
"1131","X172905.GOM","FALL",2010,21.0665302153806,20.8410152686999,-2.10123949601042,21.0665302153806,20.8410152686999,-2.10123949601042
"1132","X172905.GOM","FALL",2011,19.5677993527508,18.6429987431162,-2.28865507900861,19.5677993527508,18.6429987431162,-2.28865507900861
"1133","X172905.GOM","FALL",2012,15.0745415318231,16.5600474044173,-1.58704378080285,15.0745415318231,16.5600474044173,-1.58704378080285
"1134","X172905.GOM","FALL",2013,16.428640776699,15.6163400206609,-0.443145965145992,16.428640776699,15.6163400206609,-0.443145965145992
"1135","X172905.GOM","FALL",2014,13.7059331175836,15.6236765144996,0.550514971633564,13.7059331175836,15.6236765144996,0.550514971633564
"1136","X172905.GOM","FALL",2015,18.4032227615965,16.3494416200175,0.440390876681669,18.4032227615965,16.3494416200175,0.440390876681669
"1137","X172905.GOM","FALL",2016,16.2335490830636,16.1756557609231,-0.656140739089777,16.2335490830636,16.1756557609231,-0.656140739089777
"1138","X172905.GOM","FALL",2018,15.2545361380798,14.6459406362801,-0.28122516035575,15.2545361380798,14.6459406362801,-0.28122516035575
"1139","X172905.GOM","FALL",2019,12.6695523193096,15.228813542332,1.77307822528563,12.6695523193096,15.228813542332,1.77307822528564
"1140","X172905.GOM","FALL",2021,22.4396324549237,21.4973040436657,2.82395415730964,22.4396324549237,21.4973040436657,2.82395415730963
"1141","X172905.GOM","FALL",2022,25.711003236246,23.2234560192051,0.521422218046726,25.711003236246,23.2234560192051,0.521422218046705
"1142","X172905.GOM","FALL",2023,20.4970010787487,22.8644368110153,-0.808244727447702,20.4970010787486,22.8644368110153,-0.808244727447705
"1143","X172905.GOM","FALL",2024,22.8431499460626,22.4693983782669,0.449383768929456,22.8431499460626,22.4693983782669,0.449383768929488
"1144","X172905.GOMWF","SPRING",2009,34.3214882943144,34.4699888593064,-0.568017793928188,34.3214882943144,34.4699888593064,-0.568017793928199
"1145","X172905.GOMWF","SPRING",2010,35.5467670011148,32.9493458191407,-1.85904954252241,35.5467670011148,32.9493458191407,-1.8590495425224
"1146","X172905.GOMWF","SPRING",2011,26.5339018952062,31.9803272620233,0.535231172168485,26.5339018952062,31.9803272620233,0.535231172168475
"1147","X172905.GOMWF","SPRING",2012,39.63,33.712538483426,2.00770284670433,39.63,33.7125384834259,2.00770284670433
"1148","X172905.GOMWF","SPRING",2013,31.5613433667781,36.0055987172895,3.5097718068129,31.5613433667781,36.0055987172895,3.50977180681291
"1149","X172905.GOMWF","SPRING",2014,44.1005574136009,41.1734437183961,6.33592563095454,44.1005574136009,41.1734437183961,6.33592563095455
"1150","X172905.GOMWF","SPRING",2015,37.7517279821628,48.6424655021814,9.05712602404453,37.7517279821628,48.6424655021814,9.05712602404454
"1151","X172905.GOMWF","SPRING",2016,70.6405797101449,56.6667246607071,3.91541309980039,70.6405797101449,56.6667246607071,3.9154130998004
"1152","X172905.GOMWF","SPRING",2018,50.4409698996655,47.4701186347133,-7.25608473472769,50.4409698996656,47.4701186347133,-7.25608473472769
"1153","X172905.GOMWF","SPRING",2019,26.8603567447046,44.0940909359781,2.78501003858194,26.8603567447046,44.0940909359781,2.78501003858191
"1154","X172905.GOMWF","SPRING",2021,84.0289186176143,59.8505969370564,1.1807020471701,84.0289186176143,59.8505969370564,1.18070204717009
"1155","X172905.GOMWF","SPRING",2022,38.09751393534,54.4436784302406,-9.3379871804398,38.09751393534,54.4436784302406,-9.33798718043979
"1156","X172905.GOMWF","SPRING",2024,53.8668450390189,51.9220519392065,17.4425682108529,53.8668450390189,51.9220519392065,17.4425682108529
"1157","X172905.GOMWF","FALL",2009,64.7910256410256,61.2442438304973,-15.1105112807617,64.7910256410256,61.2442438304973,-15.1105112807617
"1158","X172905.GOMWF","FALL",2010,42.8363027546121,49.1029298795982,-9.57448755856278,42.8363027546121,49.1029298795982,-9.57448755856278
"1159","X172905.GOMWF","FALL",2011,45.7571906354515,41.2905268383189,-6.45268946152232,45.7571906354515,41.2905268383189,-6.45268946152232
"1160","X172905.GOMWF","FALL",2012,32.5554069119286,36.1965214853101,-3.33397977821234,32.5554069119286,36.1965214853101,-3.33397977821234
"1161","X172905.GOMWF","FALL",2013,36.6685618729097,34.5051442500482,-0.567539190440453,36.6685618729097,34.5051442500482,-0.567539190440453
"1162","X172905.GOMWF","FALL",2014,31.2152731326644,34.6129564000946,0.853441284327751,31.2152731326644,34.6129564000946,0.853441284327751
"1163","X172905.GOMWF","FALL",2015,40.6160256410256,35.3821253145129,-0.215282753476417,40.6160256410256,35.3821253145129,-0.215282753476417
"1164","X172905.GOMWF","FALL",2016,32.3830546265329,33.8891098027347,-2.16385006250194,32.3830546265329,33.8891098027347,-2.16385006250194
"1165","X172905.GOMWF","FALL",2018,32.2970011148272,30.6839588279533,-0.35215365087685,32.2970011148272,30.6839588279533,-0.35215365087685
"1166","X172905.GOMWF","FALL",2019,27.3454292084727,31.9445847687922,3.51640057531238,27.3454292084727,31.9445847687922,3.51640057531238
"1167","X172905.GOMWF","FALL",2021,46.33127090301,44.9992270747155,6.75162295379807,46.33127090301,44.9992270747155,6.75162295379807
"1168","X172905.GOMWF","FALL",2022,55.2036789297659,50.2451926431861,3.51580928580397,55.2036789297659,50.2451926431861,3.51580928580397
"1169","X172905.GOMWF","FALL",2023,47.2942474916388,52.6094520657686,2.0158148761454,47.2942474916388,52.6094520657686,2.0158148761454
"1170","X172905.GOMWF","FALL",2024,57.2945373467113,55.8830330290458,5.33445236719342,57.2945373467113,55.8830330290458,5.33445236719342
"1171","X172905.SNEMA","SPRING",2009,3.58420639180323,3.7294642801514,-0.0503590157854237,3.41540666189049,3.55294174517536,-0.0487287650341512
"1172","X172905.SNEMA","SPRING",2010,3.93613876358308,3.46970367204761,-0.397201016773677,3.75076462840176,3.30424319940097,-0.379287629889175
"1173","X172905.SNEMA","SPRING",2011,2.29273325694294,3.07898461390102,-0.312275915871012,2.18475600557176,2.93312787864791,-0.293562314991493
"1174","X172905.SNEMA","SPRING",2012,3.97648663097049,2.77530924986291,-0.436878586296375,3.78921229575238,2.65263516927908,-0.401287200510503
"1175","X172905.SNEMA","SPRING",2013,1.55920064122497,2.29909086573129,-0.279890983452671,1.48576942149375,2.21987562720712,-0.241045637288871
"1176","X172905.SNEMA","SPRING",2014,2.41309374720458,2.45058773669231,0.58227798059525,2.41309374720458,2.38238775828766,0.554727516691709
"1177","X172905.SNEMA","SPRING",2015,1.81622532753448,3.44951449514981,1.4020499493272,1.73068942049251,3.31580916322805,1.30993617858483
"1178","X172905.SNEMA","SPRING",2016,7.08762738240777,4.69993894179883,0.557575837415523,6.75383254553437,4.48575840783181,0.515639717601431
"1179","X172905.SNEMA","SPRING",2018,2.32033276679488,2.72217359973249,-1.61365625635288,2.21105570472659,2.59190116236342,-1.53480106335825
"1180","X172905.SNEMA","SPRING",2019,0.843987024991587,1.35853857834203,-1.01204822037027,0.804239095800277,1.29700823278466,-0.958488391563537
"1181","X172905.SNEMA","SPRING",2021,0.713977738872631,0.60903028048157,-0.00647074020606679,0.700874353956546,0.591469091130046,-0.0071338138567667
"1182","X172905.SNEMA","SPRING",2022,0.753235161733239,0.634883237629205,0.0408639788508994,0.717761230278811,0.611795893022401,0.0324716867881725
"1183","X172905.SNEMA","SPRING",2024,0.548877891795416,0.568903174338817,-0.176094744743035,0.52302825319703,0.541530035942381,-0.164000467281405
"1184","X172905.SNEMA","FALL",2009,5.91016869072822,6.29154068885975,2.03987359399209,5.6318267735286,5.99523789462244,1.94380487637877
"1185","X172905.SNEMA","FALL",2010,8.98768195965508,7.87620128773414,1.27223276809206,8.56440324144262,7.50526822619272,1.21231642283605
"1186","X172905.SNEMA","FALL",2011,4.46064598872319,9.12157655371461,1.36130292820425,4.25056996189204,8.69199201244305,1.29719178573885
"1187","X172905.SNEMA","FALL",2012,18.204987987681,9.62638928002408,-1.46688050403924,17.3476163077429,9.17303036793156,-1.39779714057492
"1188","X172905.SNEMA","FALL",2013,2.12688757406532,6.4078145176059,-3.63506702037342,2.02672089591921,6.10603575777321,-3.4638719874487
"1189","X172905.SNEMA","FALL",2014,2.19376285893193,3.79853200245543,-1.47642324717305,2.09044666069983,3.6196385164258,-1.40689046414759
"1190","X172905.SNEMA","FALL",2015,4.5495756286234,3.20477069209139,-0.0683714674779415,4.33531142244222,3.05384064841577,-0.0651514840332355
"1191","X172905.SNEMA","FALL",2016,2.645932424316,3.33543376297838,0.36061439865366,2.52132110739706,3.17835008620682,0.3436311096236
"1192","X172905.SNEMA","FALL",2018,5.61581409019463,3.75604288964755,-0.612051341640386,5.35133492855012,3.57915044652175,-0.583226522456453
"1193","X172905.SNEMA","FALL",2019,1.3441203532133,2.76522161082937,-1.00116016585834,1.28081843145134,2.63499231875391,-0.954010100509772
"1194","X172905.SNEMA","FALL",2021,1.76904612815696,1.86072769790375,-0.0706048638666955,1.68573214564776,1.77309593273376,-0.0672796976657513
"1195","X172905.SNEMA","FALL",2022,2.22148653867725,1.83232266877695,-0.0511908475453522,2.11686468191391,1.74602865057815,-0.0487799927297864
"1196","X172905.SNEMA","FALL",2023,1.52869272317568,1.72567915616045,-0.129777371181814,1.45669828686706,1.64440755970828,-0.12366545049154
"1197","X172905.SNEMA","FALL",2024,1.68085540206481,1.63740553942502,-0.0144510557831903,1.60169479944445,1.56029122663192,-0.0137704771427566
"1198","X172909.CCGOM","SPRING",2009,32.9425323894292,35.2690743828972,3.6884629663443,32.9425323894292,35.2690743828972,3.6884629663443
"1199","X172909.CCGOM","SPRING",2010,43.7780450645498,35.2276155345563,-2.3435399749005,43.7780450645498,35.2276155345563,-2.3435399749005
"1200","X172909.CCGOM","SPRING",2011,23.92073610777,33.4376758093473,0.191501212607951,23.92073610777,33.4376758093473,0.191501212607951
"1201","X172909.CCGOM","SPRING",2012,37.2046908828482,36.1304896134186,4.28615736105533,37.2046908828482,36.1304896134186,4.28615736105533
"1202","X172909.CCGOM","SPRING",2013,40.9993184187315,40.3426346537036,3.37874587623948,40.9993184187315,40.3426346537036,3.37874587623948
"1203","X172909.CCGOM","SPRING",2014,47.3928313687756,41.635486472292,-1.28615028939294,47.3928313687756,41.635486472292,-1.28615028939294
"1204","X172909.CCGOM","SPRING",2015,31.2905941784941,38.627948208691,-3.37820405370554,31.2905941784941,38.627948208691,-3.37820405370554
"1205","X172909.CCGOM","SPRING",2016,43.2975302702269,35.2238821546956,-4.43584644857423,43.2975302702269,35.2238821546956,-4.43584644857423
"1206","X172909.CCGOM","SPRING",2018,21.7477748376233,30.8431797927486,6.37603693196373,21.7477748376233,30.8431797927486,6.37603693196373
"1207","X172909.CCGOM","SPRING",2019,44.3794322828963,43.4464401613278,17.6140667626733,44.3794322828963,43.4464401613278,17.6140667626733
"1208","X172909.CCGOM","SPRING",2021,77.0856226445353,83.793224603471,17.7032644347225,77.0856226445353,83.793224603471,17.7032644347225
"1209","X172909.CCGOM","SPRING",2022,112.884540133109,96.5334284648312,6.56387323018362,112.884540133109,96.5334284648312,6.56387323018362
"1210","X172909.CCGOM","SPRING",2024,63.9840429797129,70.3966117067219,-37.5537702195497,63.9840429797129,70.3966117067219,-37.5537702195497
"1211","X172909.CCGOM","FALL",2009,43.6950525218507,41.2213654851017,-9.80386621490533,43.6950525218507,41.2213654851017,-9.80386621490533
"1212","X172909.CCGOM","FALL",2010,31.7348226018397,32.309114445145,-7.4380049222241,31.7348226018397,32.309114445145,-7.4380049222241
"1213","X172909.CCGOM","FALL",2011,21.9339267099671,27.5106175262218,-1.5763579728382,21.9339267099671,27.5106175262218,-1.5763579728382
"1214","X172909.CCGOM","FALL",2012,27.3836500681581,28.6694086603749,2.8243194592666,27.3836500681581,28.6694086603749,2.8243194592666
"1215","X172909.CCGOM","FALL",2013,39.1448159730575,30.6611558305398,-0.269304951274197,39.1448159730575,30.6611558305398,-0.269304951274197
"1216","X172909.CCGOM","FALL",2014,27.7023895437415,27.716816398574,-4.60487643957231,27.7023895437415,27.716816398574,-4.60487643957231
"1217","X172909.CCGOM","FALL",2015,19.2402974901772,23.4766356629689,-2.86474979314903,19.2402974901772,23.4766356629689,-2.86474979314903
"1218","X172909.CCGOM","FALL",2016,24.0814690080988,22.7888242306475,1.27989910838888,24.0814690080988,22.7888242306475,1.27989910838888
"1219","X172909.CCGOM","FALL",2018,27.3973298051479,33.6636883894221,10.2355325801981,27.3973298051479,33.6636883894221,10.2355325801981
"1220","X172909.CCGOM","FALL",2019,50.1103359794724,44.9930595561463,10.7977143244648,50.1103359794724,44.9930595561463,10.7977143244648
"1221","X172909.CCGOM","FALL",2021,52.9128217464518,56.3561992881987,-0.236414508761231,52.9128217464518,56.3561992881987,-0.236414508761231
"1222","X172909.CCGOM","FALL",2022,69.6193168150108,51.8921718849667,-9.55934104660525,69.6193168150108,51.8921718849667,-9.55934104660525
"1223","X172909.CCGOM","FALL",2023,19.4859273514554,39.127558908191,-13.2121424448406,19.4859273514554,39.127558908191,-13.2121424448406
"1224","X172909.CCGOM","FALL",2024,36.927832571566,30.9833719194964,-0.318489070443125,36.927832571566,30.9833719194964,-0.318489070443125
"1225","X172909.GBK","SPRING",2009,25.8058676572153,28.8988519795185,2.43467866365063,22.7629974463536,25.4424076413502,2.09925117561179
"1226","X172909.GBK","SPRING",2010,34.9391986543491,27.872597814859,-3.68540364544762,30.59889056404,24.5789339480872,-3.1575641348484
"1227","X172909.GBK","SPRING",2011,16.1416707353604,23.131611383667,-4.99478586941446,14.6125112836625,20.4645482262322,-4.40257288157236
"1228","X172909.GBK","SPRING",2012,24.5570048753565,17.8390878520592,-6.43598276529405,21.5064206879884,15.7407377287624,-5.74673299683672
"1229","X172909.GBK","SPRING",2013,6.85435326639448,10.5758674182953,-6.92851496552469,6.00287395141983,9.29184412284327,-6.12860744124746
"1230","X172909.GBK","SPRING",2014,4.25420077883053,5.14681533790315,-3.92677491507529,3.72572437498322,4.50260999698578,-3.45322043350327
"1231","X172909.GBK","SPRING",2015,3.02343522083656,2.42777570656564,-1.80866050936296,2.64785018011071,2.11764892137071,-1.58109642915716
"1232","X172909.GBK","SPRING",2016,1.49130495726945,1.12991164636353,-0.889294122091711,1.30604819064498,0.985203595611771,-0.774613053990108
"1233","X172909.GBK","SPRING",2018,0.0685961816676562,0.696211175426033,0.515350683657275,0.0600748482163128,0.609734262952771,0.451995228712864
"1234","X172909.GBK","SPRING",2019,1.87813382919169,1.41335265300007,0.724744089593007,1.64482339943147,1.23807873072003,0.634752244663981
"1235","X172909.GBK","SPRING",2021,2.6244267185303,1.88583489935118,-0.367593669901709,2.29840835069225,1.65166461939177,-0.322058285798458
"1236","X172909.GBK","SPRING",2022,0.547369804328686,1.27071730427421,-0.750582135558959,0.479373007561197,1.11286950155019,-0.657397201957549
"1237","X172909.GBK","SPRING",2024,0.675479979499849,0.572407487547706,0.500509857605573,0.591568747050903,0.501283736297069,0.438350428413043
"1238","X172909.GBK","FALL",2009,37.961752762921,34.13211525435,-14.719347374996,33.2459690877076,29.8909577828234,-12.8888437307666
"1239","X172909.GBK","FALL",2010,16.3308902301819,22.4031397941582,-9.01521984308292,14.3021918708054,19.6218728561362,-7.89165901787612
"1240","X172909.GBK","FALL",2011,15.9191572744144,15.5484429727936,-4.97079009734158,13.9416062781083,13.6229739565348,-4.34847167659489
"1241","X172909.GBK","FALL",2012,14.6481949151943,11.5460945042632,-3.67275563723569,12.8514079532004,10.12115524412,-3.21660711179294
"1242","X172909.GBK","FALL",2013,6.01734978601872,7.94534253597266,-3.14748866417846,5.26984689630303,6.96419429324143,-2.76143886611337
"1243","X172909.GBK","FALL",2014,6.64123158600208,5.42407156597072,-2.10335852092798,5.81622722721571,4.7520039878963,-1.84509119242458
"1244","X172909.GBK","FALL",2015,2.81284588529552,3.6819671149474,-1.22920351518541,2.46342122122353,3.22445241534809,-1.07742199786834
"1245","X172909.GBK","FALL",2016,2.94028630125585,3.01598484260878,-0.204087588416225,2.57503040207463,2.64082701059557,-0.178751748004235
"1246","X172909.GBK","FALL",2018,3.85957133658357,3.0693477483842,-0.232916714500463,3.38011761862563,2.6879048875223,-0.203781129362892
"1247","X172909.GBK","FALL",2019,2.31581862622705,2.56635137997271,-0.668172988193411,2.02813697621158,2.24753452033336,-0.585083431780992
"1248","X172909.GBK","FALL",2021,1.22372761081252,1.25559280295527,-0.509244717833718,1.07171053388728,1.09964058941319,-0.446000250102182
"1249","X172909.GBK","FALL",2022,0.579444656162529,0.906138309248613,-0.169611766285189,0.507463373652047,0.793581993923785,-0.14855376846129
"1250","X172909.GBK","FALL",2023,1.1276922874752,0.880947303612816,0.0637552849471092,0.987605160488428,0.771512299014951,0.055830452752636
"1251","X172909.GBK","FALL",2024,0.920272809703405,0.92269993900986,-0.0357244842195071,0.805952285046783,0.808075047647085,-0.0312888813793519
"1252","X172909.SNEMA","SPRING",2009,4.08100190462622,4.51397488537964,1.15746862039623,4.08100190462622,4.51397488537964,1.15746862039623
"1253","X172909.SNEMA","SPRING",2010,6.01377750302315,5.27374978348069,0.410786967068761,6.01377750302315,5.27374978348069,0.410786967068761
"1254","X172909.SNEMA","SPRING",2011,4.96530540164208,5.43296040204295,-0.043659938681349,4.96530540164208,5.43296040204295,-0.043659938681349
"1255","X172909.SNEMA","SPRING",2012,5.25991406285775,5.19676524027678,-0.467100841955089,5.25991406285775,5.19676524027678,-0.467100841955088
"1256","X172909.SNEMA","SPRING",2013,4.83581613148875,4.42525610313286,-1.11104959022855,4.83581613148875,4.42525610313286,-1.11104959022855
"1257","X172909.SNEMA","SPRING",2014,3.24314771283732,3.04172312982126,-1.55382712849728,3.24314771283732,3.04172312982126,-1.55382712849728
"1258","X172909.SNEMA","SPRING",2015,0.895734519187879,1.58586178925316,-1.19182483742145,0.89573451918788,1.58586178925316,-1.19182483742145
"1259","X172909.SNEMA","SPRING",2016,0.815694764567507,0.767447112384596,-0.501701574126919,0.815694764567507,0.767447112384597,-0.501701574126919
"1260","X172909.SNEMA","SPRING",2018,0.47019980767176,0.474692404398214,0.0442389964134563,0.47019980767176,0.474692404398214,0.0442389964134563
"1261","X172909.SNEMA","SPRING",2019,0.712681791739383,0.489304127713238,-0.0575970632216257,0.712681791739383,0.489304127713238,-0.0575970632216257
"1262","X172909.SNEMA","SPRING",2021,0.0353616839405919,0.151237958032351,-0.162324528128347,0.0353616839405919,0.151237958032351,-0.162324528128347
"1263","X172909.SNEMA","SPRING",2022,0.0481805985919673,0.0439856358426256,-0.0595344778339874,0.0481805985919673,0.0439856358426256,-0.0595344778339875
"1264","X172909.SNEMA","SPRING",2024,0.0476784081870095,0.0275357186030002,0.0136671142628278,0.0476784081870095,0.0275357186030002,0.0136671142628279
"1265","X172909.SNEMA","FALL",2009,2.65019750108969,6.40868418917009,6.3393977654445,2.65019750108969,6.40868418917009,6.3393977654445
"1266","X172909.SNEMA","FALL",2010,16.9900321734278,9.26475018314697,0.0457542739491503,16.9900321734278,9.26475018314697,0.0457542739491503
"1267","X172909.SNEMA","FALL",2011,3.28312794576819,7.84623283994816,-2.2097689089069,3.28312794576819,7.84623283994816,-2.2097689089069
"1268","X172909.SNEMA","FALL",2012,7.00824034924366,5.47242596189233,-2.58365130208547,7.00824034924366,5.47242596189233,-2.58365130208547
"1269","X172909.SNEMA","FALL",2013,2.1017550375922,2.8702114788576,-2.38368996602287,2.1017550375922,2.8702114788576,-2.38368996602287
"1270","X172909.SNEMA","FALL",2014,0.518466182284432,1.00050260347015,-1.29735890908962,0.518466182284432,1.00050260347015,-1.29735890908962
"1271","X172909.SNEMA","FALL",2015,0.131790636972815,0.24178482545024,-0.312154357840752,0.131790636972815,0.24178482545024,-0.312154357840752
"1272","X172909.SNEMA","FALL",2016,0.58811202865589,0.163335307143293,0.0344744514720652,0.58811202865589,0.163335307143293,0.0344744514720652
"1273","X172909.SNEMA","FALL",2018,0.161013166173974,0.209068322112618,0.0153644194614177,0.161013166173974,0.209068322112618,0.0153644194614177
"1274","X172909.SNEMA","FALL",2019,0.291005983545251,0.210050618324392,-0.0260838342579693,0.291005983545251,0.210050618324392,-0.0260838342579693
"1275","X172909.SNEMA","FALL",2021,0.0609840794956726,0.0829789277271065,-0.0589395920003023,0.0609840794956726,0.0829789277271065,-0.0589395920003023
"1276","X172909.SNEMA","FALL",2022,0.0364859730977906,0.0522013001278362,0.00222404238411677,0.0364859730977906,0.0522013001278362,0.00222404238411677
"1277","X172909.SNEMA","FALL",2023,0.0495806175873491,0.0895488859346487,0.0697532970864621,0.0495806175873491,0.0895488859346487,0.0697532970864621
"1278","X172909.SNEMA","FALL",2024,0.227255998385393,0.186272230014668,0.12097555893053,0.227255998385393,0.186272230014668,0.12097555893053
"1279","X172933.UNIT","SPRING",2009,0.0626958303205592,0.0711654675061756,0.0191928178409194,0.0599124776875684,0.0680061092147459,0.018340761495244
"1280","X172933.UNIT","SPRING",2010,0.103056961516831,0.0793714594198591,0.000519849153071207,0.0984817949751444,0.0758477998809227,0.000496770688338187
"1281","X172933.UNIT","SPRING",2011,0.049834153955629,0.0788065321455652,0.00165097946496455,0.0476217895461288,0.0753079522938793,0.00157768498880352
"1282","X172933.UNIT","SPRING",2012,0.0969468044508717,0.0819607603901538,0.000644135897954697,0.0926428955298363,0.0783221500221681,0.000615539780184011
"1283","X172933.UNIT","SPRING",2013,0.0898495334504011,0.0763623829560284,-0.0115599706253936,0.0858607046204213,0.0729723099866556,-0.0110467710312105
"1284","X172933.UNIT","SPRING",2014,0.0517537214934178,0.0639116433351467,-0.00855160456140141,0.0494561387634457,0.0610743152409797,-0.00817195999890704
"1285","X172933.UNIT","SPRING",2015,0.0361984815618221,0.0648626906576316,0.0112673119758087,0.0345914665745379,0.0619831412537601,0.0107671048281523
"1286","X172933.UNIT","SPRING",2016,0.116149724833293,0.0788425646356692,0.0082751205597339,0.110993311068885,0.0753423851381104,0.00790775037769006
"1287","X172933.UNIT","SPRING",2018,0.0613702096890817,0.0676326101844166,-0.005121035118674,0.058645707376058,0.0646300914735174,-0.00489368911323272
"1288","X172933.UNIT","SPRING",2019,0.0587606092690149,0.071811683819135,0.0153553001418707,0.0561519589698031,0.0686236370508645,0.0146736086344496
"1289","X172933.UNIT","SPRING",2021,0.115865555670328,0.130082752323813,0.0305913139514512,0.110721757465582,0.124307788194046,0.0292332265986229
"1290","X172933.UNIT","SPRING",2022,0.187570046999277,0.152330824443904,0.0109959258134918,0.179242960787701,0.145568167355964,0.0105077667300461
"1291","X172933.UNIT","SPRING",2024,0.0814969757486027,0.0944072371416309,-0.0805551310167183,0.0778789548870737,0.0902160711465714,-0.0769789229201047
"1292","X172933.UNIT","FALL",2009,0.129159062998542,0.13779380049868,-0.00380336772313511,0.123425105632741,0.131676507921696,-0.00363451895739995
"1293","X172933.UNIT","FALL",2010,0.140020132247175,0.114923552101843,-0.0359730453611604,0.133804002693275,0.10982157371349,-0.0343760385106133
"1294","X172933.UNIT","FALL",2011,0.0516590343054551,0.0777758771951145,-0.0323582207429188,0.0493656551697664,0.074323052797266,-0.0309216923734369
"1295","X172933.UNIT","FALL",2012,0.0726886164002035,0.0517702333815215,-0.0240540278281288,0.0694616386121828,0.0494719176138499,-0.02298616029456
"1296","X172933.UNIT","FALL",2013,0.0169719611151281,0.031083385380273,-0.0115031433890905,0.016218498685246,0.0297034527420402,-0.0109924666140004
"1297","X172933.UNIT","FALL",2014,0.0244172792640797,0.0331135032628703,0.0140964110285369,0.0233332853496094,0.0316434444723093,0.0134706073259399
"1298","X172933.UNIT","FALL",2015,0.0661599826119891,0.0516213663552836,0.0167314421999746,0.063222840526779,0.0493296594709671,0.0159886574970218
"1299","X172933.UNIT","FALL",2016,0.0596014601912107,0.0620036313774346,0.00564820451525766,0.0569554807009462,0.0592510085990617,0.00539745506622999
"1300","X172933.UNIT","FALL",2021,0.0442460317460317,0.0510732434096654,-0.0022599226313606,0.0422817494591549,0.048805870192135,-0.00215959440260614
"1301","X172933.UNIT","FALL",2022,0.0606557518162724,0.0472474367068756,-0.00849489325228797,0.0579629675328414,0.0451499084232917,-0.00811776636235226
"1302","X172933.UNIT","FALL",2023,0.024684662970997,0.0337946263061394,-0.0155963556700656,0.0235887986794879,0.0322943293704549,-0.0149039626130252
"1303","X172933.UNIT","FALL",2024,0.0236201494335985,0.0216834691249819,-0.00581158681313064,0.022571543732366,0.0207208414578338,-0.00555358408192064
"1304","X564130.GBGOM","SPRING",2009,14.5766910679713,14.8619978618916,7.27903239067725,13.9778795496878,14.2825683435422,7.01556791201669
"1305","X564130.GBGOM","SPRING",2010,21.9341165127194,22.1100889765765,7.08005467473311,21.131027283019,21.2363105268951,6.76657807586606
"1306","X564130.GBGOM","SPRING",2011,24.4038463428445,28.747916883439,6.05850597503234,23.3881080424412,27.5650477376284,5.76555796677765
"1307","X564130.GBGOM","SPRING",2012,44.5735346464361,32.5333914229434,-0.0441712357619153,42.6620625117227,31.1573808317497,-0.0655990284127159
"1308","X564130.GBGOM","SPRING",2013,20.5147895478379,29.4425518893972,-3.79791601410998,19.6438313853751,28.1859056255611,-3.64058818932866
"1309","X564130.GBGOM","SPRING",2014,26.2315546448356,26.7297325311355,-2.17514138322178,25.1074237538816,25.5878366215367,-2.08068084491182
"1310","X564130.GBGOM","SPRING",2015,29.5199208993383,23.8362580594361,-4.3203999428862,28.2748993807738,22.818743075178,-4.13817608217334
"1311","X564130.GBGOM","SPRING",2016,15.2508618728914,18.5105775017615,-5.2007239333555,14.5876500223598,17.7154242681901,-4.98385188643448
"1312","X564130.GBGOM","SPRING",2018,11.1105548214402,13.7167754190312,0.700357015762306,10.6317161006267,13.1276144349128,0.677835891110104
"1313","X564130.GBGOM","SPRING",2019,18.7921871248721,15.3629793107853,1.84255103260533,17.9969009479761,14.7150218867776,1.77978325052331
"1314","X564130.GBGOM","SPRING",2021,16.2859070532125,19.3326376846165,3.37569068411451,15.6127671260839,18.5584895070284,3.25527485620482
"1315","X564130.GBGOM","SPRING",2022,25.8971433766183,23.6582357516511,4.90569041283101,24.9055927100246,22.7179789213866,4.70535276438654
"1316","X564130.GBGOM","SPRING",2024,31.1042408966614,31.3522055150143,1.30901920203747,29.7603863191873,30.0119233527728,1.15518683449956
"1317","X564130.GBGOM","FALL",2009,48.44783076895,44.1574257851204,-4.18996683392445,46.354143551439,42.2494708177751,-4.01259442917842
"1318","X564130.GBGOM","FALL",2010,31.7981092396853,45.4429098963377,4.89521799100846,30.4237247072294,43.4741472032764,4.67783700897743
"1319","X564130.GBGOM","FALL",2011,61.1305357476304,50.2164276364362,2.78610042383806,58.4721616783435,48.036924453323,2.66360729991247
"1320","X564130.GBGOM","FALL",2012,53.4140979399434,49.3763295669053,-4.23936067465766,51.0970734227058,47.2336438445081,-4.05377628493198
"1321","X564130.GBGOM","FALL",2013,39.2127420767129,43.6382164217379,-5.56329136930227,37.5135435201935,41.7462247772551,-5.32060118838835
"1322","X564130.GBGOM","FALL",2014,31.3528022422618,40.2452538534035,-0.900700988638825,29.9973770735439,38.5006045028796,-0.862936986400097
"1323","X564130.GBGOM","FALL",2015,51.8000414176344,39.9370099791137,-1.93752400401493,49.5474210993515,38.2034265859861,-1.8560454398183
"1324","X564130.GBGOM","FALL",2016,32.5137895450659,35.3418577558869,-6.05939128785111,31.1042527990073,33.8049658666868,-5.79979716290525
"1325","X564130.GBGOM","FALL",2018,23.5345602767505,25.1721969475811,-2.59400881668318,22.4966213574982,24.0717573096249,-2.47970329432059
"1326","X564130.GBGOM","FALL",2019,24.4505576638769,24.4889991630253,1.13488313407842,23.391665424454,23.4219975911477,1.08982289118632
"1327","X564130.GBGOM","FALL",2021,29.2798835251882,32.8196734838789,6.77554360284175,28.0065937991429,31.3960674926578,6.48301578292513
"1328","X564130.GBGOM","FALL",2022,45.0479408415783,39.5730674802443,5.61411535417181,43.099758675009,37.8570996686277,5.36969015967394
"1329","X564130.GBGOM","FALL",2023,42.8373245297354,43.3531686953242,2.36848061480691,40.9744644822199,41.4707777499659,2.26235435030348
"1330","X564130.GBGOM","FALL",2024,44.0971366374778,45.1548157874957,1.65720710835487,42.1794913374132,43.1911850638369,1.58314862473972
"1331","X564130.SNEMA","SPRING",2009,76.1548261142123,94.6084957804524,36.643829379013,73.0856597269593,90.7447387375141,35.0906208725598
"1332","X564130.SNEMA","SPRING",2010,149.722444479628,112.229136028438,2.19098311353302,143.493285839136,107.640312706571,2.13271691719926
"1333","X564130.SNEMA","SPRING",2011,89.9008828597026,106.17752600067,-10.7006711724937,86.3007522210859,101.874552275205,-10.2320479282853
"1334","X564130.SNEMA","SPRING",2012,87.3754376947541,96.0007917400419,-8.07333128874546,83.8124763163016,92.1116542263451,-7.79050064473498
"1335","X564130.SNEMA","SPRING",2013,94.5840911628875,89.5313965021575,-6.94439216806055,91.1179578397248,85.7851485860699,-6.87416056017901
"1336","X564130.SNEMA","SPRING",2014,84.4510382893611,79.8204113410969,-12.6902412358472,79.9411728832446,76.2866934158961,-12.187739545896
"1337","X564130.SNEMA","SPRING",2015,68.0984052027227,65.1609828992937,-15.405883697142,65.5579701832905,62.4021141709516,-14.5239845015919
"1338","X564130.SNEMA","SPRING",2016,41.9823220525749,52.4168511371415,-7.89690458745097,40.4144684049099,50.3867769057786,-7.41607197808874
"1339","X564130.SNEMA","SPRING",2018,53.8588849931697,55.2747964224394,6.01532227402345,51.9382604936158,53.2641942702405,5.76850332737097
"1340","X564130.SNEMA","SPRING",2019,67.2711855988929,59.531867945234,0.817159004012229,64.7768684212965,57.3429082892464,0.796731087295578
"1341","X564130.SNEMA","SPRING",2021,48.3241411253905,47.9962659389651,-8.6945724447562,46.3656859540155,46.5528636451667,-8.03017603059958
"1342","X564130.SNEMA","SPRING",2022,35.5609873047487,40.0769313067455,-6.73456756909798,35.5612081136876,39.3054583978702,-6.14258667679835
"1343","X564130.SNEMA","SPRING",2024,37.8020215926862,36.2612154280563,4.55696869274887,36.6357820021937,35.3041327726072,3.42945220031566
"1344","X564130.SNEMA","FALL",2009,58.0370991399333,65.9373333478846,15.0834978899978,55.6143072826062,63.2567567204492,14.6636896373199
"1345","X564130.SNEMA","FALL",2010,88.4434111865269,74.3720949427424,2.70792952373434,85.1044319545702,71.487034247713,2.68987687785655
"1346","X564130.SNEMA","FALL",2011,64.5780405603513,73.1970008433862,-4.13621349843029,62.0991230508652,70.4225333974601,-3.92586711771347
"1347","X564130.SNEMA","FALL",2012,77.9723366462243,66.5455222790203,-9.64279352117944,74.9727942399295,64.0735148278563,-9.22696666657269
"1348","X564130.SNEMA","FALL",2013,42.2842126236598,55.962643464532,-8.99568455341446,40.9923163864126,53.919632092072,-8.67497013216001
"1349","X564130.SNEMA","FALL",2014,59.2380439920515,49.7429686763971,-4.78212907303229,56.8489283629389,47.8835337949574,-4.64309590348406
"1350","X564130.SNEMA","FALL",2015,39.2579515503076,46.4381145478386,-0.449385904536616,37.6949470143543,44.7063177995456,-0.392589131482936
"1351","X564130.SNEMA","FALL",2016,47.2168033482788,49.5362923178089,5.95964361541413,45.6984219158521,47.7200295727814,5.72293976288771
"1352","X564130.SNEMA","FALL",2018,70.8683252792909,59.3015071848821,-1.62220096297992,67.9561075046051,56.9588844772043,-1.61190731831156
"1353","X564130.SNEMA","FALL",2019,48.6366034938074,53.6967511374722,-7.60357591069203,46.7369597861164,51.5616528641207,-7.28830158744252
"1354","X564130.SNEMA","FALL",2021,32.2799716438558,42.5217040718842,-1.52524949272919,31.0229894399357,40.9219806085299,-1.38927390060905
"1355","X564130.SNEMA","FALL",2022,55.1270061806298,41.694224336312,-2.48618807237389,53.1807819070931,40.1967293356024,-2.34353551492724
"1356","X564130.SNEMA","FALL",2023,31.2005946070805,36.3219695533975,-7.12920177323523,30.1398995152797,35.043023289768,-6.87345599596776
"1357","X564130.SNEMA","FALL",2024,29.8217866818416,29.6940602302814,-4.99749715277724,28.7202731727158,28.6306585052145,-4.86085299236527
"1358","X564130.UNIT","SPRING",2009,42.8303082226764,51.4568558627334,20.5219977603482,42.6214824911613,51.3191448247411,20.5923609670852
"1359","X564130.UNIT","SPRING",2010,80.2705068845072,63.2691432777426,4.64843069336819,80.3018652944386,63.1137757156043,4.56737148287916
"1360","X564130.UNIT","SPRING",2011,54.1894089705829,63.8454244968657,-1.95001463142403,53.8455689204832,63.5948291269753,-2.03479399189925
"1361","X564130.UNIT","SPRING",2012,63.1606577472,60.8120019688413,-4.21979609437591,62.8362992739353,60.5223411133441,-4.20249932206269
"1362","X564130.UNIT","SPRING",2013,54.3619342357011,55.5645622279569,-6.0133877977986,54.0516488366403,55.3543063805512,-5.87677695912221
"1363","X564130.UNIT","SPRING",2014,48.7428676654624,49.0255258223429,-7.08608115392487,48.9018781169475,48.9681088813937,-6.95308953729986
"1364","X564130.UNIT","SPRING",2015,46.5339974295499,41.2301089383014,-8.64564745546842,46.3531231622998,41.2833309554267,-8.52379116705189
"1365","X564130.UNIT","SPRING",2016,26.7560724155635,33.1738266242246,-5.88642661855637,27.0938563627,33.3516960129703,-5.80098439976281
"1366","X564130.UNIT","SPRING",2018,30.4000391442882,32.4456804741344,3.17994151267892,30.5344334223947,32.5466385494186,3.05609288261433
"1367","X564130.UNIT","SPRING",2019,40.6624193679644,35.2454500398872,1.25658785593214,40.5635708746834,35.2198929783149,1.1481837410637
"1368","X564130.UNIT","SPRING",2021,30.1991686523931,31.7790645288529,-2.30037103298546,30.0602347117351,31.6624341396066,-2.29794989629512
"1369","X564130.UNIT","SPRING",2022,29.5446631248834,30.3873269712524,-0.502182635086778,29.4800116670025,30.2839450724919,-0.483803512022005
"1370","X564130.UNIT","SPRING",2024,33.2951661290407,32.7122387566776,2.75078020902665,33.174247596185,32.597776979768,2.69853432294788
"1371","X564130.UNIT","FALL",2009,51.139314748699,52.560569989092,4.79680073409077,51.2264004056346,52.7628574020866,4.94743388853289
"1372","X564130.UNIT","FALL",2010,56.5876969715317,57.1097537453215,3.77307250237823,57.0540874935506,57.363363791789,3.74025419004806
"1373","X564130.UNIT","FALL",2011,60.5918314184263,59.0497264418684,-0.421621385274367,60.7539936974617,59.2167163805353,-0.546873713379073
"1374","X564130.UNIT","FALL",2012,63.0828424754025,55.6138170509548,-6.57439704438094,62.955376453922,55.6623081147986,-6.65592636750282
"1375","X564130.UNIT","FALL",2013,39.1760559392013,47.8168323377486,-6.97947274956146,39.2938425685319,47.8260590759494,-7.00139273036736
"1376","X564130.UNIT","FALL",2014,43.223925519108,43.2408528004616,-2.62660470885273,43.1719365220783,43.2281411276611,-2.64100367244034
"1377","X564130.UNIT","FALL",2015,44.2426643590981,41.651212054358,-1.01096926519937,44.2381032635788,41.63512363456,-1.00739890403963
"1378","X564130.UNIT","FALL",2016,38.2133714416681,41.0495578599622,0.0965969481518592,38.2337611234263,41.0392157617763,0.10382319094448
"1379","X564130.UNIT","FALL",2018,46.415570857,40.9573716237145,-2.30584767925897,46.4046732847143,41.030225486096,-2.19707398781009
"1380","X564130.UNIT","FALL",2019,34.5130398858695,37.5107360197297,-3.53980192543913,34.7954323920773,37.7260693629448,-3.37990070825578
"1381","X564130.UNIT","FALL",2021,29.2843044291745,35.6550191824818,2.38711803137214,29.6745655691435,36.2256020696429,2.59791454629469
"1382","X564130.UNIT","FALL",2022,47.355700152272,38.4389021035535,1.56840800388253,48.189953002014,39.1912139989193,1.66769203309649
"1383","X564130.UNIT","FALL",2023,34.9694642252675,37.9154433416195,-1.87947756948911,35.9960924433714,38.6254168697897,-2.06923827824003
"1384","X564130.UNIT","FALL",2024,35.9256550092459,36.1516428810984,-0.912275393291441,36.0569283257144,36.5128334686701,-1.42588051088381
"1385","X564136.GBGOM","SPRING",2009,0.00967066662735501,0.00891345887834632,-0.0155539696371998,0.0180208127696777,0.0171008776465386,-0.0102499739159173
"1386","X564136.GBGOM","SPRING",2012,0.00483533331367751,0.0096205269529195,0.00887758450240508,0.0150502458238153,0.0174390345456511,0.00938607979984059
"1387","X564136.GBGOM","SPRING",2013,0.0293441833495494,0.0182019592362062,0.00749108408070425,0.029722590409581,0.0294320870460624,0.0144789883066687
"1388","X564136.GBGOM","SPRING",2014,0.0345377441007951,0.0270904724179707,0.0135679155699316,0.0653877247901332,0.0455105214592545,0.0169124277142945
"1389","X564136.GBGOM","SPRING",2015,0.00483533331367751,0.0561077125335508,0.0519545135316033,0.0177810992977805,0.0720374193841967,0.0456872978505563
"1390","X564136.GBGOM","SPRING",2016,0.155835323485764,0.119818221494013,0.0567972775317827,0.164569408800775,0.128361193132589,0.0488903959034829
"1391","X564136.GBGOM","SPRING",2018,0.165362502579827,0.128089620953695,-0.0500225393016051,0.158171409233199,0.12657061224651,-0.0494601999607755
"1392","X564136.GBGOM","SPRING",2019,0.0241766665683875,0.0690566158354124,-0.0492264866211636,0.030819632063322,0.0700838421430461,-0.0468678440443668
"1393","X564136.GBGOM","SPRING",2021,0.0442059537498403,0.048413295657248,0.0102409873532468,0.0422835763369901,0.0495943302039694,0.0104725756583504
"1394","X564136.GBGOM","SPRING",2022,0.0747039341136696,0.0568408817605864,0.00369054942723324,0.0791496282091054,0.0590553516995387,0.00503212557953276
"1395","X564136.GBGOM","SPRING",2024,0.00483533331367751,0.0101902087962714,-0.0620357640963352,0.00462505992836797,0.0103959181553906,-0.0673609261367032
"1396","X564136.GBGOM","FALL",2009,0.00339063006751776,0.0240111364097656,0.0508357977519123,0.0032431822668434,0.0209858730480926,0.0636157833788876
"1397","X564136.GBGOM","FALL",2010,0.0881632653061225,0.0602223951999769,0.0219949212468318,0.0953333143437681,0.072345363865394,0.0392148791940975
"1398","X564136.GBGOM","FALL",2011,0.0822006663325176,0.0688173817400727,-0.00439674674831869,0.120326762364045,0.0996389933130521,0.015484060639601
"1399","X564136.GBGOM","FALL",2012,0.0425745201521361,0.0582626062852522,-0.0102873009977313,0.0494937815505231,0.111277561643885,0.0156454715829706
"1400","X564136.GBGOM","FALL",2013,0.0286011931086672,0.0559922218219043,0.00707047098473886,0.176459197006872,0.12834520990719,0.00805270281092912
"1401","X564136.GBGOM","FALL",2014,0.110705545891441,0.0673086260042903,0.00914347621589031,0.14097408274345,0.120508337800214,-0.0201639543576991
"1402","X564136.GBGOM","FALL",2015,0.032929406099203,0.0739133962465184,0.0101191474255423,0.0402681030673924,0.101009992417479,-0.00940253784926472
"1403","X564136.GBGOM","FALL",2016,0.118444044775973,0.0878434170870632,0.0119843073302591,0.139107137821146,0.103055336882989,0.00541510300308259
"1404","X564136.GBGOM","FALL",2018,0.0869141289767153,0.105576124498844,0.0180350473283008,0.102604286261003,0.113630925297014,0.0144499070941309
"1405","X564136.GBGOM","FALL",2019,0.134705310021523,0.131981796772662,0.0324192517302579,0.131329140697707,0.136400978901353,0.0301845793396028
"1406","X564136.GBGOM","FALL",2021,0.213411170406188,0.199794912518424,0.0295681022234022,0.228999689782566,0.204797739243555,0.0292081719134597
"1407","X564136.GBGOM","FALL",2022,0.194146214077222,0.226004249378071,0.024573914852928,0.188185147433857,0.230979538563612,0.0271261628066415
"1408","X564136.GBGOM","FALL",2023,0.291623388748724,0.246608930589899,0.0125782925793101,0.303730801099593,0.258104137627225,0.0222063720109864
"1409","X564136.GBGOM","FALL",2024,0.221574235142652,0.243046524553858,-0.0237602596428077,0.246584318038674,0.265558955966385,-0.0122133986422656
"1410","X564136.SNEMA","SPRING",2009,0.334348054848651,0.32822345373891,0.0398660926244097,0.329847098569566,0.321342204629804,0.0313088399081793
"1411","X564136.SNEMA","SPRING",2010,0.370783495918418,0.369688102767806,0.0453222528803826,0.354629288242985,0.3558127230383,0.0400797138529548
"1412","X564136.SNEMA","SPRING",2011,0.414231867696483,0.423386054393677,0.0643326978183614,0.39618471163314,0.406396666223997,0.0635356894625809
"1413","X564136.SNEMA","SPRING",2012,0.437162560099371,0.500007793976649,0.0883060294727006,0.423155231921017,0.484376045086798,0.0914674944422162
"1414","X564136.SNEMA","SPRING",2013,0.64146936939831,0.578445370268227,0.0476211319144846,0.639238639505945,0.567655131513207,0.0543697286361861
"1415","X564136.SNEMA","SPRING",2014,0.630938071420888,0.573742475730743,-0.0575865118683552,0.63017486964263,0.57481535938864,-0.0376284660814358
"1416","X564136.SNEMA","SPRING",2015,0.502090762097508,0.480610188885368,-0.11078062858964,0.485254657367294,0.515105070139993,-0.0615060484300856
"1417","X564136.SNEMA","SPRING",2016,0.269854119595518,0.395034173798687,-0.0354158795692515,0.405903940626035,0.482846520069018,0.007746141842912
"1418","X564136.SNEMA","SPRING",2018,0.489574566053091,0.498767066523622,0.0761997831621081,0.611391730932702,0.586531345875507,0.0385111840865795
"1419","X564136.SNEMA","SPRING",2019,0.674527962747951,0.538364311430818,-0.0143000054364084,0.670334622311763,0.584850494691851,-0.0466855573772962
"1420","X564136.SNEMA","SPRING",2021,0.198700771416971,0.411764258486568,-0.0189161436789626,0.239080688488708,0.445983022406785,-0.0152953394389169
"1421","X564136.SNEMA","SPRING",2022,0.599193830894175,0.438011207061078,0.0476892397704334,0.643642673525612,0.471790393996544,0.0425003075608764
"1422","X564136.SNEMA","SPRING",2024,0.307678263569876,0.33450923869506,-0.246074412366645,0.299312276605115,0.330645452312067,-0.281284349475587
"1423","X564136.SNEMA","FALL",2009,1.15934980243503,1.02257005981661,-0.363137949301525,1.11237287614834,0.996977214505046,-0.303295841694292
"1424","X564136.SNEMA","FALL",2010,0.580655587323004,0.752134893839069,-0.177288893721097,0.624396343066267,0.773163686486789,-0.144888698179212
"1425","X564136.SNEMA","FALL",2011,0.655059922177401,0.668879250239356,0.0112210954541379,0.71218116316282,0.706084850472645,0.0101735423139361
"1426","X564136.SNEMA","FALL",2012,0.648879547321515,0.758231995754152,0.150695817649794,0.664975924926151,0.782660486683999,0.132684929515096
"1427","X564136.SNEMA","FALL",2013,1.11302582647631,0.908713776056122,0.105499211396987,1.08704481577557,0.920016813823053,0.100882629676901
"1428","X564136.SNEMA","FALL",2014,0.985834216753938,0.937653184974128,-0.034429095577816,1.04366096209584,0.949470890511272,-0.0357842367408783
"1429","X564136.SNEMA","FALL",2015,0.776120108488639,0.880373697689081,-0.0528030641868482,0.754739592706226,0.88819830463246,-0.0532012102851658
"1430","X564136.SNEMA","FALL",2016,0.842700804180453,0.856614958309167,0.00252667233032711,0.863769318216733,0.871682399428263,0.0152236046325121
"1431","X564136.SNEMA","FALL",2018,0.997114159358369,0.901091663723236,0.0146087162333547,1.03529767208447,0.951082364223281,0.0350653087426021
"1432","X564136.SNEMA","FALL",2019,0.806791095120306,0.919558001041223,0.0436670561492864,0.897428334408701,0.986670697855054,0.0535072459475211
"1433","X564136.SNEMA","FALL",2021,1.02152527602751,1.0942559278601,0.0816251447738166,1.09729704685922,1.16074067602436,0.0834608758742627
"1434","X564136.SNEMA","FALL",2022,1.53654179459056,1.12263073620741,-0.0505610922400201,1.53645526542568,1.20237733728535,-0.0216737831865893
"1435","X564136.SNEMA","FALL",2023,0.565573366742694,1.02625651085817,-0.0833790268195239,0.77607972060917,1.14298984026499,-0.0500182504059985
"1436","X564136.SNEMA","FALL",2024,1.23328249521831,1.07348934584621,0.236653028434512,1.32292328408099,1.19650675736961,0.204135045063365
"1437","X564136.UNIT","SPRING",2009,0.712954148818023,0.71618854583903,0.149212571909714,0.747916666666667,0.731744518881123,0.0969803571863055
"1438","X564136.UNIT","SPRING",2010,0.885571619918059,0.853018779891238,0.131701511271951,0.835912167187268,0.832906315876374,0.111337262822643
"1439","X564136.UNIT","SPRING",2011,0.977580928368826,0.994098798537429,0.157712141097678,0.95899329239356,0.966407096563298,0.16165832456965
"1440","X564136.UNIT","SPRING",2012,0.987335854606576,1.18043146812366,0.219687989034598,0.984587733650652,1.16607596552969,0.241538387858715
"1441","X564136.UNIT","SPRING",2013,1.53522954091816,1.37976328636844,0.120529366256975,1.48071049630621,1.39845850803935,0.168342358423648
"1442","X564136.UNIT","SPRING",2014,1.56489722966935,1.35507393311603,-0.177878059085385,1.73305332359386,1.41961795537283,-0.154281852023886
"1443","X564136.UNIT","SPRING",2015,1.05780544174808,1.07577750910346,-0.320974461710402,1.10838415389955,1.13462800628987,-0.342706455576564
"1444","X564136.UNIT","SPRING",2016,0.565926042651539,0.827048904965291,-0.122299178525226,0.538851703108731,0.871958056801522,-0.117872021383798
"1445","X564136.UNIT","SPRING",2018,0.95314371257485,1.05924879360341,0.231672202700344,1.1334201001537,1.12707097566928,0.199294720827492
"1446","X564136.UNIT","SPRING",2019,1.61058522053637,1.22525702447086,0.0383075902425393,1.54131694325804,1.23715666773488,-0.0173563864429521
"1447","X564136.UNIT","SPRING",2021,0.519769382491276,0.986413362374407,-0.0554060547958652,0.486384416616975,0.96055658277632,-0.048837098041495
"1448","X564136.UNIT","SPRING",2022,1.36274593669803,1.02427240971904,0.0815087647278972,1.36690996791398,1.00935275617169,0.0941279438131394
"1449","X564136.UNIT","SPRING",2024,0.709551948734111,0.766504191620951,-0.537738521854966,0.690810154197035,0.751317713240003,-0.561368990821174
"1450","X564136.UNIT","FALL",2009,2.82563819728963,2.49490719594793,-0.96225410146183,2.68402498884427,2.36351284885761,-0.911708446936067
"1451","X564136.UNIT","FALL",2010,1.36378164723185,1.74707000251448,-0.525220126246713,1.28730601418018,1.65997696008683,-0.487695194122738
"1452","X564136.UNIT","FALL",2011,1.33154518031606,1.46086726177121,-0.0389851960814639,1.28844797178131,1.40345873357763,-0.0176731224129182
"1453","X564136.UNIT","FALL",2012,1.54490792850389,1.61860228291411,0.295757751771445,1.47691790088042,1.57801598564923,0.312504760461606
"1454","X564136.UNIT","FALL",2013,2.21423318775982,1.92167291289344,0.238371142362374,2.18357734288122,1.89846634809271,0.252676924111746
"1455","X564136.UNIT","FALL",2014,2.15265784221032,2.03355111844879,-0.00439581461688754,2.18979870097675,2.01207547798086,-0.021033979913709
"1456","X564136.UNIT","FALL",2015,1.86789653775156,1.96821061289846,-0.0811747838797835,1.77367565500096,1.91701894404435,-0.112883216602002
"1457","X564136.UNIT","FALL",2016,1.79755751654586,1.93241943262856,0.0256998926753231,1.72832812732411,1.85731460182416,0.00828421785162931
"1458","X564136.UNIT","FALL",2018,2.31389851875197,2.11116145837229,0.0615161687038244,2.25780901383311,2.02488468410263,0.0691901961908014
"1459","X564136.UNIT","FALL",2019,1.94954301922471,2.14941514484899,0.051419126288774,1.86126729138777,2.08745487520167,0.101675437507757
"1460","X564136.UNIT","FALL",2021,2.35320186694281,2.26460748837547,-0.0292364609903583,2.23176692661298,2.45328177083066,0.175728472609586
"1461","X564136.UNIT","FALL",2022,2.5914831990155,2.16101291226839,-0.162389650849681,3.48448892572052,2.51214239427284,-0.127071094534334
"1462","X564136.UNIT","FALL",2023,1.2338008194138,2.03450325325759,-0.0115176409645528,1.24399325697853,2.26419355830464,-0.234708732050311
"1463","X564136.UNIT","FALL",2024,2.65405729893596,2.29620168275403,0.614026526164813,2.65135568729946,2.31096062087576,0.462360702544335
"1464","X564139.GBGOM","SPRING",2009,1.37915012886266,1.29287594060872,-0.226666274788143,1.48717208383302,1.43175613371459,-0.0377782206512564
"1465","X564139.GBGOM","SPRING",2010,0.96205221570304,1.16466143978317,-0.0535286240201867,1.25232686576986,1.49715941127885,0.12407862560442
"1466","X564139.GBGOM","SPRING",2011,1.27971363728801,1.13828689825388,-0.0229863561956318,1.88295065951937,1.59090108457275,0.0188985708080535
"1467","X564139.GBGOM","SPRING",2012,1.0809412777504,1.09932496733863,-0.0505353685309024,1.50298331361461,1.51914605150658,-0.133712988153424
"1468","X564139.GBGOM","SPRING",2013,1.10230890441699,1.0447821490599,-0.0553864172626993,1.29073045238476,1.38132583981196,-0.112772352476736
"1469","X564139.GBGOM","SPRING",2014,1.02376413884655,1.01220838430673,0.0107312884859889,1.34790908647334,1.32109562201835,-0.00934889040433551
"1470","X564139.GBGOM","SPRING",2015,0.852764521794802,1.11133184088052,0.212110338780621,1.31757939081891,1.36840844307715,0.111415723889652
"1471","X564139.GBGOM","SPRING",2016,1.53986517507023,1.40183365300113,0.309703162474728,1.5095257567761,1.54217120809927,0.226912753088507
"1472","X564139.GBGOM","SPRING",2018,1.95950140315798,1.74664851339766,-0.0222064890911843,2.08177733224971,2.01558963983587,0.168396271427284
"1473","X564139.GBGOM","SPRING",2019,1.45610969776359,1.65157390099772,-0.114844805866242,2.13714541542949,2.11139429562063,0.0238326003306144
"1474","X564139.GBGOM","SPRING",2021,1.63852070377559,1.50080215572361,-0.0631234789310012,2.03528131203052,1.96900427064165,-0.118545247598174
"1475","X564139.GBGOM","SPRING",2022,1.28970164561387,1.44669021797737,-0.0286217824681538,1.72278248251837,1.86475668946232,-0.0758158196430186
"1476","X564139.GBGOM","SPRING",2024,1.7357772545584,1.68915064327308,0.336996664137095,2.04100577595318,1.99646123773125,0.264056748381847
"1477","X564139.GBGOM","FALL",2009,1.62711034015174,1.57454339954962,0.120288902394965,1.5607377931393,1.50894631354773,0.112903985974949
"1478","X564139.GBGOM","FALL",2010,1.639490617134,1.74175443109338,0.206035269808648,1.56747949309547,1.66801062727902,0.19729716875493
"1479","X564139.GBGOM","FALL",2011,1.87192796981988,1.97041815739909,0.243194291918863,1.79268585180201,1.88768570559218,0.234125515138683
"1480","X564139.GBGOM","FALL",2012,2.47506407403435,2.17564987614235,0.122873897662798,2.37563330980447,2.08524955285799,0.117917547427258
"1481","X564139.GBGOM","FALL",2013,2.1553318535304,2.21581978540254,0.00151500144029582,2.06325776651505,2.12315634038023,0.00061619951643932
"1482","X564139.GBGOM","FALL",2014,2.09092746719232,2.24877379574589,0.09043785538666,2.00362353435692,2.15409746213045,0.086161382324351
"1483","X564139.GBGOM","FALL",2015,2.52002753219695,2.40341476898955,0.199518527774089,2.4104394881278,2.30202291460397,0.191337993857373
"1484","X564139.GBGOM","FALL",2016,2.38193647096483,2.64278431688317,0.29351959692882,2.28636282144771,2.53133076658709,0.280186555616078
"1485","X564139.GBGOM","FALL",2018,3.68301499589565,3.01574107762845,-0.164502208641443,3.52000669728282,2.88450875677605,-0.158181224229054
"1486","X564139.GBGOM","FALL",2019,2.27820583019893,2.68570813574042,-0.363634427645218,2.17913384875087,2.5692936769773,-0.346311351875407
"1487","X564139.GBGOM","FALL",2021,2.01669372852776,2.45722966192435,0.187895621101899,1.93503392247787,2.35399664054557,0.179994526270466
"1488","X564139.GBGOM","FALL",2022,3.44442483541755,2.71681991866868,0.225542265387843,3.29711940953939,2.60150730351202,0.214231308701856
"1489","X564139.GBGOM","FALL",2023,2.38165433859186,2.86969856896096,0.14734203845655,2.27808370800136,2.74603357749811,0.139191049779722
"1490","X564139.GBGOM","FALL",2024,3.29830384257368,3.14575800210145,0.47190383108426,3.15487101803693,3.00862902409026,0.450369653913976
"1491","X564139.SNEMA","SPRING",2009,1.40862341994642,1.6999492486805,0.846208916979992,1.89225727771983,2.13033623333934,0.654041563352414
"1492","X564139.SNEMA","SPRING",2010,2.61789256891573,2.36332423928633,0.451268264533087,2.84492306851971,2.63393413965293,0.32998363995824
"1493","X564139.SNEMA","SPRING",2011,2.7588597270855,2.54394017834952,-0.119309186105286,2.86325041051744,2.74396229462276,-0.133097939335104
"1494","X564139.SNEMA","SPRING",2012,2.39269009605191,2.15768562634718,-0.590947358929388,2.69211857723702,2.37823358895711,-0.564693534705281
"1495","X564139.SNEMA","SPRING",2013,0.94353596171997,1.55661424101499,-0.478879190180765,1.22549946085295,1.77848058113414,-0.504573062309625
"1496","X564139.SNEMA","SPRING",2014,1.43418374206733,1.2679435666475,-0.162762059446601,1.56012781381152,1.45210986348193,-0.195385392481766
"1497","X564139.SNEMA","SPRING",2015,1.26044649326637,1.1558532966191,-0.0723554052204909,1.48402122742154,1.32787741143286,-0.0656948768671566
"1498","X564139.SNEMA","SPRING",2016,1.01075692701187,1.13510615435782,0.053671443459532,1.10504354874343,1.34592926637987,0.139623108644224
"1499","X564139.SNEMA","SPRING",2018,1.51186567723559,1.49486051543625,0.237830837733767,2.0753535912168,1.94427305158831,0.299477909363695
"1500","X564139.SNEMA","SPRING",2019,1.69052001731657,1.71380180352093,0.1863114001318,2.14065395537881,2.16525711945515,0.143464760093651
"1501","X564139.SNEMA","SPRING",2021,2.05165983080199,1.77240313148375,-0.191980355806019,2.29514294558071,2.12056586460689,-0.200876854360658
"1502","X564139.SNEMA","SPRING",2022,1.22998258144424,1.47825994372658,-0.355693199947221,1.67136124510537,1.85277148468147,-0.306003397877296
"1503","X564139.SNEMA","SPRING",2024,1.03675223481192,1.00802733220495,0.0479118674699308,1.45640848570151,1.43243070847388,0.000496652121210639
"1504","X564139.SNEMA","FALL",2009,0.362911682925175,0.470650797062824,0.483210583865858,0.356584153514746,0.468160939845976,0.530200784364274
"1505","X564139.SNEMA","FALL",2010,0.957466421093585,0.907176209891722,0.370212177248879,1.00089016567494,0.950556600820148,0.413865836228058
"1506","X564139.SNEMA","FALL",2011,1.20935462109287,1.17181902247446,0.139445383373547,1.30794440859885,1.25444320959007,0.173182679955769
"1507","X564139.SNEMA","FALL",2012,1.43222575590464,1.16151848426877,-0.164966887611932,1.49856378638755,1.27478682471321,-0.133905884371952
"1508","X564139.SNEMA","FALL",2013,0.607971309354264,0.909054653084789,-0.267870941094846,0.810106580910342,1.04728873684994,-0.259022560688339
"1509","X564139.SNEMA","FALL",2014,0.825928127041237,0.683425841751177,-0.197827275561454,0.90701600761975,0.812771493517625,-0.216049866461439
"1510","X564139.SNEMA","FALL",2015,0.324915673487745,0.525530590356581,-0.0913921448439603,0.478896160424412,0.630209802682333,-0.128014775968729
"1511","X564139.SNEMA","FALL",2016,0.60993365039592,0.495963087100803,0.00100759098617202,0.640569779186242,0.555257533997862,-0.0444329082229363
"1512","X564139.SNEMA","FALL",2018,0.40688728980836,0.508103877299869,0.0175449095348186,0.397087118457752,0.514604480465669,0.011933808869957
"1513","X564139.SNEMA","FALL",2019,0.671274731315208,0.507035167928687,-0.047239059561787,0.706182170741116,0.514974103628772,-0.0429658931582382
"1514","X564139.SNEMA","FALL",2021,0.167316293131449,0.275590076112441,-0.105235355650374,0.162669029062245,0.314094753802297,-0.0651735445515798
"1515","X564139.SNEMA","FALL",2022,0.248157564502452,0.203960424469265,-0.0491471770596959,0.396008751202778,0.293568674866007,0.00476583105513461
"1516","X564139.SNEMA","FALL",2023,0.144952341179332,0.16618617712363,-0.0263876330772752,0.241831446684429,0.309344435728363,0.0318592661092396
"1517","X564139.SNEMA","FALL",2024,0.167931475116094,0.151212527423313,-0.00354598176905913,0.40314639000693,0.367434357963814,0.0893941538013277
"1518","X564139.UNIT","SPRING",2009,1.7548311576641,1.87767111770027,0.373870493230488,1.7281182312405,1.84831459670442,0.366738323283007
"1519","X564139.UNIT","SPRING",2010,2.22323678507346,2.2057369055719,0.247012990355662,2.18629549478442,2.17080131847131,0.24333025381219
"1520","X564139.UNIT","SPRING",2011,2.52273052237418,2.30120091409736,-0.0913330654618542,2.48551893096951,2.26516537145164,-0.0895070142901044
"1521","X564139.UNIT","SPRING",2012,2.17758390882182,2.02570241341512,-0.42178420497859,2.14163257802264,1.99455146995867,-0.414051742189673
"1522","X564139.UNIT","SPRING",2013,1.29070047900446,1.58208640808358,-0.378873632665119,1.27203660624366,1.55958919474399,-0.371014547074162
"1523","X564139.UNIT","SPRING",2014,1.35658174340806,1.34700747619569,-0.098806076019218,1.34265484553937,1.32936952711886,-0.0974358980331208
"1524","X564139.UNIT","SPRING",2015,1.28307444969012,1.37253409449047,0.145440995962657,1.26415102332168,1.35300193661723,0.140996364826372
"1525","X564139.UNIT","SPRING",2016,1.64133030438061,1.60000093061896,0.276022455438391,1.61442356303195,1.57509665448214,0.270631820817463
"1526","X564139.UNIT","SPRING",2018,2.21588836204266,2.05373127226669,0.0983798046868474,2.18198233327981,2.02371656556713,0.099714519259415
"1527","X564139.UNIT","SPRING",2019,1.94942530275426,2.07904599575785,-0.016908715070444,1.92498863198405,2.05183270630137,-0.0136461126705086
"1528","X564139.UNIT","SPRING",2021,2.12869823744385,1.94457228539111,-0.145129543554149,2.10671598548275,1.92105719357602,-0.145018787178361
"1529","X564139.UNIT","SPRING",2022,1.57337615262212,1.77241331957104,-0.173489192037613,1.54790667536674,1.74821913875396,-0.174716381139871
"1530","X564139.UNIT","SPRING",2024,1.77275011108667,1.72850438320633,0.232377039866461,1.74685514159341,1.70256436711376,0.232825374803265
"1531","X564139.UNIT","FALL",2009,1.31163276051982,1.34014152522863,0.373940464169788,1.28951042934943,1.31753591230505,0.36763338614395
"1532","X564139.UNIT","FALL",2010,1.67775611244242,1.71852666419333,0.365339066728666,1.64945865185758,1.68953888261055,0.359178124133611
"1533","X564139.UNIT","FALL",2011,1.99295246744017,2.03583816462405,0.251793187101801,1.95933882510169,2.0015032999054,0.247556280122651
"1534","X564139.UNIT","FALL",2012,2.53654045921833,2.17161695290291,-0.0132409490071426,2.49375852379026,2.13500926533363,-0.0129920964549644
"1535","X564139.UNIT","FALL",2013,1.82891767741434,2.04940508816975,-0.158128620436121,1.79807068749386,2.01488864864795,-0.15543184807513
"1536","X564139.UNIT","FALL",2014,1.9224668714171,1.93767234272125,-0.0560783997933587,1.89004205703786,1.90504623892261,-0.055169590477571
"1537","X564139.UNIT","FALL",2015,1.9042944946763,1.95143348463022,0.0885274089909737,1.87217618021725,1.9184416329651,0.0867691629368627
"1538","X564139.UNIT","FALL",2016,1.98816625365615,2.11100384596172,0.221963273550877,1.9546333368146,2.07487698855949,0.217585187640765
"1539","X564139.UNIT","FALL",2018,2.83334788093775,2.41690929379142,-0.0925541195536678,2.78269096686441,2.37464890290287,-0.0907794466368938
"1540","X564139.UNIT","FALL",2019,2.0057715400028,2.18967615508096,-0.285589608373549,1.97194168793163,2.15183149997966,-0.280077526921785
"1541","X564139.UNIT","FALL",2021,1.48006681338254,1.86953058377537,0.0550287001274603,1.45510363071016,1.83794042492449,0.0542830246825095
"1542","X564139.UNIT","FALL",2022,2.54395547508431,1.99283697699198,0.10751870497505,2.50104847611592,1.95926155823187,0.105734783044108
"1543","X564139.UNIT","FALL",2023,1.6969971104077,2.04873218076999,0.0525012709562027,1.66837512626578,2.01421167684318,0.0515915988971292
"1544","X564139.UNIT","FALL",2024,2.30475599789672,2.19429865565488,0.286861247188816,2.26588339804476,2.15729704546334,0.282005283061783
"1545","X564145.GBGOM","SPRING",2009,14.9159096833493,12.7633010695071,-3.9832740425977,15.1004796731481,12.9963756262187,-4.07441328866997
"1546","X564145.GBGOM","SPRING",2010,7.01347087497912,10.7917495367142,-0.227242944993792,7.16277649303891,10.9056873843197,-0.381039813383639
"1547","X564145.GBGOM","SPRING",2011,11.5576774335236,11.7739873355079,1.92430462057546,11.6976436310336,11.6861427629402,1.66787395236885
"1548","X564145.GBGOM","SPRING",2012,15.9792163268783,13.70834334004,1.27980587266939,15.4059405743365,13.3728006792167,1.1108838885992
"1549","X564145.GBGOM","SPRING",2013,14.2137640194912,13.8261541710298,-0.887027604687513,13.7928189622499,13.4628828895905,-0.781189126814661
"1550","X564145.GBGOM","SPRING",2014,11.066363393644,12.3505031468819,-1.80521603339354,10.6852519028236,12.1929543361116,-1.52566641065581
"1551","X564145.GBGOM","SPRING",2015,13.1366230868914,10.3246517074219,-2.39661565256184,13.7547546529258,10.3960619215171,-2.31660813478233
"1552","X564145.GBGOM","SPRING",2016,5.11363794950418,8.16570492307148,-1.16271602779044,4.89126197392293,8.14810834256326,-1.34243903085995
"1553","X564145.GBGOM","SPRING",2018,9.49618163234491,11.0166600792878,3.09227950008819,9.16966992181324,10.6881861983636,3.01024576470207
"1554","X564145.GBGOM","SPRING",2019,17.4474075368863,13.7762520840445,1.72151189506306,16.9695109308,13.4387768487199,1.79731256424287
"1555","X564145.GBGOM","SPRING",2021,10.7321708315959,13.7807850813656,0.0507211539671976,10.9064282155514,13.7340825557967,0.142135547891441
"1556","X564145.GBGOM","SPRING",2022,16.3347690510588,14.4508972111751,1.00081672798622,16.1830478930059,14.4297199344824,0.983328490568977
"1557","X564145.GBGOM","SPRING",2024,14.032910393767,14.3111125278669,-2.29534692195692,14.0896073914116,14.3574127362211,-2.11887856447436
"1558","X564145.GBGOM","FALL",2009,17.4394888712922,15.318478847444,-2.77879641917902,16.6811005399932,14.6511134288939,-2.65974094135516
"1559","X564145.GBGOM","FALL",2010,10.0829236895154,14.5337650153576,0.808812957361474,9.64005279968621,13.8998758514306,0.773902276830252
"1560","X564145.GBGOM","FALL",2011,17.8774427863351,16.1349931668773,1.99308754803313,17.1000092214706,15.4321909633576,1.90736443742526
"1561","X564145.GBGOM","FALL",2012,18.638347188171,17.8773621147417,1.24962814865807,17.827824292315,17.0996506981674,1.19596451367914
"1562","X564145.GBGOM","FALL",2013,17.0276208821629,18.461755859266,-0.011312065499542,16.2871433898395,17.659074979742,-0.0105704429885751
"1563","X564145.GBGOM","FALL",2014,21.316065479174,17.5555930590462,-2.16968705374613,20.3890970658265,16.7923937975287,-2.07545344364104
"1564","X564145.GBGOM","FALL",2015,12.8385790171244,14.4759552745099,-3.26734147378407,12.2802697347305,13.8462600326382,-3.12606062375858
"1565","X564145.GBGOM","FALL",2016,10.7973020623174,11.9912682691516,-1.45392142080144,10.3277614723376,11.4683136153704,-1.39254460779956
"1566","X564145.GBGOM","FALL",2018,10.6898600373539,13.4377876832005,2.51986856130035,10.2167324777213,12.8491093112744,2.41090393456345
"1567","X564145.GBGOM","FALL",2019,21.0469724411273,15.7743386756337,1.26189756433607,20.1317060347363,15.085731934768,1.20902514261831
"1568","X564145.GBGOM","FALL",2021,12.8504624384176,15.5388575156104,1.05496170594736,12.2916363835362,14.8629541394201,1.00961032310318
"1569","X564145.GBGOM","FALL",2022,16.1537436627509,18.2600526706618,4.19114069512644,15.4512683327089,17.4660851649582,4.00896618948482
"1570","X564145.GBGOM","FALL",2023,26.7656492032307,23.1916101202544,5.13873332747882,25.6016955928248,22.1831779551255,4.91519636607373
"1571","X564145.GBGOM","FALL",2024,26.4983980852417,27.4710375724594,2.88688070035131,25.3460663825021,26.2764318475538,2.76128839400696
"1572","X564145.SNEMA","SPRING",2009,15.2048193136095,16.1751037350118,2.66726437088383,15.9159362297027,16.7643139072268,2.00880289645696
"1573","X564145.SNEMA","SPRING",2010,19.6532138025737,17.9278005615216,0.964366390718519,19.5081029217332,17.959555139863,0.502232355306913
"1574","X564145.SNEMA","SPRING",2011,18.6786594136943,18.3563107336145,0.0188910620500777,18.3712678758582,18.0098841908236,-0.281021466894067
"1575","X564145.SNEMA","SPRING",2012,15.6060379312508,18.4717116753433,0.591802702546255,15.0161414189297,17.8895742174195,0.411910744938855
"1576","X564145.SNEMA","SPRING",2013,19.6405195074057,19.3332906254357,0.5448378032285,19.110037742732,18.6119001628527,0.439426403225765
"1577","X564145.SNEMA","SPRING",2014,23.3099814904449,18.4983713401625,-2.69117492100244,22.1300163211666,17.7524732386402,-2.5809192941797
"1578","X564145.SNEMA","SPRING",2015,11.1991789160009,14.5505948499548,-4.12822544566129,11.0181759857905,14.0172512846855,-3.89969586100855
"1579","X564145.SNEMA","SPRING",2016,10.954368381038,11.3112173695496,-2.35738520819131,10.4826415132987,10.9641465227565,-2.18527740943713
"1580","X564145.SNEMA","SPRING",2018,10.1103997344384,9.12382339277389,-0.316593707124536,10.1605770117061,9.06971481986103,-0.249219947277065
"1581","X564145.SNEMA","SPRING",2019,7.97900288966497,9.14522629520144,0.55213695017017,8.03838697736753,9.11992107436792,0.570093532898802
"1582","X564145.SNEMA","SPRING",2021,12.7800131745756,11.7564404446832,1.36560435201593,12.3470637052619,12.1343276331717,1.90072606240825
"1583","X564145.SNEMA","SPRING",2022,12.3718353273398,12.8923903615507,0.993378831580895,14.2574798057608,13.9363475194871,1.67963962437506
"1584","X564145.SNEMA","SPRING",2024,15.4081153846742,15.3538638819079,1.8164280882237,16.3955988921516,16.5220166903041,0.811333203051419
"1585","X564145.SNEMA","FALL",2009,5.1259570389883,7.28939744572323,3.08135354601653,4.92174137913377,7.00474030797883,2.99477630805846
"1586","X564145.SNEMA","FALL",2010,13.215499302187,8.18409708063647,-0.771615974920767,12.7122400767437,7.90599570155524,-0.699933524829474
"1587","X564145.SNEMA","FALL",2011,3.04577482743341,6.78684209842025,-1.50255568824238,3.05772957886056,6.58953725047222,-1.44065138126042
"1588","X564145.SNEMA","FALL",2012,6.70952368204609,5.52973008953239,-1.18126224542193,6.48465591396276,5.36236442317002,-1.16835478528452
"1589","X564145.SNEMA","FALL",2013,3.77348437913506,4.32113988104671,-1.16950198219052,3.61869896574478,4.16759838892512,-1.1517460622428
"1590","X564145.SNEMA","FALL",2014,4.27430232718228,3.19355971155193,-1.14924095975737,4.10149702920465,3.0661287028614,-1.11336812667016
"1591","X564145.SNEMA","FALL",2015,1.03133183113587,2.1996357429378,-0.598046593106723,0.997214138674181,2.10790653017894,-0.573857007315078
"1592","X564145.SNEMA","FALL",2016,2.3279749093251,2.14367729554874,0.391780084174695,2.22931548076262,2.05846837318401,0.385815166898288
"1593","X564145.SNEMA","FALL",2018,2.83872704317466,4.00796256312331,1.3060898981928,2.72770867136707,3.89218676000787,1.28677165150659
"1594","X564145.SNEMA","FALL",2019,7.11514986025892,5.03892774121587,0.376949748292867,6.97147202507144,4.90717442663572,0.367029252032527
"1595","X564145.SNEMA","FALL",2021,2.4835650878296,3.42333535462031,-1.1114757974808,2.37812694316059,3.30056056226617,-1.09571361199557
"1596","X564145.SNEMA","FALL",2022,2.53646487453388,2.54624194306384,-0.697022006320102,2.42595677264771,2.44792244951828,-0.659248526550389
"1597","X564145.SNEMA","FALL",2023,2.15301846846227,1.93438593384158,-0.567284439574981,2.08486123364453,1.89101890697894,-0.495917247664576
"1598","X564145.SNEMA","FALL",2024,1.29864345858274,1.33048420901277,-0.68111343753318,1.363755150671,1.37337057591658,-0.580738103596417
"1599","X564145.UNIT","SPRING",2009,15.2152414888919,14.4912472127751,-0.925938772518301,15.2152414888919,14.4912472127751,-0.925938772518301
"1600","X564145.UNIT","SPRING",2010,12.9130721349464,14.2729572581678,0.376696362257119,12.9130721349464,14.2729572581678,0.376696362257119
"1601","X564145.UNIT","SPRING",2011,15.2146170934504,15.0193149351962,1.00335649075305,15.2146170934504,15.0193149351962,1.00335649075305
"1602","X564145.UNIT","SPRING",2012,15.8631973855855,15.9996912123903,0.790079537398296,15.8631973855855,15.9996912123903,0.790079537398296
"1603","X564145.UNIT","SPRING",2013,16.8627137624336,16.2522678042441,-0.464816033202358,16.8627137624336,16.2522678042441,-0.464816033202358
"1604","X564145.UNIT","SPRING",2014,15.8565533549001,14.8992017812682,-2.23228369795535,15.8565533549001,14.8992017812682,-2.23228369795535
"1605","X564145.UNIT","SPRING",2015,12.3861557011906,12.1173467737047,-3.01081226659461,12.3861557011906,12.1173467737047,-3.01081226659461
"1606","X564145.UNIT","SPRING",2016,7.79009921699871,9.60569993463222,-1.60497277557406,7.79009921699871,9.60569993463222,-1.60497277557406
"1607","X564145.UNIT","SPRING",2018,9.90922645614418,10.2088142625978,1.48625164414726,9.90922645614418,10.2088142625978,1.48625164414726
"1608","X564145.UNIT","SPRING",2019,13.0309627924039,11.6565294514075,1.13921276774832,13.0309627924039,11.6565294514075,1.13921276774832
"1609","X564145.UNIT","SPRING",2021,11.6560897591893,12.8753079117331,0.706678928561799,11.6560897591893,12.8753079117331,0.706678928561799
"1610","X564145.UNIT","SPRING",2022,14.6591274978087,13.820330419627,1.05950819936627,14.6591274978087,13.820330419627,1.05950819936627
"1611","X564145.UNIT","SPRING",2024,14.7726472437342,14.9109949299334,-0.464275240498399,14.7726472437342,14.9109949299334,-0.464275240498399
"1612","X564145.UNIT","FALL",2009,11.5802072856105,11.1616507082714,-0.534532169671711,11.5802072856105,11.1616507082714,-0.534532169671711
"1613","X564145.UNIT","FALL",2010,10.3631186091681,10.9211310033899,0.0472841658148776,10.3631186091681,10.9211310033899,0.0472841658148776
"1614","X564145.UNIT","FALL",2011,10.5111343771346,11.2438018517137,0.591848936738931,10.5111343771346,11.2438018517137,0.591848936738931
"1615","X564145.UNIT","FALL",2012,12.9421615826247,11.8380555178683,0.336093630664723,12.9421615826247,11.8380555178683,0.336093630664723
"1616","X564145.UNIT","FALL",2013,10.778086951532,11.7247543460481,-0.493365976394463,10.778086951532,11.7247543460481,-0.493365976394463
"1617","X564145.UNIT","FALL",2014,13.2401953819762,10.7139285118413,-1.73501074316788,13.2401953819762,10.7139285118413,-1.73501074316788
"1618","X564145.UNIT","FALL",2015,7.0294143614886,8.57054415916776,-2.02922161157506,7.0294143614886,8.57054415916776,-2.02922161157506
"1619","X564145.UNIT","FALL",2016,6.68521436690106,7.25580723935363,-0.522466627994925,6.68521436690106,7.25580723935363,-0.522466627994925
"1620","X564145.UNIT","FALL",2018,7.12095706710124,9.00065350151604,1.9220908654785,7.12095706710124,9.00065350151604,1.9220908654785
"1621","X564145.UNIT","FALL",2019,14.3883828121594,10.6443397759089,0.73465423736248,14.3883828121594,10.6443397759089,0.73465423736248
"1622","X564145.UNIT","FALL",2021,7.6815957673127,9.59093807875028,0.0299079454875465,7.6815957673127,9.59093807875028,0.0299079454875465
"1623","X564145.UNIT","FALL",2022,9.42134160887121,10.6758181262718,2.00753791455162,9.42134160887121,10.6758181262718,2.00753791455162
"1624","X564145.UNIT","FALL",2023,15.3350822350909,13.1453257922094,2.60310353668337,15.3350822350909,13.1453257922094,2.60310353668337
"1625","X564145.UNIT","FALL",2024,14.6351336436973,15.225277438358,1.2284258749735,14.6351336436973,15.225277438358,1.2284258749735
"1626","X564149.GBGOM","SPRING",2009,0.8414476212004,0.875833967423028,0.187986248893832,0.804855719796215,0.837751521592496,0.180091822512038
"1627","X564149.GBGOM","SPRING",2010,1.04954974117488,1.05439012085964,0.156776091612419,1.00390813535149,1.00897341192132,0.150426495235979
"1628","X564149.GBGOM","SPRING",2011,1.15814907076,1.16468621791393,0.0514661361291831,1.10943931581922,1.11475358624518,0.0492083905021075
"1629","X564149.GBGOM","SPRING",2012,1.41506316072242,1.13009008005878,-0.135540758531738,1.35352652985764,1.08138271436769,-0.130032149905303
"1630","X564149.GBGOM","SPRING",2013,0.654948774612218,0.956073603947172,-0.135140943902492,0.62646711944845,0.914616843735067,-0.12949001841124
"1631","X564149.GBGOM","SPRING",2014,0.865027821716208,0.917139305009666,0.0372522089943729,0.827410491811631,0.877243355978934,0.0355741483839962
"1632","X564149.GBGOM","SPRING",2015,1.06418434638059,0.973693609492605,0.0389921245612968,1.01790632776419,0.931320462184089,0.0373042802223216
"1633","X564149.GBGOM","SPRING",2016,1.03591459964591,0.950669202352395,-0.0926310152113736,0.990865943094573,0.909311105421525,-0.0885880209455091
"1634","X564149.GBGOM","SPRING",2018,0.532390345058034,0.61597805888032,-0.162381315903721,0.509238369196349,0.589190796331778,-0.155317038981594
"1635","X564149.GBGOM","SPRING",2019,0.506864867596949,0.489113695988821,-0.0981519909617053,0.484822914190635,0.467844719526331,-0.0938833348161173
"1636","X564149.GBGOM","SPRING",2021,0.343277034068525,0.366243456214076,-0.0318169594334412,0.328348999252719,0.350317078831351,-0.0304338350152621
"1637","X564149.GBGOM","SPRING",2022,0.374885820707975,0.341063675421877,-0.0231651484264773,0.358583219519794,0.326231932506072,-0.0221579970432264
"1638","X564149.GBGOM","SPRING",2024,0.240593142643737,0.247321352725544,-0.0890673593719442,0.230130506191591,0.23656606265266,-0.0851940304419089
"1639","X564149.GBGOM","FALL",2009,1.03156795931806,1.22776867864967,0.228561002994071,0.986708324436405,1.1741811109313,0.218332268928002
"1640","X564149.GBGOM","FALL",2010,1.63401591175761,1.29420698219467,-0.0749832872038958,1.56224525246088,1.23762520823711,-0.0716803532914737
"1641","X564149.GBGOM","FALL",2011,1.17681623346629,1.11920432164222,-0.254320925200834,1.12564020955121,1.07034784639818,-0.243110649361483
"1642","X564149.GBGOM","FALL",2012,0.618359385223347,0.869830531174319,-0.180862365053814,0.591468887126548,0.831952319111569,-0.172895716639225
"1643","X564149.GBGOM","FALL",2013,0.611185148057513,0.805068850547309,0.0353639721313673,0.584606634892881,0.77006890450394,0.0338566902356686
"1644","X564149.GBGOM","FALL",2014,1.22226908030856,0.85459172957071,-0.00630992828248095,1.16911645553528,0.817448483636517,-0.00604255072860505
"1645","X564149.GBGOM","FALL",2015,0.713118860186702,0.757971533111952,-0.151416211307514,0.68210757158838,0.725006383335348,-0.144874050827025
"1646","X564149.GBGOM","FALL",2016,0.501694964036857,0.60998768871372,-0.121837349058435,0.479877833419952,0.583392901117316,-0.116627993520896
"1647","X564149.GBGOM","FALL",2018,0.498628760772133,0.493454758769914,-0.0288459443394658,0.476559715160461,0.471794390511728,-0.0275625964371477
"1648","X564149.GBGOM","FALL",2019,0.505717879922556,0.455198638263395,-0.0547115514297961,0.483725805390263,0.435280544340633,-0.0522386353955845
"1649","X564149.GBGOM","FALL",2021,0.282575390624452,0.311998120668487,-0.0583763021737674,0.270287078705252,0.298422492861726,-0.0558131489971267
"1650","X564149.GBGOM","FALL",2022,0.264930074397303,0.274274577852993,-0.0180863344064633,0.253409101591509,0.262352133286284,-0.0172958526463339
"1651","X564149.GBGOM","FALL",2023,0.275041895202876,0.271377170925495,0.00885879057064457,0.263081191223553,0.259580403347876,0.00847029104091149
"1652","X564149.GBGOM","FALL",2024,0.294138737843222,0.285126699032636,0.0152075356628137,0.281347572447857,0.272728511910896,0.0145438243565215
"1653","X564149.UNIT","SPRING",2009,0.557896718853899,0.595996721092029,0.159808966083449,0.549404133149783,0.586662131585304,0.156451265096137
"1654","X564149.UNIT","SPRING",2010,0.764784147164611,0.732109899664103,0.108431318209365,0.751885103555231,0.719945733742166,0.10621469913989
"1655","X564149.UNIT","SPRING",2011,0.780434644399484,0.804887211808088,0.0331372332272697,0.767271635529986,0.791289049709687,0.0325706927174539
"1656","X564149.UNIT","SPRING",2012,0.958344512506573,0.785337852993318,-0.0812963911307968,0.942180830629194,0.772287285037179,-0.0794728161246673
"1657","X564149.UNIT","SPRING",2013,0.49803837177243,0.679341778276068,-0.0845879693001403,0.489638330139174,0.668725163908302,-0.0823710856229417
"1658","X564149.UNIT","SPRING",2014,0.622841209561903,0.649973039599256,0.0135538281491712,0.615730178753462,0.64041327831639,0.0133351384540682
"1659","X564149.UNIT","SPRING",2015,0.725762502655739,0.673025958440864,0.0114251971978436,0.713521608010477,0.662533876221125,0.0104566687451381
"1660","X564149.UNIT","SPRING",2016,0.695459743695322,0.64765069771895,-0.0662216425814639,0.68372994307674,0.63694260898945,-0.0655738214154421
"1661","X564149.UNIT","SPRING",2018,0.382784840947079,0.426586621717798,-0.109368217240118,0.376328694628289,0.419330906439477,-0.107435566212631
"1662","X564149.UNIT","SPRING",2019,0.344053165547026,0.33798032895843,-0.0704014622678792,0.338250277499739,0.332359210760727,-0.0690302546031136
"1663","X564149.UNIT","SPRING",2021,0.231773611123218,0.250556507756786,-0.0216282802711594,0.228511989758754,0.246681371705249,-0.0212942726117726
"1664","X564149.UNIT","SPRING",2022,0.260650735992269,0.234043871758084,-0.0150202019499211,0.256254534498231,0.230311220657942,-0.0149708872966534
"1665","X564149.UNIT","SPRING",2024,0.161160966933463,0.166494681369241,-0.0670218293336292,0.158442785145423,0.163668207301486,-0.0657715573150572
"1666","X564149.UNIT","FALL",2009,0.680872003715215,0.826153073209021,0.39334034120355,0.669388243623051,0.812218675494918,0.386706150889811
"1667","X564149.UNIT","FALL",2010,1.09474889929346,1.21493981881271,0.315014503635937,1.07628458639463,1.19444801797786,0.309701502816773
"1668","X564149.UNIT","FALL",2011,2.12604617319743,1.31774478774511,-0.178623212139036,2.09018773862436,1.29551961860987,-0.175609332812042
"1669","X564149.UNIT","FALL",2012,0.436758438332352,0.943023097935473,-0.416271817711509,0.42939195961584,0.927120127715989,-0.409247842354212
"1670","X564149.UNIT","FALL",2013,0.40327647701399,0.650817748442646,-0.157070634922317,0.396474713558346,0.639846746786934,-0.154417913239924
"1671","X564149.UNIT","FALL",2014,0.820547907966967,0.578979721047303,-0.0475757732637321,0.80670833860914,0.569221048768723,-0.0467777415278895
"1672","X564149.UNIT","FALL",2015,0.518512052825236,0.503553628186114,-0.0944186327923479,0.509766696888953,0.495051252174005,-0.0928576044873055
"1673","X564149.UNIT","FALL",2016,0.349523471093337,0.412124293635021,-0.0753159778037229,0.343628319483763,0.405111342373784,-0.0741209597077079
"1674","X564149.UNIT","FALL",2018,0.336217400065439,0.339118907906573,-0.0173509534922004,0.330206230007691,0.333221698464323,-0.0170329574446593
"1675","X564149.UNIT","FALL",2019,0.35440965504534,0.315761970574909,-0.035114001912864,0.3484320918166,0.31032790594525,-0.0344392583014841
"1676","X564149.UNIT","FALL",2021,0.194187926680918,0.218595307124442,-0.0405057007040977,0.190912703804034,0.214901519120624,-0.0398008706531575
"1677","X564149.UNIT","FALL",2022,0.192432976665219,0.191289347018164,-0.015718774837959,0.189187353220892,0.188067316952871,-0.0154501555115125
"1678","X564149.UNIT","FALL",2023,0.181794052978954,0.184088851113996,-0.000138567975403416,0.178727868322806,0.18098798847346,-0.000139099242284016
"1679","X564149.UNIT","FALL",2024,0.194962626934929,0.188099509057304,0.00670353285699292,0.19167433776686,0.184927922878355,0.00658837025710174
"1680","X564151.GBGOM","SPRING",2009,2.54083024105063,2.49271017212597,0.549303331694227,2.43033755282761,2.38431007383166,0.525415863421786
"1681","X564151.GBGOM","SPRING",2010,2.89045414787078,3.14687046821012,0.709199470807018,2.76475741936697,3.01002300319475,0.678358624083071
"1682","X564151.GBGOM","SPRING",2011,3.7647487088984,3.81147353440592,0.570188871917552,3.60103166924355,3.64572457955514,0.545393157416386
"1683","X564151.GBGOM","SPRING",2012,5.28206820010193,4.15029637052476,0.0203227484667151,5.05236772449469,3.96981307986939,0.0194389762752929
"1684","X564151.GBGOM","SPRING",2013,2.63860631388346,4.04966950411189,0.063108043333485,2.52386165283808,3.87356215829445,0.0603636737003788
"1685","X564151.GBGOM","SPRING",2014,4.59387078149056,4.38811930655447,0.440713886288446,4.39409783964058,4.1972938469897,0.421548630284133
"1686","X564151.GBGOM","SPRING",2015,5.02294027998321,4.65195892858361,-0.0190953150720934,4.80450845980401,4.44965991654503,-0.0182649200851763
"1687","X564151.GBGOM","SPRING",2016,4.61314472865834,4.25732855201305,-0.756704889624325,4.41253362367536,4.07219076958251,-0.723798182164986
"1688","X564151.GBGOM","SPRING",2018,1.73501243231025,2.38217684997615,-0.602089844588612,1.65956221739662,2.27858349701461,-0.575906857466706
"1689","X564151.GBGOM","SPRING",2019,2.18822998580569,2.12225685214466,-0.0015017914441452,2.09307076986298,2.02996659957106,-0.00143648327395129
"1690","X564151.GBGOM","SPRING",2021,2.90590509847888,2.38789866870405,0.052133175692247,2.77953645689693,2.28405649190432,0.0498660684157476
"1691","X564151.GBGOM","SPRING",2022,1.93592769183034,2.34987342017458,-0.07049301452353,1.85174030637665,2.24768484142422,-0.0674274958006294
"1692","X564151.GBGOM","SPRING",2024,2.85019824304991,2.77130422588314,0.72268645314271,2.72625211679754,2.65078895144473,0.691259100122433
"1693","X564151.GBGOM","FALL",2009,3.71651501047821,3.60307809553224,0.434876865498161,3.55489550214021,3.4459733453778,0.415349901333495
"1694","X564151.GBGOM","FALL",2010,3.47580826079262,4.33869674472081,0.872851565971844,3.32314080592202,4.1493787117765,0.83498436384228
"1695","X564151.GBGOM","FALL",2011,5.92058568746955,5.02176349366163,0.329773065002633,5.66311810152302,4.80298913781908,0.315760020621224
"1696","X564151.GBGOM","FALL",2012,5.5507959790731,4.86371329606168,-0.616894171959785,5.30940938047385,4.65210928654286,-0.5898327220281
"1697","X564151.GBGOM","FALL",2013,3.09740632009701,4.06189920287998,-0.741789249508449,2.96270989477228,3.88531741622983,-0.709444297276545
"1698","X564151.GBGOM","FALL",2014,3.6049495360055,3.5871488239796,-0.245642246252643,3.44818165804728,3.43123860216813,-0.235002141989901
"1699","X564151.GBGOM","FALL",2015,3.49733358183914,3.50117962627023,0.0421995046897688,3.34524558208743,3.34885964179688,0.0400795419372839
"1700","X564151.GBGOM","FALL",2016,3.64565704513961,3.60704345301706,0.136528114605942,3.48711892608365,3.44965600887284,0.129936194354889
"1701","X564151.GBGOM","FALL",2018,3.78530356463566,3.69722134412556,-0.133117899871431,3.61776802799191,3.53491421991622,-0.127110730983057
"1702","X564151.GBGOM","FALL",2019,3.59436467454865,3.43467633170481,-0.38891197661954,3.43805709880895,3.28438163870712,-0.371289989573041
"1703","X564151.GBGOM","FALL",2021,2.44195704640319,2.56856504583266,-0.274729343872594,2.3357640413677,2.45680694498827,-0.262596128428523
"1704","X564151.GBGOM","FALL",2022,2.01383699984697,2.4785882917925,0.0991302934029546,1.92626158447248,2.3708393316878,0.0948495198815646
"1705","X564151.GBGOM","FALL",2023,3.27478331684924,2.68606718353149,0.230714583357273,3.13237332574454,2.56929321727182,0.22065686575292
"1706","X564151.GBGOM","FALL",2024,2.60013555500332,2.76979164507153,-0.148378566994962,2.4870638658464,2.64935029212656,-0.141944101576971
"1707","X564151.UNIT","SPRING",2009,1.94484817162937,1.98259211283459,0.584170520513204,1.91524271022249,1.95210297292009,0.572925855291832
"1708","X564151.UNIT","SPRING",2010,2.53801697604852,2.56340194204844,0.558776047592987,2.49724806212297,2.52159083740531,0.547928151937826
"1709","X564151.UNIT","SPRING",2011,2.92183668205947,3.06279802737752,0.421343032743645,2.87255624270792,3.01171583331417,0.414200118139117
"1710","X564151.UNIT","SPRING",2012,4.14944624313973,3.32097456593842,0.028569693102362,4.08013993750364,3.26665309011293,0.0304581336285822
"1711","X564151.UNIT","SPRING",2013,2.2520762402139,3.25546401020524,0.0423761433300671,2.21409215053073,3.20573860496948,0.0460356623124667
"1712","X564151.UNIT","SPRING",2014,3.6691620002859,3.48513353798206,0.294402649708297,3.62727086716138,3.43464483502278,0.289374451851087
"1713","X564151.UNIT","SPRING",2015,3.90570798244674,3.65871676343302,-0.0102284824799261,3.83983331993201,3.60202810586289,-0.0146649670365711
"1714","X564151.UNIT","SPRING",2016,3.56374890245118,3.41839062103526,-0.453717470629008,3.50364180860513,3.36193126514028,-0.448855293352312
"1715","X564151.UNIT","SPRING",2018,1.96479876548084,2.2359308773169,-0.472884681230187,1.931659970628,2.19788355458316,-0.464190915984351
"1716","X564151.UNIT","SPRING",2019,1.92255852967001,1.92479977977713,-0.174725321403029,1.89013216935941,1.89314621477488,-0.170247407713448
"1717","X564151.UNIT","SPRING",2021,2.05645983650732,1.84279360587273,0.00432544478330176,2.02752041883414,1.81482579418581,0.0039616085161469
"1718","X564151.UNIT","SPRING",2022,1.65717961445249,1.84688968502255,0.025169933372781,1.62922920230725,1.8176379205212,0.022934941872634
"1719","X564151.UNIT","SPRING",2024,2.28920919139559,2.23716360693719,0.450316867967604,2.25059880792951,2.19926663903161,0.443782967509821
"1720","X564151.UNIT","FALL",2009,2.79413879016576,2.72716170178931,0.390490685777164,2.74701213588216,2.68116242092749,0.383904474539387
"1721","X564151.UNIT","FALL",2010,2.64348661389369,3.35931954606069,0.730360143909257,2.59890089746659,3.30265791723916,0.718042597854095
"1722","X564151.UNIT","FALL",2011,4.77699039421509,3.90095227189515,0.209440448903336,4.69642046131963,3.83515977617596,0.205917199789641
"1723","X564151.UNIT","FALL",2012,4.16166240024918,3.68855084902793,-0.580428030620883,4.09147074553544,3.62635685125953,-0.570614594951558
"1724","X564151.UNIT","FALL",2013,2.10987641960615,2.99895424038505,-0.593722420950121,2.07429070820275,2.9484191036154,-0.583680837665077
"1725","X564151.UNIT","FALL",2014,2.76225122226672,2.65087890929152,-0.157698104787853,2.71566239179975,2.60621992581126,-0.155072830732924
"1726","X564151.UNIT","FALL",2015,2.57797774161586,2.6061929428031,0.0462309473557097,2.53449691446169,2.5621630956807,0.0452041367926564
"1727","X564151.UNIT","FALL",2016,2.78788353103313,2.69073220358574,0.0923341982476876,2.74086237953831,2.64486305353536,0.0901856667345913
"1728","X564151.UNIT","FALL",2018,2.64041893110521,2.76506634289328,-0.0277303105404011,2.59321135881572,2.71703572537983,-0.0270635190981735
"1729","X564151.UNIT","FALL",2019,2.98245745646938,2.66158694805067,-0.217663747549831,2.93215457174466,2.61584509532844,-0.213344662343593
"1730","X564151.UNIT","FALL",2021,1.78793453062514,2.0494870539746,-0.177583103789991,1.75777877286427,2.01486566530196,-0.174417913090157
"1731","X564151.UNIT","FALL",2022,2.00830555383207,2.0225250484774,0.101620248096214,1.97443296244026,1.98844643307352,0.0999338012370837
"1732","X564151.UNIT","FALL",2023,2.25904026844032,2.20838217066752,0.247787461483872,2.22093872168887,2.17116665888672,0.243585688896121
"1733","X564151.UNIT","FALL",2024,2.51085327722908,2.47348690184483,0.260115466070588,2.46850458833457,2.43177588787934,0.255711807595902
"1734","X630979.UNIT","SPRING",2009,7.41779042860852,7.01339190889599,-1.78059759990352,7.29637135774391,6.89599263542988,-1.75969057989056
"1735","X630979.UNIT","SPRING",2010,5.02127953858164,5.54640420156279,-1.15652972097163,4.92721127745734,5.44662282292902,-1.1420438639139
"1736","X630979.UNIT","SPRING",2011,4.16051587736491,4.69402865453522,-0.551373279292249,4.0825730958574,4.60591526999661,-0.54236606075364
"1737","X630979.UNIT","SPRING",2012,5.6388687276168,4.21939474919301,-0.619005518968718,5.53323059856236,4.14172474813147,-0.603186117464185
"1738","X630979.UNIT","SPRING",2013,2.234284912497,3.48488024947217,-0.600049860022052,2.19242799237137,3.42711123820441,-0.581301564766233
"1739","X630979.UNIT","SPRING",2014,3.97353211691774,3.11158671606496,-0.304219140327218,3.9303025961418,3.066125705799,-0.298404750468293
"1740","X630979.UNIT","SPRING",2015,1.86972450859868,2.8410249984359,-0.114639331777871,1.83469723478252,2.79548392463459,-0.119961374070058
"1741","X630979.UNIT","SPRING",2016,3.84847389460144,2.81099143425415,-0.13900937799373,3.77637688337834,2.75961515836417,-0.141281395555967
"1742","X630979.UNIT","SPRING",2018,1.92731745562999,2.48351053419944,0.391912196345539,1.89121124001451,2.43680791600926,0.38818766032103
"1743","X630979.UNIT","SPRING",2019,2.55398743148786,3.38845547622034,1.36299225098192,2.50614122918675,3.33070204465552,1.3456546709875
"1744","X630979.UNIT","SPRING",2021,8.48217298032224,5.51606633798646,-0.340691953808001,8.35738611296054,5.4312084821629,-0.336178918428427
"1745","X630979.UNIT","SPRING",2022,1.97920843657081,4.29027641646876,-1.74108188229546,1.94213009934615,4.22110844397505,-1.7192108666415
"1746","X630979.UNIT","SPRING",2024,3.47747226044157,3.18461689195002,2.11464638550446,3.41232556503569,3.12396689254681,2.08131048043639
"1747","X630979.UNIT","FALL",2009,4.16395515083752,4.40530287118225,-0.286631088168256,4.08594793824774,4.32277426913292,-0.28126136361081
"1748","X630979.UNIT","FALL",2010,4.40279265496824,3.88970855917826,-0.697471757062632,4.32031107911462,3.81683906094962,-0.684405375303547
"1749","X630979.UNIT","FALL",2011,3.1884516731029,3.10453091461113,-0.825797753294561,3.12871946694646,3.04637087343035,-0.810327322282724
"1750","X630979.UNIT","FALL",2012,2.20361971333505,2.39612023937604,-0.480102189165791,2.16233727267029,2.35123150879831,-0.471107992019467
"1751","X630979.UNIT","FALL",2013,0.676949706954836,2.30004407261892,0.332745983981101,0.664267783689549,2.25695522549179,0.326512346544928
"1752","X630979.UNIT","FALL",2014,5.01760380963236,2.68607979145182,0.018996909468719,4.92360440932888,2.63575898113215,0.018641022841271
"1753","X630979.UNIT","FALL",2015,1.69249359543213,2.16882950365053,-0.802377328761149,1.66078655178658,2.12819882007359,-0.787345654164628
"1754","X630979.UNIT","FALL",2016,0.865065762157145,1.44651457972331,-0.528183229609652,0.848859687315257,1.41941568786517,-0.518288285983701
"1755","X630979.UNIT","FALL",2018,1.4011941737429,1.19258508659509,0.0590702519245489,1.37494431085263,1.17024329015122,0.0579636344100235
"1756","X630979.UNIT","FALL",2019,1.25110987633214,1.24453772189479,0.0522916450841142,1.22767168102002,1.22122264881378,0.0513120174639838
"1757","X630979.UNIT","FALL",2021,1.08238619453784,1.43410683863264,0.164179112551188,1.06210885558414,1.40724039243301,0.161103393800228
"1758","X630979.UNIT","FALL",2022,2.53192993692224,1.56869606965284,0.0272613704183706,2.48449695801222,1.53930823924608,0.0267506580209769
"1759","X630979.UNIT","FALL",2023,0.511211503205861,1.53354612932914,0.0250932778648099,0.501634506585016,1.50481679517606,0.0246231823450275
"1760","X630979.UNIT","FALL",2024,2.24603030997928,1.86419168324366,0.758852358894826,2.20395335248889,1.82926806094824,0.744636077705369
"1761","X164744.EGB","SPRING",2009,26.4377975569272,8.0988493913509,21.0700345994509,24.4689438993988,7.49432714104816,19.5044589956659
"1762","X164744.EGB","SPRING",2010,31.5232013646619,37.0070971356546,41.2766663651601,29.1756317469517,34.2551137493849,38.2093855363387
"1763","X164744.EGB","SPRING",2011,158.90229671228,99.7125930736784,88.664530986891,147.076167014109,92.2976408443879,82.0679399689984
"1764","X164744.EGB","SPRING",2012,182.28979365245,242.055524173249,219.210490800058,168.744499447288,224.043540757741,202.884135612735
"1765","X164744.EGB","SPRING",2013,81.8846142584832,565.318928359161,431.312511669325,75.7865714116475,523.228041718783,399.186720203248
"1766","X164744.EGB","SPRING",2014,1648.86357812101,956.361992344044,198.458867035032,1526.07078195263,885.147446003937,183.680699312862
"1767","X164744.EGB","SPRING",2015,879.469911590184,881.476191516936,-276.676190336126,813.989780049951,815.841694800739,-256.068558208827
"1768","X164744.EGB","SPRING",2016,299.951704833467,545.472258519234,-324.423307164958,277.628214274215,504.861408597292,-300.264578697487
"1769","X164744.EGB","SPRING",2018,179.403583739714,158.82759089725,-96.0983757571841,166.043189355157,147.002248478067,-88.945868796943
"1770","X164744.EGB","SPRING",2019,81.6418527795172,92.6475618204833,-38.0168070927575,75.5618886635114,85.7480072555114,-35.1871980175144
"1771","X164744.EGB","SPRING",2021,92.4357618699744,78.5456226937914,2.0645109202732,85.5519627391186,72.6957813350997,1.91113948301913
"1772","X164744.EGB","SPRING",2022,81.3864041953663,74.2375771732601,-10.6857201210536,75.3254636337294,68.7088851854624,-9.88967732952074
"1773","X164744.EGB","SPRING",2024,22.8653070365069,27.2940206124496,-36.2783090786284,21.1625009199082,25.2614592401621,-33.5767308046879
"1774","X164744.EGB","FALL",2009,39.3948410213595,47.1820161713573,183.200646008859,36.4610612060916,43.6680893919882,169.557362672593
"1775","X164744.EGB","FALL",2010,321.938569876516,185.871524225479,122.873937606318,297.963428625208,172.029050341571,113.723291704489
"1776","X164744.EGB","FALL",2011,247.790398746989,350.321026397862,234.720634245383,229.33715838826,324.232137756798,217.241615603881
"1777","X164744.EGB","FALL",2012,135.972936691749,693.653937808023,461.590766159781,125.846873310185,641.998483787509,427.218546217799
"1778","X164744.EGB","FALL",2013,1990.09641092922,1129.18431052231,255.506153488847,1841.8916072176,1045.0984324757,236.483083681627
"1779","X164744.EGB","FALL",2014,950.994667374011,1145.71490110733,-127.432490217259,880.175817261771,1060.40119876695,-117.942736005997
"1780","X164744.EGB","FALL",2015,630.778515085329,1007.9988965997,-109.332434387655,583.803702457995,932.931514835627,-101.212892577856
"1781","X164744.EGB","FALL",2016,1284.98617751787,895.679427225074,-185.344193878874,1189.31711931899,828.93364206681,-171.608363782984
"1782","X164744.EGB","FALL",2018,135.781590661069,290.256753322475,-251.32079505309,125.358171892743,268.483050243586,-232.587156494123
"1783","X164744.EGB","FALL",2019,43.2122407092664,146.710269491321,-38.0719748217049,39.9941746813668,135.685907796856,-35.1637198337488
"1784","X164744.EGB","FALL",2021,443.096853475266,225.219560206832,-12.4415278772481,410.098913358447,208.440227834939,-11.494742632519
"1785","X164744.EGB","FALL",2022,68.6472571339118,153.719895466388,-99.2564551421023,63.5350157304301,142.275894573014,-91.861171942781
"1786","X164744.EGB","FALL",2023,16.906561778744,61.4142199041607,-81.9486724623564,15.6475103799792,56.8443029743398,-75.8483441781546
"1787","X164744.EGB","FALL",2024,19.9647150286748,-3.36500241833431,-44.2035486626381,18.4779193861453,-3.11345963046968,-40.9135139550515
"1788","X164712.EGB","SPRING",2009,3.02875573776236,2.7527750836853,0.0993793210181915,2.66578524365887,2.42289583242618,0.0884797432471611
"1789","X164712.EGB","SPRING",2010,3.01840176600441,2.90020521456516,0.314829894361774,2.65667210694023,2.55420838942258,0.278786013716094
"1790","X164712.EGB","SPRING",2011,2.34241467142129,3.62113277964936,1.2463741894269,2.0676546841154,3.18974914579925,1.09693614200769
"1791","X164712.EGB","SPRING",2012,4.71550453765023,5.22852595052488,1.68463555580979,4.15039161334335,4.60350444670413,1.48135759009778
"1792","X164712.EGB","SPRING",2013,9.26318197769853,6.25426274843175,-0.0855265063189057,8.15306877263044,5.50517447057441,-0.0760905280733231
"1793","X164712.EGB","SPRING",2014,4.54666666666667,5.12616731721478,-1.64960543046447,4.00178751845807,4.51179511256361,-1.45212348022603
"1794","X164712.EGB","SPRING",2015,1.88010511931042,3.80959849314947,-0.650044537670043,1.65479058647629,3.35294159967591,-0.572114163718075
"1795","X164712.EGB","SPRING",2016,4.9180212341007,3.86952708277797,0.479862877834244,4.32863841425278,3.40573792811812,0.422408581761838
"1796","X164712.EGB","SPRING",2018,3.51384654491939,5.73743223869436,1.58234107998022,3.09274206273507,5.04984885652915,1.39272120013492
"1797","X164712.EGB","SPRING",2019,10.2523014821823,7.07286209790549,0.420263765712902,9.02365075664213,6.22524373953295,0.369899954033992
"1798","X164712.EGB","SPRING",2021,2.9695206559445,4.41833613401168,-1.65547454481178,2.61364898022627,3.88883772480947,-1.45708184853622
"1799","X164712.EGB","SPRING",2022,3.45049258908862,3.22535426751926,-0.813548320818696,3.03698053714375,2.83882326333956,-0.716052326860666
"1800","X164712.EGB","SPRING",2024,2.23624864220891,2.11928221682887,-0.624760260454318,1.96825335144291,1.86530411857025,-0.549887827736952
"1801","X164712.EGB","FALL",2009,1.30122485020498,1.75089435554872,0.963047207011936,1.14528417102444,1.54106462863056,0.847634228601085
"1802","X164712.EGB","FALL",2010,2.972706401766,2.40927482724161,0.35218419196993,2.61645294163364,2.12054382672817,0.309977926016897
"1803","X164712.EGB","FALL",2011,3.17863134657837,2.45220365068075,-0.267856089495568,2.79769954146266,2.15832799750987,-0.235755826030725
"1804","X164712.EGB","FALL",2012,0.780688288900209,2.12347830309351,-0.138149406431964,0.687129468547048,1.86899757383493,-0.121593380573716
"1805","X164712.EGB","FALL",2013,3.16980973404814,2.27997410790607,0.303765086899391,2.78993512381248,2.00673869371542,0.267361436942223
"1806","X164712.EGB","FALL",2014,1.43198738568275,2.69594054367462,0.640475780577736,1.26037593400615,2.37285510663831,0.563720231214957
"1807","X164712.EGB","FALL",2015,4.4445096184169,3.42028408484661,0.55526172161126,3.91187311949727,3.01039226399998,0.488718349051647
"1808","X164712.EGB","FALL",2016,3.62753495217071,3.59606969215787,-0.16113522157305,3.19280588585788,3.16511146838329,-0.141824542186584
"1809","X164712.EGB","FALL",2018,2.60622810890361,2.50933862850223,-0.719095065400112,2.29389394057149,2.20861583646443,-0.632917666562235
"1810","X164712.EGB","FALL",2019,1.47675055187638,1.88491131899437,-0.450477419278446,1.2997746172379,1.65902080419766,-0.396491549959464
"1811","X164712.EGB","FALL",2021,1.54343740145065,1.69512047778938,0.10980452761625,1.35846961773751,1.49197477352644,0.0966453932738021
"1812","X164712.EGB","FALL",2022,2.02441185745822,1.74596876378459,-0.0939731461276301,1.78180339517481,1.5367293269496,-0.0827112675756121
"1813","X164712.EGB","FALL",2023,1.70199478225968,1.43585631682306,-0.511704426004702,1.4980252513477,1.26378120680975,-0.450381023121413
"1814","X164712.EGB","FALL",2024,0.491054346683486,0.751654555356676,-0.842151775137315,0.432205679349536,0.661575179872104,-0.741227081171219
