"","SVSPP.sel","SEASON.sel","x1","y1","as.vector(pspl.ori$ysmth)","as.vector(f1.ori)","y3","as.vector(pspl.post$ysmth)","as.vector(f1.post)"
"1","X082372.UNIT","SPRING",2009,2.59122051501599,1.92433492268565,-0.346947738974878,2.59122051501599,1.92433492268565,-0.346947738974878
"2","X082372.UNIT","SPRING",2010,1.13170466399111,2.14633318417534,0.74784365532619,1.13170466399111,2.14633318417534,0.74784365532619
"3","X082372.UNIT","SPRING",2011,1.3864326387975,3.33382102008192,1.58403140985893,1.3864326387975,3.33382102008192,1.58403140985893
"4","X082372.UNIT","SPRING",2012,9.36658547219162,4.51079228417278,0.0094080052304335,9.36658547219162,4.51079228417278,0.0094080052304335
"5","X082372.UNIT","SPRING",2013,0.962951994610091,3.42486644378639,-1.34852715966725,0.962951994610091,3.42486644378639,-1.34852715966725
"6","X082372.UNIT","SPRING",2014,2.47998320846685,2.67711577997762,-0.116328879146919,2.47998320846685,2.67711577997762,-0.116328879146919
"7","X082372.UNIT","SPRING",2015,1.7290112473479,3.19119342097267,1.11282360781375,1.7290112473479,3.19119342097267,1.11282360781375
"8","X082372.UNIT","SPRING",2016,6.68817935287177,4.36732699243652,0.735668085268619,6.68817935287177,4.36732699243652,0.735668085268619
"9","X082372.UNIT","SPRING",2018,2.48418066550558,4.01834420334784,-0.106328482089128,2.48418066550558,4.01834420334784,-0.106328482089128
"10","X082372.UNIT","SPRING",2019,5.3059917214875,4.19631661776744,0.223331555075375,5.3059917214875,4.19631661776744,0.223331555075375
"11","X082372.UNIT","SPRING",2021,3.16128163908263,4.58943892700554,0.530185584100779,3.16128163908263,4.58943892700554,0.530185584100779
"12","X082372.UNIT","SPRING",2022,6.70397585260477,5.28681134985202,0.684736470627992,6.70397585260477,5.28681134985202,0.684736470627992
"13","X082372.UNIT","SPRING",2024,4.1230631649522,4.44786699066377,-2.24297199367301,4.1230631649522,4.44786699066377,-2.24297199367301
"14","X082372.UNIT","FALL",2009,9.69250462150867,9.45962064948584,1.86680800228093,9.69250462150867,9.45962064948584,1.86680800228093
"15","X082372.UNIT","FALL",2010,12.0879416405997,11.080698622019,1.67153493890758,12.0879416405997,11.080698622019,1.67153493890758
"16","X082372.UNIT","FALL",2011,8.04642633892058,13.3950645195455,3.25338385226766,8.04642633892058,13.3950645195455,3.25338385226766
"17","X082372.UNIT","FALL",2012,22.0848139652568,16.7155152085255,2.21937941154149,22.0848139652568,16.7155152085255,2.21937941154149
"18","X082372.UNIT","FALL",2013,16.8294087555157,17.0247985717635,-1.24169934177968,16.8294087555157,17.0247985717635,-1.24169934177968
"19","X082372.UNIT","FALL",2014,14.7001070871382,14.8995726941211,-2.70040958763604,14.7001070871382,14.8995726941211,-2.70040958763604
"20","X082372.UNIT","FALL",2015,10.9688529696376,12.1817391698385,-2.485840513451,10.9688529696376,12.1817391698385,-2.485840513451
"21","X082372.UNIT","FALL",2016,11.2679442592726,10.0771175206037,-1.82359387911218,11.2679442592726,10.0771175206037,-1.82359387911218
"22","X082372.UNIT","FALL",2018,8.04079930840472,9.10252823343833,1.82363047541821,8.04079930840472,9.10252823343833,1.82363047541821
"23","X082372.UNIT","FALL",2019,9.99410675430675,12.5027976024763,4.91077165504136,9.99410675430675,12.5027976024763,4.91077165504136
"24","X082372.UNIT","FALL",2021,28.0719970238052,21.8565228961896,1.32031327371329,28.0719970238052,21.8565228961896,1.32031327371329
"25","X082372.UNIT","FALL",2022,15.8310035645138,20.8918237991839,-2.29512896939287,15.8310035645138,20.8918237991839,-2.29512896939287
"26","X082372.UNIT","FALL",2023,21.4040040691395,17.9756028237094,-3.78255761358259,21.4040040691395,17.9756028237094,-3.78255761358259
"27","X082372.UNIT","FALL",2024,10.979711260846,12.8362193079657,-6.74145404993117,10.979711260846,12.8362193079657,-6.74145404993117
"28","X082521.UNIT","SPRING",2009,0.226682301436737,0.180735263580743,-0.119387646187116,0.226682301436737,0.180735263580743,-0.119387646187116
"29","X082521.UNIT","SPRING",2010,0.0286510316209439,0.101609709220965,-0.0426111711213766,0.0286510316209439,0.101609709220965,-0.0426111711213766
"30","X082521.UNIT","SPRING",2011,0.0721426072295876,0.0880175041601135,0.0116790524107349,0.0721426072295876,0.0880175041601135,0.0116790524107349
"31","X082521.UNIT","SPRING",2012,0.218070607237052,0.106020371307419,0.00912694773779648,0.218070607237052,0.106020371307419,0.00912694773779648
"32","X082521.UNIT","SPRING",2013,0.00548213819040399,0.113789781455187,0.0291299885232984,0.005482138190404,0.113789781455187,0.0291299885232984
"33","X082521.UNIT","SPRING",2014,0.260620171198447,0.174240888435877,0.0790146495543841,0.260620171198447,0.174240888435877,0.0790146495543841
"34","X082521.UNIT","SPRING",2015,0.0531271801484831,0.274385974675015,0.136599992918649,0.0531271801484831,0.274385974675015,0.136599992918649
"35","X082521.UNIT","SPRING",2016,0.702433933186412,0.406393617243188,0.0710435651929533,0.702433933186412,0.406393617243188,0.0710435651929533
"36","X082521.UNIT","SPRING",2018,0.0976080570838901,0.396031853196847,0.0770418323445116,0.0976080570838901,0.396031853196847,0.0770418323445116
"37","X082521.UNIT","SPRING",2019,0.682239526925348,0.534818030349578,0.141939928793425,0.682239526925348,0.534818030349578,0.141939928793425
"38","X082521.UNIT","SPRING",2021,0.74012302253532,0.542548958802061,-0.161409781854463,0.74012302253532,0.542548958802061,-0.161409781854463
"39","X082521.UNIT","SPRING",2022,0.11791551974379,0.315266658953475,-0.262789322039718,0.11791551974379,0.315266658953475,-0.262789322039718
"40","X082521.UNIT","SPRING",2024,0.0408083905894518,0.0120458757453994,0.0810305220436042,0.0408083905894518,0.0120458757453994,0.0810305220436042
"41","X082521.UNIT","FALL",2009,1.46572668334872,1.31409511919477,-0.524670094607196,1.46572668334872,1.31409511919477,-0.524670094607196
"42","X082521.UNIT","FALL",2010,0.684549258949277,0.900099442370848,-0.308617058330011,0.684549258949277,0.900099442370848,-0.308617058330011
"43","X082521.UNIT","FALL",2011,0.677755122094582,0.686269403956013,-0.124338817789028,0.677755122094582,0.686269403956013,-0.124338817789028
"44","X082521.UNIT","FALL",2012,0.744051334818526,0.621722838400167,-0.0291574824259234,0.744051334818526,0.621722838400167,-0.0291574824259234
"45","X082521.UNIT","FALL",2013,0.494612244293278,0.618880077196027,0.0388007672127642,0.494612244293278,0.618880077196027,0.0388007672127642
"46","X082521.UNIT","FALL",2014,0.845141811547453,0.692958051912077,0.0876600541105971,0.845141811547453,0.692958051912077,0.0876600541105971
"47","X082521.UNIT","FALL",2015,0.687032987882399,0.795004630563111,0.138932676446098,0.687032987882399,0.795004630563111,0.138932676446098
"48","X082521.UNIT","FALL",2016,0.893579036951202,0.984620287462476,0.231595946756206,0.893579036951202,0.984620287462476,0.231595946756206
"49","X082521.UNIT","FALL",2018,1.70193935072015,1.30125528538765,-0.0547945951454817,1.70193935072015,1.30125528538765,-0.0547945951454817
"50","X082521.UNIT","FALL",2019,0.840672095681336,1.15070792339382,-0.165580025479276,0.840672095681336,1.15070792339382,-0.165580025479276
"51","X082521.UNIT","FALL",2021,0.851854880434972,1.00998898766853,-0.011293232384303,0.851854880434972,1.00998898766853,-0.011293232384303
"52","X082521.UNIT","FALL",2022,1.30565977799055,0.957903962721458,-0.145124566742638,1.30565977799055,0.957903962721458,-0.145124566742638
"53","X082521.UNIT","FALL",2023,0.560749191165219,0.704627586871231,-0.324292703037045,0.560749191165219,0.704627586871231,-0.324292703037045
"54","X082521.UNIT","FALL",2024,0.368399341709418,0.383589520488908,-0.280647947806832,0.368399341709418,0.383589520488908,-0.280647947806832
"55","X160230.UNIT","SPRING",2009,2.00176408724593,1.15612709786421,-0.767353267757081,2.00176408724593,1.15612709786421,-0.767353267757081
"56","X160230.UNIT","SPRING",2010,0.0420738274210802,0.993500467953033,0.472892816511009,0.0420738274210802,0.993500467953033,0.472892816511009
"57","X160230.UNIT","SPRING",2011,0.403600170870218,2.1634983480388,1.89789575223681,0.403600170870218,2.1634983480388,1.89789575223681
"58","X160230.UNIT","SPRING",2012,6.05470040384243,4.19958219935092,1.55376936873543,6.05470040384243,4.19958219935092,1.55376936873543
"59","X160230.UNIT","SPRING",2013,6.77795966160312,4.65169378893069,-0.648386904502865,6.77795966160312,4.65169378893069,-0.648386904502865
"60","X160230.UNIT","SPRING",2014,0.0715275950037137,3.58698485016208,-0.798013798290494,0.0715275950037137,3.58698485016208,-0.798013798290494
"61","X160230.UNIT","SPRING",2015,5.24686056918449,3.28526429715478,-0.258846377662894,5.24686056918449,3.28526429715478,-0.258846377662894
"62","X160230.UNIT","SPRING",2016,2.25538136249838,2.80211052579529,-0.521223664158291,2.25538136249838,2.80211052579529,-0.521223664158291
"63","X160230.UNIT","SPRING",2018,2.621019763715,2.33416884372511,0.0441995890133635,2.621019763715,2.33416884372511,0.0441995890133635
"64","X160230.UNIT","SPRING",2019,3.10504311344818,2.67744709383186,0.806891553806645,3.10504311344818,2.67744709383186,0.806891553806645
"65","X160230.UNIT","SPRING",2021,0.807178973165285,7.8108456328762,4.83001880834036,0.807178973165285,7.8108456328762,4.83001880834036
"66","X160230.UNIT","SPRING",2022,21.4736184197274,13.0287658460166,4.61030734178013,21.4736184197274,13.0287658460166,4.61030734178013
"67","X160230.UNIT","SPRING",2024,5.70201877418567,7.87275773021131,-13.7483725622269,5.70201877418567,7.87275773021131,-13.7483725622269
"68","X160230.UNIT","FALL",2009,3.71175056657597,3.29825857529866,-1.30210258110267,3.71175056657597,3.29825857529866,-1.30210258110267
"69","X160230.UNIT","FALL",2010,1.62678047228282,2.33553199808402,-0.665296714805452,1.62678047228282,2.33553199808402,-0.665296714805452
"70","X160230.UNIT","FALL",2011,2.02968881299215,1.8837728627301,-0.280167697381201,2.02968881299215,1.8837728627301,-0.280167697381201
"71","X160230.UNIT","FALL",2012,2.01712610751969,1.67862009890947,-0.184768193193378,2.01712610751969,1.67862009890947,-0.184768193193378
"72","X160230.UNIT","FALL",2013,1.39603108945661,1.5172461926597,-0.0803395400564894,1.39603108945661,1.5172461926597,-0.0803395400564894
"73","X160230.UNIT","FALL",2014,1.28534235595867,1.59434273510316,0.253294262000402,1.28534235595867,1.59434273510316,0.253294262000402
"74","X160230.UNIT","FALL",2015,2.17160417708965,1.97331172623282,0.435359092774219,2.17160417708965,1.97331172623282,0.435359092774219
"75","X160230.UNIT","FALL",2016,2.36162598528927,2.38340982299776,0.372470630586533,2.36162598528927,2.38340982299776,0.372470630586533
"76","X160230.UNIT","FALL",2018,3.14091514265509,2.77933614555352,-0.0510639046443138,3.14091514265509,2.77933614555352,-0.0510639046443138
"77","X160230.UNIT","FALL",2019,2.3316409643911,2.65238063143088,-0.116965401811432,2.3316409643911,2.65238063143088,-0.116965401811432
"78","X160230.UNIT","FALL",2021,2.63841512946874,2.74406626688414,0.179715588601262,2.63841512946874,2.74406626688414,0.179715588601262
"79","X160230.UNIT","FALL",2022,3.23060405768438,2.94270557797697,0.184018094970386,3.23060405768438,2.94270557797697,0.184018094970386
"80","X160230.UNIT","FALL",2023,2.85862805431446,3.10907664293031,0.179243159655709,2.85862805431446,3.10907664293031,0.179243159655709
"81","X160230.UNIT","FALL",2024,3.45413650784016,3.36223014672724,0.357582972657589,3.45413650784016,3.36223014672724,0.357582972657589
"82","X160617.UNIT","SPRING",2009,54.6275945422191,51.0286631774692,7.86993120774659,54.6275945422191,51.0286631774692,7.86993120774659
"83","X160617.UNIT","SPRING",2010,55.1024479398026,62.7122411138995,14.7205178132607,55.1024479398026,62.7122411138995,14.7205178132607
"84","X160617.UNIT","SPRING",2011,68.8433167821419,78.9162851002839,16.9108633076546,68.8433167821419,78.9162851002839,16.9108633076546
"85","X160617.UNIT","SPRING",2012,117.551036706662,91.0651196971942,2.69466470600463,117.551036706662,91.0651196971942,2.69466470600463
"86","X160617.UNIT","SPRING",2013,76.8745555239427,83.6601155628128,-13.4580307440864,76.8745555239427,83.6601155628128,-13.4580307440864
"87","X160617.UNIT","SPRING",2014,69.0209303750119,70.0007163439475,-12.0557517893992,69.0209303750119,70.0007163439475,-12.0557517893992
"88","X160617.UNIT","SPRING",2015,46.0631999138354,62.857469511473,-0.726900252336227,46.0631999138354,62.857469511473,-0.726900252336227
"89","X160617.UNIT","SPRING",2016,83.6102552122963,66.1114775720983,3.29563648319667,83.6102552122963,66.1114775720983,3.29563648319667
"90","X160617.UNIT","SPRING",2018,58.7545676200474,71.0297508297528,8.5814398557259,58.7545676200474,71.0297508297528,8.5814398557259
"91","X160617.UNIT","SPRING",2019,84.8336232456796,83.7887891806307,14.5736821870983,84.8336232456796,83.7887891806307,14.5736821870983
"92","X160617.UNIT","SPRING",2021,117.220635479266,97.1089238328811,-8.07054075039916,117.220635479266,97.1089238328811,-8.07054075039916
"93","X160617.UNIT","SPRING",2022,65.6686832658243,80.9888145876962,-21.4454455887187,65.6686832658243,80.9888145876962,-21.4454455887187
"94","X160617.UNIT","SPRING",2024,50.5848837545586,49.4873638511485,0.840923457179223,50.5848837545586,49.4873638511485,0.840923457179223
"95","X160617.UNIT","FALL",2009,40.4652151658846,38.176706178673,0.79197547344398,40.4652151658846,38.176706178673,0.79197547344398
"96","X160617.UNIT","FALL",2010,39.3095055326771,39.7722527416554,2.95372403949755,39.3095055326771,39.7722527416554,2.95372403949755
"97","X160617.UNIT","FALL",2011,27.3560079888036,45.1933670316217,8.44311092741177,27.3560079888036,45.1933670316217,8.44311092741177
"98","X160617.UNIT","FALL",2012,80.3035282836643,52.5889988118347,1.72407046139333,80.3035282836643,52.5889988118347,1.72407046139333
"99","X160617.UNIT","FALL",2013,41.3291407530114,47.3936976390821,-8.73840095060381,41.3291407530114,47.3936976390821,-8.73840095060381
"100","X160617.UNIT","FALL",2014,30.4857774808117,40.1135498559993,-4.19681352648448,30.4857774808117,40.1135498559993,-4.19681352648448
"101","X160617.UNIT","FALL",2015,37.1470903892977,39.4752604055513,1.77034335594921,37.1470903892977,39.4752604055513,1.77034335594922
"102","X160617.UNIT","FALL",2016,51.7971390672926,40.6820507774068,-1.17905713308984,51.7971390672926,40.6820507774068,-1.17905713308983
"103","X160617.UNIT","FALL",2018,19.0736125092516,32.5665124581,-1.39890916118656,19.0736125092516,32.5665124581,-1.39890916118654
"104","X160617.UNIT","FALL",2019,45.0498695158456,32.7479874738274,-0.755972642193353,45.0498695158457,32.7479874738274,-0.755972642193342
"105","X160617.UNIT","FALL",2021,21.4944501238834,25.8748868698481,-1.88714663607134,21.4944501238834,25.8748868698482,-1.88714663607136
"106","X160617.UNIT","FALL",2022,20.4905805179691,26.4884888098166,2.72540659623161,20.4905805179691,26.4884888098166,2.7254065962316
"107","X160617.UNIT","FALL",2023,40.7235925649961,29.6556629223569,2.32784840867114,40.7235925649961,29.6556629223569,2.32784840867113
"108","X160617.UNIT","FALL",2024,24.2859112691875,28.5819991868032,-5.75626909995647,24.2859112691875,28.5819991868032,-5.75626909995645
"109","X160855.SNEMA","SPRING",2009,4.10784815417324,4.00494285505125,-0.612719437439766,3.92840424663442,3.83008146212222,-0.585685977506762
"110","X160855.SNEMA","SPRING",2010,3.11216158565967,3.59292388326019,-0.300623636024152,2.9765716655913,3.43628327533713,-0.287330000079984
"111","X160855.SNEMA","SPRING",2011,4.05912635974111,3.22508532323936,-0.524358613899315,3.88227930231299,3.08458225392911,-0.501491646752628
"112","X160855.SNEMA","SPRING",2012,2.15809399970017,2.59356978995493,-0.600004188294363,2.06407067061992,2.48050881095315,-0.574026806061465
"113","X160855.SNEMA","SPRING",2013,2.61420419360908,2.17279635322726,-0.232491542959539,2.50030916345154,2.07783405455356,-0.22264572712817
"114","X160855.SNEMA","SPRING",2014,0.113695114015274,2.2863959203558,0.608448751335113,0.1075440391708,2.1862887170709,0.581949432927401
"115","X160855.SNEMA","SPRING",2015,6.04357763064299,2.98563434131815,0.237210501891769,5.78027246948369,2.85528423500311,0.227198536767216
"116","X160855.SNEMA","SPRING",2016,1.15967800955777,2.64356472597358,-0.485784342048832,1.10915343225255,2.52841012372131,-0.464379360045022
"117","X160855.SNEMA","SPRING",2018,2.22082613242284,2.48570260593212,0.151074176379868,2.12406970461764,2.37737713047968,0.144084929182472
"118","X160855.SNEMA","SPRING",2019,3.34535965483113,2.53435636008511,-0.182765685687307,3.19960981642665,2.42324452263433,-0.175737675992173
"119","X160855.SNEMA","SPRING",2021,1.15403481568023,1.77638709786902,-0.0505856070420801,1.09976421678014,1.69683164609531,-0.0481587642925241
"120","X160855.SNEMA","SPRING",2022,2.19166295117552,2.09531602686949,0.631449504309241,2.09617709795505,2.00271849771949,0.605196028341915
"121","X160855.SNEMA","SPRING",2024,4.04077648984487,3.92436980791762,0.969628433803746,3.86472889520942,3.75350999088681,0.92664970802959
"122","X160855.SNEMA","FALL",2009,2.7591572214854,2.60379880077404,-0.0200202448676614,2.63894691208465,2.49035711031109,-0.0191480075732173
"123","X160855.SNEMA","FALL",2010,2.14693777525627,2.84559200635885,0.389530561552771,2.05340049792461,2.72161592668893,0.372559586154676
"124","X160855.SNEMA","FALL",2011,3.9621440104083,3.15470773491055,0.11462480106612,3.78952225704366,3.017264174272,0.109630854837229
"125","X160855.SNEMA","FALL",2012,2.95450995152277,3.02551716587767,-0.308254287260783,2.82578856057248,2.89370214940259,-0.294824337362612
"126","X160855.SNEMA","FALL",2013,2.38710350140506,2.66169198289277,-0.36065490807635,2.28310274050567,2.54572801596058,-0.344941980321036
"127","X160855.SNEMA","FALL",2014,2.42180654312546,2.33864427431219,-0.309744755130265,2.31629384831021,2.23675477356021,-0.296249868880388
"128","X160855.SNEMA","FALL",2015,2.50468361335089,2.01860921471232,-0.32961437594392,2.39556014993701,1.93066292576213,-0.315253814752764
"129","X160855.SNEMA","FALL",2016,1.04929770249453,1.82070901112117,0.0743964693328792,1.00358214830714,1.74138479144594,0.0711551815486298
"130","X160855.SNEMA","FALL",2018,2.97420660875099,2.96687846583812,0.744702896419063,2.84462707849601,2.83761820638077,0.712257856718868
"131","X160855.SNEMA","FALL",2019,3.97980055437511,3.55415050743631,0.350136291908645,3.80640954487796,3.39930411853581,0.334881636735311
"132","X160855.SNEMA","FALL",2021,3.45153045147,3.33203590296801,-0.399763201403315,3.3011549889025,3.1868665506342,-0.3823464127718
"133","X160855.SNEMA","FALL",2022,2.56250348075367,2.95110533577266,-0.285156196681641,2.45086093502876,2.82253227631632,-0.272732578932091
"134","X160855.SNEMA","FALL",2023,2.8446217583053,2.80645138089257,-0.0363655780964519,2.72068795017316,2.68418057073785,-0.0347812111888794
"135","X160855.SNEMA","FALL",2024,2.89553506070744,2.81394644954396,0.0191418503813323,2.7693830738551,2.69134909601051,0.0183078827701619
"136","X160855.UNIT","SPRING",2009,8.60981231854703,8.38294051071082,-1.33000107279225,7.66622160935433,7.47207103023586,-1.16462352877194
"137","X160855.UNIT","SPRING",2010,6.47464898972948,7.47449467524385,-0.66846245842743,5.79416734449761,6.67803279961184,-0.586033170058317
"138","X160855.UNIT","SPRING",2011,8.38714056201792,6.68287187328448,-1.09635500577705,7.50451043375484,5.97484421495477,-0.982924236838057
"139","X160855.UNIT","SPRING",2012,4.46878519948088,5.38296598762421,-1.2207035813233,3.98154863137959,4.80495218813127,-1.10151171703119
"140","X160855.UNIT","SPRING",2013,5.46268123399726,4.53465289442372,-0.465487605512055,4.86707908749146,4.03685179694374,-0.425006149070278
"141","X160855.UNIT","SPRING",2014,0.329290802180685,4.76664775770066,1.23369931360089,0.271475418151466,4.23719925499725,1.09827751391027
"142","X160855.UNIT","SPRING",2015,12.4534157423834,6.17769785593839,0.459825235652548,11.0956061192755,5.49802778105454,0.415424045761616
"143","X160855.UNIT","SPRING",2016,2.38184053660532,5.45750481302353,-1.00042909024246,2.12214584173502,4.86133999007308,-0.88755149172925
"144","X160855.UNIT","SPRING",2018,4.64067239552866,5.17860408793406,0.343414725026291,4.13469477728412,4.6131196819798,0.302003650823585
"145","X160855.UNIT","SPRING",2019,6.96680141607291,5.30691186448937,-0.354281844108824,6.20720339086352,4.72163820158308,-0.322844878866264
"146","X160855.UNIT","SPRING",2021,2.535690173406,3.73267876031786,-0.152641382325037,2.21753312658304,3.3163661849755,-0.123734935741297
"147","X160855.UNIT","SPRING",2022,4.43436694636504,4.32553784920256,1.232967507555,3.99140349282297,3.86322924605328,1.11926241743467
"148","X160855.UNIT","SPRING",2024,8.34556452209937,8.08720190852044,2.10712834160511,7.4370509182046,7.21296782080407,1.8376815954674
"149","X160855.UNIT","FALL",2009,5.51383031131228,5.19497671692634,-0.0511255948722886,5.04685108538392,4.74785403026312,-0.0576395680889643
"150","X160855.UNIT","FALL",2010,4.18752854082158,5.70811842004094,0.823569402477652,3.8383759572938,5.19909742592626,0.736914724856491
"151","X160855.UNIT","FALL",2011,8.1428349105125,6.33443632463396,0.175226808084536,7.33724571343131,5.7752602108586,0.192199210449437
"152","X160855.UNIT","FALL",2012,5.75351759510544,5.95482226040269,-0.784365113730575,5.33151652398041,5.48230609036043,-0.656085573351714
"153","X160855.UNIT","FALL",2013,4.75622619063602,5.03932192014872,-0.923109566617971,4.44426703918888,4.6918242312384,-0.818164855903164
"154","X160855.UNIT","FALL",2014,3.79713989553665,4.26559836014722,-0.590868320563948,3.63485460668717,3.98047983508839,-0.576733768851756
"155","X160855.UNIT","FALL",2015,5.06409224036799,3.79171316009938,-0.456243431274229,4.58851679254956,3.49630348128003,-0.461462318564923
"156","X160855.UNIT","FALL",2016,2.09644605273673,3.52069099500121,0.181119950222835,1.93264737924356,3.23225233010765,0.177900528169234
"157","X160855.UNIT","FALL",2018,5.4368377749435,5.61048521736541,1.33432550416869,5.02296194178628,5.29357817335003,1.36320332594371
"158","X160855.UNIT","FALL",2019,7.60194257904276,6.60863994714759,0.468273368502222,7.37923305023923,6.35487422456762,0.551322294168805
"159","X160855.UNIT","FALL",2021,6.01677298049783,5.39304299942945,-1.31275826223483,5.92791623348143,5.2830494344871,-1.27430129471546
"160","X160855.UNIT","FALL",2022,2.84701276831065,4.18540868913904,-0.830462539206445,2.79373535942128,4.08761176751181,-0.842938856424269
"161","X160855.UNIT","FALL",2023,3.92698894472201,3.89290130434302,0.13418333380133,3.73929549299385,3.76913061356988,0.104300257660884
"162","X160855.UNIT","FALL",2024,4.5902320153946,4.23124648511556,0.431242591930665,4.46906437400319,4.09285970107453,0.441481626468879
"163","X161703.UNIT","SPRING",2009,1.69491871823019,1.4159658963374,-1.04358224391976,1.69491871823019,1.4159658963374,-1.04358224391976
"164","X161703.UNIT","SPRING",2010,0.218058536180082,0.593214569769611,-0.607391172154557,0.218058536180082,0.593214569769611,-0.607391172154557
"165","X161703.UNIT","SPRING",2011,0.178436508407902,0.190242026150831,-0.204024678021731,0.178436508407902,0.190242026150831,-0.204024678021731
"166","X161703.UNIT","SPRING",2012,0.196811293888258,0.137912065893155,0.0575823726121146,0.196811293888258,0.137912065893155,0.0575823726121146
"167","X161703.UNIT","SPRING",2013,0.268897438114801,0.249588631916455,0.151735004870143,0.268897438114801,0.249588631916455,0.151735004870143
"168","X161703.UNIT","SPRING",2014,0.508532252666979,0.417221358769759,0.173405486537123,0.508532252666979,0.417221358769759,0.173405486537123
"169","X161703.UNIT","SPRING",2015,0.384187417945028,0.606284912429819,0.224731890521457,0.384187417945028,0.606284912429819,0.224731890521457
"170","X161703.UNIT","SPRING",2016,1.00810583390784,0.834769874756263,0.180312499336563,1.00810583390784,0.834769874756263,0.180312499336563
"171","X161703.UNIT","SPRING",2018,0.904711956026007,0.827767304613551,-0.170932858317693,0.904711956026007,0.827767304613551,-0.170932858317693
"172","X161703.UNIT","SPRING",2019,0.555962018196988,0.610574173779653,-0.234188994823934,0.555962018196988,0.610574173779653,-0.234188994823934
"173","X161703.UNIT","SPRING",2021,0.193107032150977,0.278423174486929,-0.0543855983634894,0.193107032150977,0.278423174486929,-0.0543855983634894
"174","X161703.UNIT","SPRING",2022,0.323924962229552,0.289625760718851,0.0647458017286586,0.323924962229552,0.289625760718851,0.0647458017286586
"175","X161703.UNIT","SPRING",2024,0.504686378656692,0.488750596979015,0.0861991581368057,0.504686378656692,0.488750596979015,0.0861991581368057
"176","X161703.UNIT","FALL",2009,0.101394495135374,0.0918743539719933,0.00514476855361859,0.101394495135374,0.0918743539719933,0.00514476855361859
"177","X161703.UNIT","FALL",2010,0.0866491665085123,0.105673429552669,0.0208722664212086,0.0866491665085123,0.105673429552669,0.0208722664212086
"178","X161703.UNIT","FALL",2011,0.158548481698716,0.130456654441364,0.0271130671696593,0.158548481698716,0.130456654441364,0.0271130671696593
"179","X161703.UNIT","FALL",2012,0.123866726298013,0.16336713227748,0.0437565730745872,0.123866726298013,0.16336713227748,0.0437565730745872
"180","X161703.UNIT","FALL",2013,0.166458195161847,0.217072077679842,0.0577069102474263,0.166458195161847,0.217072077679842,0.0577069102474263
"181","X161703.UNIT","FALL",2014,0.434577685266697,0.252189444129997,-0.00811727850674065,0.434577685266697,0.252189444129997,-0.00811727850674065
"182","X161703.UNIT","FALL",2015,0.0696205708699695,0.212162404925123,-0.039966814484621,0.0696205708699695,0.212162404925123,-0.039966814484621
"183","X161703.UNIT","FALL",2016,0.214844440673292,0.195090190452246,-0.00331322458802872,0.214844440673292,0.195090190452246,-0.00331322458802872
"184","X161703.UNIT","FALL",2018,0.211186575245368,0.179450251257746,-0.0260802191316001,0.211186575245368,0.179450251257746,-0.0260802191316001
"185","X161703.UNIT","FALL",2019,0.124851751924172,0.143074913311876,-0.0409586985446711,0.124851751924172,0.143074913311876,-0.0409586985446711
"186","X161703.UNIT","FALL",2021,0.0741084034237349,0.0693316967838943,-0.0309542229359668,0.0741084034237349,0.0693316967838943,-0.0309542229359668
"187","X161703.UNIT","FALL",2022,0.0323248273813943,0.0440868824327485,-0.0176998373691875,0.0323248273813943,0.0440868824327485,-0.0176998373691875
"188","X161703.UNIT","FALL",2023,0.0341616942608954,0.0342083574304644,-0.00361644564757312,0.0341616942608954,0.0342083574304644,-0.00361644564757312
"189","X161703.UNIT","FALL",2024,0.0391802999126743,0.0337355251132176,0.00111154800088708,0.0391802999126743,0.0337355251132176,0.00111154800088708
"190","X161706.UNIT","SPRING",2009,2.51488617994004,2.32793410625674,-0.699652970931278,2.51488617994004,2.32793410625674,-0.699652970931278
"191","X161706.UNIT","SPRING",2010,1.53908663678028,1.76867474952396,-0.416964493650891,1.53908663678028,1.76867474952396,-0.416964493650891
"192","X161706.UNIT","SPRING",2011,1.36746942933627,1.49780761672173,-0.122868523070195,1.36746942933627,1.49780761672173,-0.122868523070195
"193","X161706.UNIT","SPRING",2012,1.68950564465492,1.46472036093773,-0.00342457982703218,1.68950564465492,1.46472036093773,-0.00342457982703218
"194","X161706.UNIT","SPRING",2013,1.40525328391945,1.44871315704203,-0.0107165366607697,1.40525328391945,1.44871315704203,-0.0107165366607697
"195","X161706.UNIT","SPRING",2014,1.33262680452052,1.46356392638481,0.0428214228113546,1.33262680452052,1.46356392638481,0.0428214228113546
"196","X161706.UNIT","SPRING",2015,1.74484493398126,1.49719222396687,-0.0151319538101416,1.74484493398126,1.49719222396687,-0.0151319538101416
"197","X161706.UNIT","SPRING",2016,1.29721518108013,1.43421657184595,-0.0703356711873719,1.29721518108013,1.43421657184595,-0.0703356711873719
"198","X161706.UNIT","SPRING",2018,1.40154306566401,1.39429161269558,0.014536583293461,1.40154306566401,1.39429161269558,0.014536583293461
"199","X161706.UNIT","SPRING",2019,1.43121569234232,1.41767766752732,0.0317725308457564,1.43121569234232,1.41767766752732,0.0317725308457564
"200","X161706.UNIT","SPRING",2021,1.41690969776184,1.52198760546761,0.0770728842394279,1.41690969776184,1.52198760546761,0.0770728842394279
"201","X161706.UNIT","SPRING",2022,1.73168017951864,1.59891670712529,0.0619148402871001,1.73168017951864,1.59891670712529,0.0619148402871001
"202","X161706.UNIT","SPRING",2024,1.44770317274706,1.48424359675112,-0.236069865816615,1.44770317274706,1.48424359675112,-0.236069865816615
"203","X161706.UNIT","FALL",2009,0.5524720265187,0.669393478984828,0.469427870618874,0.5524720265187,0.669393478984829,0.469427870618874
"204","X161706.UNIT","FALL",2010,1.23118891061587,1.04830020185971,0.296262093302425,1.23118891061587,1.04830020185971,0.296262093302424
"205","X161706.UNIT","FALL",2011,1.24519826525814,1.27767070193273,0.170355425015147,1.24519826525814,1.27767070193273,0.170355425015146
"206","X161706.UNIT","FALL",2012,1.39247183715675,1.40953080340761,0.106008011280673,1.39247183715675,1.40953080340761,0.106008011280671
"207","X161706.UNIT","FALL",2013,1.19377193559108,1.50626868425537,0.0914064768300807,1.19377193559107,1.50626868425537,0.0914064768300807
"208","X161706.UNIT","FALL",2014,2.15383855307956,1.51113569969683,-0.166819229733322,2.15383855307956,1.51113569969683,-0.16681922973332
"209","X161706.UNIT","FALL",2015,1.01764713057144,1.18737026930508,-0.38082480274767,1.01764713057144,1.18737026930508,-0.380824802747669
"210","X161706.UNIT","FALL",2016,0.563787084893353,0.900401318893199,-0.142084701686901,0.563787084893353,0.900401318893199,-0.142084701686901
"211","X161706.UNIT","FALL",2018,1.18988719239518,1.0314649716858,0.0889395923343491,1.18988719239518,1.0314649716858,0.088939592334349
"212","X161706.UNIT","FALL",2019,1.17569305046155,1.03970059585771,-0.0727718140494193,1.17569305046155,1.03970059585771,-0.0727718140494193
"213","X161706.UNIT","FALL",2021,0.515338236444181,0.87883040762956,0.066860162317047,0.515338236444181,0.87883040762956,0.0668601623170467
"214","X161706.UNIT","FALL",2022,1.31965342009341,1.03182444542267,0.174134892281789,1.31965342009341,1.03182444542267,0.174134892281789
"215","X161706.UNIT","FALL",2023,1.11062626327122,1.17521633806475,0.12575805986137,1.11062626327122,1.17521633806475,0.125758059861371
"216","X161706.UNIT","FALL",2024,1.31509290950884,1.30955889886341,0.156036228594945,1.31509290950884,1.30955889886341,0.156036228594944
"217","X161722.UNIT","SPRING",2009,12.2983635860997,11.9623475730899,0.403707864696306,12.2983635860997,11.9623475730899,0.403707864696306
"218","X161722.UNIT","SPRING",2010,10.3036730110888,13.6348110851509,2.20056470105517,10.3036730110888,13.6348110851509,2.20056470105517
"219","X161722.UNIT","SPRING",2011,21.315278968961,14.8821680584593,-0.446505212808764,21.315278968961,14.8821680584593,-0.446505212808764
"220","X161722.UNIT","SPRING",2012,9.10940768904053,13.0515528382695,-2.16431859046443,9.10940768904053,13.0515528382695,-2.16431859046443
"221","X161722.UNIT","SPRING",2013,11.3525575424757,11.4572930744797,-1.17084537727254,11.3525575424757,11.4572930744797,-1.17084537727254
"222","X161722.UNIT","SPRING",2014,11.977448695399,10.3620321531311,-1.22086195586058,11.977448695399,10.3620321531311,-1.22086195586058
"223","X161722.UNIT","SPRING",2015,6.46504661871246,9.14083527930383,-0.895080184812621,6.46504661871246,9.14083527930383,-0.895080184812621
"224","X161722.UNIT","SPRING",2016,10.8157602859012,8.35875058564412,-1.2086620073498,10.8157602859012,8.35875058564412,-1.2086620073498
"225","X161722.UNIT","SPRING",2018,3.02454139148837,4.11026028941946,-2.02311119257123,3.02454139148837,4.11026028941946,-2.02311119257123
"226","X161722.UNIT","SPRING",2019,2.8921860271139,2.55441978415183,-1.18022465658278,2.8921860271139,2.55441978415183,-1.18022465658278
"227","X161722.UNIT","SPRING",2021,0.81691651532113,1.37112180981596,0.0175803315295838,0.81691651532113,1.37112180981596,0.0175803315295838
"228","X161722.UNIT","SPRING",2022,2.20120421446681,1.60968590204732,0.36559012964484,2.20120421446681,1.60968590204732,0.36559012964484
"229","X161722.UNIT","SPRING",2024,1.64437151842543,1.72147763153115,-0.629629293314257,1.64437151842543,1.72147763153115,-0.629629293314257
"230","X161722.UNIT","FALL",2009,6.43385764357134,5.58982731635891,-1.81481282108247,6.43385764357134,5.58982731635891,-1.81481282108247
"231","X161722.UNIT","FALL",2010,3.02254262309512,4.4670783497271,-0.515809560325444,3.02254262309512,4.4670783497271,-0.515809560325445
"232","X161722.UNIT","FALL",2011,5.22580935662114,4.38795929941943,0.272447011565809,5.22580935662114,4.38795929941943,0.272447011565808
"233","X161722.UNIT","FALL",2012,5.26288991360927,4.97169640364222,0.939875675807589,5.26288991360927,4.97169640364222,0.939875675807589
"234","X161722.UNIT","FALL",2013,6.21990953235095,6.47126819276367,2.21797696523656,6.21990953235095,6.47126819276367,2.21797696523656
"235","X161722.UNIT","FALL",2014,8.76965648665574,9.64458458592078,4.20688101008187,8.76965648665574,9.64458458592078,4.20688101008187
"236","X161722.UNIT","FALL",2015,7.77464273703634,14.7913602966721,5.91477530616114,7.77464273703633,14.7913602966721,5.91477530616114
"237","X161722.UNIT","FALL",2016,31.5218324319006,19.1067010246596,0.520367081490079,31.5218324319006,19.1067010246596,0.52036708149008
"238","X161722.UNIT","FALL",2018,1.46321961850703,7.25860104091012,-6.8318587089616,1.46321961850703,7.25860104091012,-6.8318587089616
"239","X161722.UNIT","FALL",2019,2.80908636596939,2.45438603253936,-3.06332742678465,2.80908636596939,2.45438603253936,-3.06332742678465
"240","X161722.UNIT","FALL",2021,0.680772058921034,0.66733387621204,0.537813693915542,0.680772058921034,0.66733387621204,0.537813693915543
"241","X161722.UNIT","FALL",2022,2.13756990051381,1.37172169746775,0.691096978167352,2.13756990051381,1.37172169746775,0.691096978167352
"242","X161722.UNIT","FALL",2023,1.85368923029251,1.90660787982489,0.415620404253607,1.85368923029251,1.90660787982489,0.415620404253607
"243","X161722.UNIT","FALL",2024,2.19050063846201,2.27685254138833,0.361813936579953,2.19050063846201,2.27685254138833,0.361813936579953
"244","X164499.NORTH","SPRING",2009,3.89633228465065,4.08500587015299,0.885513720236792,3.89633228465065,4.08500587015299,0.885513720236791
"245","X164499.NORTH","SPRING",2010,4.67086392886605,5.03706429452299,0.864248632065636,4.67086392886605,5.03706429452299,0.86424863206564
"246","X164499.NORTH","SPRING",2011,6.58952415721628,5.50479414140912,-0.0831434347309279,6.58952415721629,5.50479414140913,-0.0831434347309286
"247","X164499.NORTH","SPRING",2012,5.1811991708895,4.88100318507327,-0.999858221491065,5.1811991708895,4.88100318507327,-0.999858221491068
"248","X164499.NORTH","SPRING",2013,3.19483604916616,3.93978162426773,-0.612461230728998,3.19483604916616,3.93978162426773,-0.612461230728996
"249","X164499.NORTH","SPRING",2014,3.56456591591035,3.95323089648211,0.666386278633551,3.56456591591035,3.95323089648211,0.666386278633553
"250","X164499.NORTH","SPRING",2015,5.68350582456283,5.20159537907168,1.73235738060663,5.68350582456284,5.20159537907168,1.73235738060663
"251","X164499.NORTH","SPRING",2016,6.08659486252754,7.37752296626186,2.67706040827917,6.08659486252754,7.37752296626186,2.67706040827917
"252","X164499.NORTH","SPRING",2018,14.5911346119678,12.0899396034431,0.597113268024603,14.5911346119678,12.0899396034431,0.597113268024602
"253","X164499.NORTH","SPRING",2019,10.6286443348019,11.5364098518299,-1.25614678516684,10.6286443348019,11.5364098518299,-1.25614678516684
"254","X164499.NORTH","SPRING",2021,8.61859874410665,9.26064374008214,-0.39217350234857,8.61859874410665,9.26064374008214,-0.392173502348569
"255","X164499.NORTH","SPRING",2022,9.38069045715373,9.48961978682788,0.784697456055506,9.38069045715373,9.48961978682788,0.784697456055509
"256","X164499.NORTH","SPRING",2024,12.7668836563687,12.4967626587634,1.96073285674178,12.7668836563687,12.4967626587634,1.96073285674177
"257","X164499.NORTH","FALL",2009,3.93064857568918,4.12931551451644,0.977971598584653,3.93064857568918,4.12931551451644,0.977971598584653
"258","X164499.NORTH","FALL",2010,5.02420607259948,5.06163226126683,0.820871015981627,5.02420607259948,5.06163226126683,0.820871015981627
"259","X164499.NORTH","FALL",2011,6.21233535884257,5.63947578861073,0.26902515977169,6.21233535884257,5.63947578861073,0.26902515977169
"260","X164499.NORTH","FALL",2012,6.19332901373063,5.63037845334605,-0.190733078830713,6.19332901373063,5.63037845334605,-0.190733078830713
"261","X164499.NORTH","FALL",2013,4.69696510906844,5.61406980096463,0.417689192612859,4.69696510906844,5.61406980096463,0.417689192612859
"262","X164499.NORTH","FALL",2014,6.19858038596237,6.72027336732242,1.78966105030838,6.19858038596237,6.72027336732242,1.78966105030838
"263","X164499.NORTH","FALL",2015,9.01693971694179,9.03291603295849,2.68020530213521,9.01693971694179,9.03291603295849,2.68020530213521
"264","X164499.NORTH","FALL",2016,11.7921559301714,11.7652294065254,2.62438585875976,11.7921559301714,11.7652294065254,2.62438585875976
"265","X164499.NORTH","FALL",2018,16.8810496828898,14.7239293181325,-0.274795648016858,16.8810496828898,14.7239293181325,-0.274795648016858
"266","X164499.NORTH","FALL",2019,12.1748699079891,13.7372307374929,-1.22887679354286,12.1748699079891,13.7372307374929,-1.22887679354286
"267","X164499.NORTH","FALL",2021,11.3563222335989,12.3427123769322,-0.0891169673878508,11.3563222335989,12.3427123769322,-0.0891169673878508
"268","X164499.NORTH","FALL",2022,13.5379918898951,12.3314875315899,-0.197774007512445,13.5379918898951,12.3314875315899,-0.197774007512445
"269","X164499.NORTH","FALL",2023,11.7124596928739,11.7623703549458,-0.86081306852142,11.7124596928739,11.7623703549458,-0.86081306852142
"270","X164499.NORTH","FALL",2024,10.532323323407,10.7691559490555,-1.04596846600502,10.532323323407,10.7691559490555,-1.04596846600502
"271","X164499.SOUTH","SPRING",2009,2.4642244918554,2.25025865116267,-0.172530577317025,2.4642244918554,2.25025865116267,-0.172530577317025
"272","X164499.SOUTH","SPRING",2010,1.7295520795316,2.36991398223309,0.317748076243027,1.7295520795316,2.36991398223309,0.317748076243027
"273","X164499.SOUTH","SPRING",2011,3.14261988499651,2.69756847721905,0.243467750514076,3.14261988499651,2.69756847721905,0.243467750514076
"274","X164499.SOUTH","SPRING",2012,2.93596235677536,2.75706530560197,-0.130165108192675,2.93596235677536,2.75706530560197,-0.130165108192675
"275","X164499.SOUTH","SPRING",2013,2.35755998962803,2.49854986144885,-0.319863165053976,2.35755998962803,2.49854986144885,-0.319863165053976
"276","X164499.SOUTH","SPRING",2014,2.48661617762786,2.20178421518005,-0.256225502857199,2.48661617762786,2.20178421518005,-0.256225502857199
"277","X164499.SOUTH","SPRING",2015,1.59125791157325,2.11412947217788,0.191504008669853,1.59125791157325,2.11412947217788,0.191504008669853
"278","X164499.SOUTH","SPRING",2016,2.37736361795691,2.63664820408487,0.794801434892275,2.37736361795691,2.63664820408487,0.794801434892275
"279","X164499.SOUTH","SPRING",2018,5.01972516169411,3.9407806924567,-0.060505502693655,5.01972516169411,3.9407806924567,-0.060505502693655
"280","X164499.SOUTH","SPRING",2019,2.87573024967221,3.44520479001956,-0.724512550397735,2.87573024967221,3.44520479001956,-0.724512550397735
"281","X164499.SOUTH","SPRING",2021,1.99184734146952,2.08482198565416,-0.545943313397237,1.99184734146952,2.08482198565416,-0.545943313397237
"282","X164499.SOUTH","SPRING",2022,1.619814877362,1.64058206179961,-0.352920659447129,1.619814877362,1.64058206179961,-0.352920659447129
"283","X164499.SOUTH","SPRING",2024,1.22044185780764,1.17540829891194,-0.153789603981577,1.22044185780764,1.17540829891194,-0.153789603981577
"284","X164499.SOUTH","FALL",2009,1.81736317179722,2.06046097571216,0.5069589581763,1.81736317179722,2.06046097571216,0.5069589581763
"285","X164499.SOUTH","FALL",2010,2.84952947241871,2.33863083940809,0.0954650671751058,2.84952947241871,2.33863083940809,0.0954650671751058
"286","X164499.SOUTH","FALL",2011,1.94508726295459,2.34355970598149,-0.0395230360687497,1.94508726295459,2.34355970598149,-0.0395230360687497
"287","X164499.SOUTH","FALL",2012,2.67213310629349,2.2763343208173,-0.124262478672464,2.67213310629349,2.2763343208173,-0.124262478672464
"288","X164499.SOUTH","FALL",2013,2.03533247744213,2.13990756438083,-0.0743834740433853,2.03533247744213,2.13990756438083,-0.0743834740433853
"289","X164499.SOUTH","FALL",2014,1.66408871884074,2.2486645091715,0.338786939908583,1.66408871884074,2.2486645091715,0.338786939908583
"290","X164499.SOUTH","FALL",2015,2.96018872006072,2.74195541895739,0.525379278138742,2.96018872006072,2.74195541895739,0.525379278138742
"291","X164499.SOUTH","FALL",2016,3.56130285293499,3.11771262098267,0.16684028296996,3.56130285293499,3.11771262098267,0.16684028296996
"292","X164499.SOUTH","FALL",2018,2.10426384217648,2.92701892950384,-0.0832975791638225,2.10426384217648,2.92701892950384,-0.0832975791638225
"293","X164499.SOUTH","FALL",2019,3.73421181666647,2.81821063389444,-0.302972559430824,3.73421181666647,2.81821063389444,-0.302972559430824
"294","X164499.SOUTH","FALL",2021,1.17495147099678,1.52457420426837,-0.608873903182889,1.17495147099678,1.52457420426837,-0.608873903182889
"295","X164499.SOUTH","FALL",2022,1.02696425966663,1.12021741411814,-0.205189703406164,1.02696425966663,1.12021741411814,-0.205189703406164
"296","X164499.SOUTH","FALL",2023,1.07618142095852,1.07657747784119,0.0856425375259888,1.07618142095852,1.07657747784119,0.0856425375259888
"297","X164499.SOUTH","FALL",2024,1.33919392434751,1.22696790251759,0.182871018500543,1.33919392434751,1.22696790251759,0.182871018500543
"298","X164712.GBK","SPRING",2009,5.63051566838362,5.43444901929552,-0.0744103434683629,4.95574647893405,4.78318245784114,-0.0651595387157231
"299","X164712.GBK","SPRING",2010,5.88895575317986,5.17464988838838,-0.199693959368021,5.18321472796782,4.55502975303302,-0.175206033406881
"300","X164712.GBK","SPRING",2011,3.15295329371144,5.52604901851526,1.14798617859967,2.77706505411378,4.86465006601464,1.01038649686375
"301","X164712.GBK","SPRING",2012,7.26346618003434,7.25634603423639,1.85283768251337,6.39300182551402,6.38725394383484,1.63033261835733
"302","X164712.GBK","SPRING",2013,11.3995798152488,8.29790059697556,-0.243782173272243,10.0334375851164,7.30361056776423,-0.214835465044315
"303","X164712.GBK","SPRING",2014,6.69325603384842,6.82780439209298,-2.16333391585462,5.89112649283697,6.00953557780365,-1.90414585627363
"304","X164712.GBK","SPRING",2015,2.52571057395143,4.99260857220131,-1.01875823763203,2.22302574415171,4.39425110495507,-0.896659498288671
"305","X164712.GBK","SPRING",2016,5.9039317708399,4.97008770328042,0.665216799945051,5.1963959978831,4.37444556023163,0.585513796712236
"306","X164712.GBK","SPRING",2018,5.44063277169041,7.75838614933434,2.09353813114932,4.78861942483826,6.82860948436679,1.84264883416605
"307","X164712.GBK","SPRING",2019,13.1760461097446,9.43457542754056,0.506568875738633,11.5970095743263,8.30392341154638,0.44586132378586
"308","X164712.GBK","SPRING",2021,4.33106788394828,6.3347073145819,-1.81915601693107,3.812026407532,5.57554724275242,-1.60114630116068
"309","X164712.GBK","SPRING",2022,5.63677832650058,5.14080452578594,-0.702425838182959,4.96125861099083,4.52472307957862,-0.618246374527753
"310","X164712.GBK","SPRING",2024,4.20201978275342,4.09654532160654,-0.876938476084937,3.69844361853443,3.60560929301723,-0.771844809396993
"311","X164712.GBK","FALL",2009,1.87063012298959,1.68235428275404,-0.176016121033826,1.64645108749958,1.48073849787748,-0.154922093005987
"312","X164712.GBK","FALL",2010,1.09520594328409,1.77033492655491,0.252741688714378,0.963954869642676,1.55817541332357,0.222452757028862
"313","X164712.GBK","FALL",2011,3.16618946284032,1.9893662203404,0.0860851789354051,2.78674871117329,1.75095767819656,0.0757686058477863
"314","X164712.GBK","FALL",2012,1.03441853851814,2.03118204908104,0.185458963122389,0.910452315902538,1.78776223718371,0.163233291160413
"315","X164712.GBK","FALL",2013,3.29924773678125,2.46269429522195,0.592063193219686,2.9038610879807,2.16756142794658,0.521109478760621
"316","X164712.GBK","FALL",2014,1.66834659476506,3.28175681688273,1.19801256740392,1.46840951159666,2.88846630537008,1.05444099835622
"317","X164712.GBK","FALL",2015,5.33771854304636,4.69844128254678,1.3231274991391,4.69803858708324,4.13537324355656,1.16456197464446
"318","X164712.GBK","FALL",2016,6.47584816777042,5.48759854388616,0.127002617049968,5.69977310173312,4.82995675056429,0.111782438648549
"319","X164712.GBK","FALL",2018,3.28329572921266,3.83490330251104,-1.15236999460441,2.88982079220746,3.37532291139641,-1.01426829788567
"320","X164712.GBK","FALL",2019,2.83312201324503,2.8308241261863,-0.85815028471731,2.49359654931219,2.49157404438174,-0.755308306087163
"321","X164712.GBK","FALL",2021,1.53286754966887,1.67796549380063,-0.300121309014273,1.34916647237118,1.47687566777742,-0.264154334700134
"322","X164712.GBK","FALL",2022,1.549218170924,1.46789078973918,-0.16542901707213,1.36355761138683,1.29197662188515,-0.145603762986078
"323","X164712.GBK","FALL",2023,1.42329369456151,1.28984845507101,-0.202513738886063,1.2527241074772,1.13527113963466,-0.178244197783841
"324","X164712.GBK","FALL",2024,0.974905455692211,1.03914713872334,-0.310746980431124,0.858071367507133,0.914614233779579,-0.273506610195269
"325","X164712.GOM","SPRING",2009,11.3138852433383,10.4051425023847,-4.82261021062463,11.3138852433383,10.4051425023847,-4.82261021062463
"326","X164712.GOM","SPRING",2010,5.27020938062236,6.20017676383299,-3.53065333608846,5.27020938062236,6.20017676383299,-3.53065333608846
"327","X164712.GOM","SPRING",2011,3.36982383720311,3.45717169098847,-1.89868887921022,3.36982383720311,3.45717169098847,-1.89868887921022
"328","X164712.GOM","SPRING",2012,2.60677906639573,2.40734930362426,-0.253073527696855,2.60677906639573,2.40734930362426,-0.253073527696855
"329","X164712.GOM","SPRING",2013,2.65085931373071,2.93282878235755,1.33795426410485,2.65085931373071,2.93282878235755,1.33795426410485
"330","X164712.GOM","SPRING",2014,2.11416142066444,5.05421642580296,2.84185783781356,2.11416142066444,5.05421642580296,2.84185783781356
"331","X164712.GOM","SPRING",2015,12.6762284088127,7.54156837891792,1.12083317432203,12.6762284088127,7.54156837891792,1.12083317432203
"332","X164712.GOM","SPRING",2016,5.31510395042211,6.93198096583864,-1.69189691499464,5.31510395042211,6.93198096583864,-1.69189691499464
"333","X164712.GOM","SPRING",2018,2.65696074595723,2.80479331868878,-1.93859080787666,2.65696074595723,2.80479331868878,-1.93859080787666
"334","X164712.GOM","SPRING",2019,0.893443959923563,1.26183366563323,-1.06254881340174,0.893443959923563,1.26183366563323,-1.06254881340174
"335","X164712.GOM","SPRING",2021,0.35197635343083,0.962501256463743,0.54571796407624,0.35197635343083,0.962501256463743,0.54571796407624
"336","X164712.GOM","SPRING",2022,2.58337650113645,1.62508853554,0.657383044823797,2.58337650113645,1.62508853554,0.657383044823797
"337","X164712.GOM","SPRING",2024,1.23599850558377,1.45415509714806,-1.31661068022563,1.23599850558377,1.45415509714806,-1.31661068022563
"338","X164712.GOM","FALL",2009,9.23506444535418,8.41072720905724,-3.70213677953737,9.23506444535418,8.41072720905724,-3.70213677953737
"339","X164712.GOM","FALL",2010,4.06287020713345,5.34431647294319,-2.48440157300881,4.06287020713345,5.34431647294319,-2.48440157300881
"340","X164712.GOM","FALL",2011,4.1827672561826,3.33449030240346,-1.58896764838874,4.1827672561826,3.33449030240346,-1.58896764838874
"341","X164712.GOM","FALL",2012,1.61781616684232,2.20452615549457,-0.5790987857821,1.61781616684232,2.20452615549457,-0.5790987857821
"342","X164712.GOM","FALL",2013,1.68805363042452,2.21738121740584,0.554035536524275,1.68805363042452,2.21738121740584,0.554035536524275
"343","X164712.GOM","FALL",2014,4.20520670318206,3.05132368824087,0.903349237923906,4.20520670318206,3.05132368824087,0.903349237923906
"344","X164712.GOM","FALL",2015,2.02590383504732,3.93768038833716,0.993465024574075,2.02590383504732,3.93768038833716,0.993465024574075
"345","X164712.GOM","FALL",2016,6.93401637204177,4.73471731366248,0.172971540044623,6.93401637204177,4.73471731366248,0.172971540044623
"346","X164712.GOM","FALL",2018,2.20994326901605,2.52696477696378,-1.55416654251204,2.20994326901605,2.52696477696378,-1.55416654251204
"347","X164712.GOM","FALL",2019,0.593348675385647,1.27579193568554,-0.833319068844916,0.593348675385647,1.27579193568554,-0.833319068844916
"348","X164712.GOM","FALL",2021,1.18045318438408,1.0916591563644,0.325011281442453,1.18045318438408,1.0916591563644,0.325011281442453
"349","X164712.GOM","FALL",2022,1.50153892402031,1.40216383340216,0.235040136717524,1.50153892402031,1.40216383340216,0.235040136717524
"350","X164712.GOM","FALL",2023,1.82633296817945,1.49364142275146,-0.0592250291513531,1.82633296817945,1.49364142275146,-0.0592250291513531
"351","X164712.GOM","FALL",2024,1.03150186835298,1.26943363283458,-0.396330621814848,1.03150186835298,1.26943363283458,-0.396330621814848
"352","X164712.WGOM","SPRING",2009,13.5082675770089,12.3202345390531,-6.01373013316657,13.5082675770089,12.3202345390531,-6.01373013316657
"353","X164712.WGOM","SPRING",2010,5.80667218485325,7.1628804026116,-4.2626961123475,5.80667218485325,7.1628804026116,-4.2626961123475
"354","X164712.WGOM","SPRING",2011,3.86189554973431,3.87140636909618,-2.28196992731434,3.86189554973431,3.87140636909618,-2.28196992731434
"355","X164712.WGOM","SPRING",2012,2.95731458093447,2.5549615445246,-0.43318075265615,2.95731458093447,2.5549615445246,-0.43318075265615
"356","X164712.WGOM","SPRING",2013,2.59003978182599,3.00204936588338,1.40662192830054,2.59003978182599,3.00204936588338,1.40662192830054
"357","X164712.WGOM","SPRING",2014,2.39791785650316,5.38517663163538,3.29733830078632,2.39791785650316,5.38517663163538,3.29733830078632
"358","X164712.WGOM","SPRING",2015,12.9962018683152,8.50848912218891,1.92334413747079,12.9962018683152,8.50848912218891,1.92334413747079
"359","X164712.WGOM","SPRING",2016,7.94455089187094,8.63096303479049,-1.25335564120413,7.94455089187094,8.63096303479049,-1.25335564120413
"360","X164712.WGOM","SPRING",2018,3.82908158696042,3.93367583034332,-2.63764175877803,3.82908158696042,3.93367583034332,-2.63764175877803
"361","X164712.WGOM","SPRING",2019,0.997379158857032,1.73307223942556,-1.58517307915252,0.997379158857032,1.73307223942556,-1.58517307915252
"362","X164712.WGOM","SPRING",2021,0.341290444845321,1.05919217418594,0.571880349105158,0.341290444845321,1.05919217418594,0.571880349105158
"363","X164712.WGOM","SPRING",2022,2.97718922342379,1.76312154872297,0.683323566942157,2.97718922342379,1.76312154872297,0.683323566942157
"364","X164712.WGOM","SPRING",2024,0.932909553235588,1.2154874559069,-1.84157699186519,0.932909553235588,1.2154874559069,-1.84157699186519
"365","X164712.WGOM","FALL",2009,16.4711893426473,14.998715223767,-6.75181109423499,16.4711893426473,14.998715223767,-6.75181109423499
"366","X164712.WGOM","FALL",2010,7.16810137918682,9.34884986412736,-4.61925902569983,7.16810137918682,9.34884986412736,-4.61925902569983
"367","X164712.WGOM","FALL",2011,6.43325606400809,5.61751837105632,-2.91474336109776,6.43325606400809,5.61751837105632,-2.91474336109776
"368","X164712.WGOM","FALL",2012,3.36873643642371,3.44340496955464,-1.43810221362731,3.36873643642371,3.44340496955464,-1.43810221362731
"369","X164712.WGOM","FALL",2013,1.96568804854021,2.7556897779676,0.0816664363408248,1.96568804854021,2.7556897779676,0.0816664363408248
"370","X164712.WGOM","FALL",2014,4.27000497884202,3.40485836278324,0.995796647949828,4.27000497884202,3.40485836278324,0.995796647949828
"371","X164712.WGOM","FALL",2015,2.67956054820437,4.55820489058512,1.34269230971242,2.67956054820437,4.55820489058512,1.34269230971242
"372","X164712.WGOM","FALL",2016,8.35744712264272,5.61135873848521,0.252935240306411,8.35744712264272,5.61135873848521,0.252935240306411
"373","X164712.WGOM","FALL",2018,2.60581992984123,3.12329299492205,-1.61617158920748,2.60581992984123,3.12329299492205,-1.61617158920748
"374","X164712.WGOM","FALL",2019,1.04691146113201,2.01582649701925,-0.466401653911517,1.04691146113201,2.01582649701925,-0.466401653911517
"375","X164712.WGOM","FALL",2021,2.7784851222461,2.99353007934464,0.852509487955369,2.7784851222461,2.99353007934464,0.852509487955369
"376","X164712.WGOM","FALL",2022,4.85877142665234,3.52804251215263,0.0124873482576775,4.85877142665234,3.52804251215263,0.0124873482576775
"377","X164712.WGOM","FALL",2023,2.6128531121261,2.96731823346734,-0.981094418617959,2.6128531121261,2.96731823346734,-0.981094418617959
"378","X164712.WGOM","FALL",2024,1.62132219167669,1.8715366489373,-1.05762726343183,1.62132219167669,1.8715366489373,-1.05762726343183
"379","X164727.UNIT","SPRING",2009,1.76504208749861,1.70990042890449,0.355995482519141,1.6866838535226,1.63399018357223,0.340191226342353
"380","X164727.UNIT","SPRING",2010,1.38982394997647,2.45452463610868,0.879631576560738,1.32812335313005,2.34555714060342,0.840580736143373
"381","X164727.UNIT","SPRING",2011,5.20593061708016,2.96192087136896,-0.118460461368676,4.97481571492268,2.83042775270566,-0.11320146351555
"382","X164727.UNIT","SPRING",2012,1.56230893963022,2.34354988855158,-0.738713973757333,1.49295095077464,2.23950906606794,-0.705919105687607
"383","X164727.UNIT","SPRING",2013,1.58315161355576,2.01578058415223,0.234895494747814,1.5128683237503,1.92629092961308,0.224467416988238
"384","X164727.UNIT","SPRING",2014,1.68774765570956,2.97034695103922,1.67952318222902,1.6128208725834,2.83847976043341,1.60496152083105
"385","X164727.UNIT","SPRING",2015,7.40548372886754,4.9724019263495,1.91687580292792,7.07672067508987,4.75165442331412,1.83177698079069
"386","X164727.UNIT","SPRING",2016,3.8805326413278,6.77529820593193,2.06782737073743,3.70825817443866,6.474511949424,1.97602712297798
"387","X164727.UNIT","SPRING",2018,14.5641811962265,9.02334461465684,-2.05126853969844,13.9176110515677,8.62275736885159,-1.96020341364861
"388","X164727.UNIT","SPRING",2019,1.50118742812382,5.50888311321245,-3.73745776406289,1.4345429007395,5.26431877393183,-3.57153504073174
"389","X164727.UNIT","SPRING",2021,0.974672657157256,1.52770339273442,-0.531254925609152,0.931402511555353,1.45988170126219,-0.50767010683535
"390","X164727.UNIT","SPRING",2022,2.22818540174626,1.43853515847884,0.209104165733645,2.12926613274492,1.3746720498713,0.199821082197017
"391","X164727.UNIT","SPRING",2024,1.27800344812003,1.32406159353086,-0.898834896139024,1.22126707116946,1.26528048633835,-0.858931533156176
"392","X164727.UNIT","FALL",2009,0.221897933797744,0.923149391204592,1.7621018463263,0.212046876795495,0.882166101025786,1.68387412206248
"393","X164727.UNIT","FALL",2010,3.22176519442436,2.15021185485398,0.733500179829768,3.07873640621101,2.05475364292719,0.700936970346762
"394","X164727.UNIT","FALL",2011,2.92081332263081,2.47310394857873,-0.0462388935229508,2.79114515474066,2.36331205893216,-0.0441841297304106
"395","X164727.UNIT","FALL",2012,1.64246083016992,2.35255757799063,0.0584925636720122,1.56954453489376,2.24812079132392,0.0559009937650541
"396","X164727.UNIT","FALL",2013,0.66996075957297,2.86986211539023,1.0025431392694,0.640218158914782,2.74246591768435,0.958041730926779
"397","X164727.UNIT","FALL",2014,7.21359587332432,3.78215741790341,0.220134398988715,6.89335159288826,3.61426147036549,0.210354119652553
"398","X164727.UNIT","FALL",2015,2.27343339061191,3.09407565592053,-1.21044011363338,2.17250535789689,2.95669965932883,-1.15675698460355
"399","X164727.UNIT","FALL",2016,1.30012324236907,1.89681517106174,-1.03440068498021,1.24240486729758,1.81250096802016,-0.988607688274351
"400","X164727.UNIT","FALL",2018,0.722811485154956,0.898307519290958,-0.0540400496608837,0.690140363650957,0.858123926618229,-0.0515976111017268
"401","X164727.UNIT","FALL",2019,1.31939984333574,0.949036349662487,0.082626243759256,1.26082569240514,0.90671902367889,0.0790991875728894
"402","X164727.UNIT","FALL",2021,0.381567181958648,1.2178812872039,0.319963025307528,0.364627681913152,1.16380219843786,0.305795441268538
"403","X164727.UNIT","FALL",2022,2.57059282357195,1.49283778989749,0.0253010134346165,2.45647253411643,1.42657130281948,0.0241837766220138
"404","X164727.UNIT","FALL",2023,0.972441080514716,1.15603970028953,-0.606691839789102,0.929270004734394,1.10472473454385,-0.579762939438616
"405","X164727.UNIT","FALL",2024,0.289037633853252,0.463864816042149,-0.68545257584424,0.276205940659214,0.443273371411526,-0.6550258130914
"406","X164730.NORTH","SPRING",2009,5.41092709090855,6.41518032558037,1.67529639765232,5.41092709090855,6.41518032558037,1.67529639765232
"407","X164730.NORTH","SPRING",2010,9.04774654515524,7.08082089665109,-0.167187275028019,9.04774654515524,7.08082089665109,-0.167187275028019
"408","X164730.NORTH","SPRING",2011,6.55359331364274,6.43446173649006,-0.948703064811193,6.55359331364274,6.43446173649006,-0.948703064811193
"409","X164730.NORTH","SPRING",2012,5.56035819754242,5.74596395208561,-0.0425712994236469,5.56035819754242,5.74596395208561,-0.0425712994236469
"410","X164730.NORTH","SPRING",2013,4.63088532572268,7.01507042388109,2.86081432467888,4.63088532572268,7.01507042388109,2.86081432467888
"411","X164730.NORTH","SPRING",2014,9.73707519625717,11.2693133000124,5.16936204448835,9.73707519625717,11.2693133000124,5.16936204448835
"412","X164730.NORTH","SPRING",2015,20.8491806616914,15.8980159333429,3.11057402575317,20.8491806616914,15.8980159333429,3.11057402575317
"413","X164730.NORTH","SPRING",2016,15.2812856531873,17.1390419315023,-0.00247225303115339,15.2812856531873,17.1390419315023,-0.00247225303115339
"414","X164730.NORTH","SPRING",2018,17.2449053520265,14.832987902154,-2.21923958838545,17.2449053520265,14.832987902154,-2.21923958838545
"415","X164730.NORTH","SPRING",2019,9.82976070688436,12.9500338574161,-0.719447764552892,9.82976070688436,12.9500338574161,-0.719447764552892
"416","X164730.NORTH","SPRING",2021,15.905358032691,17.5177357621342,4.30899435273819,15.905358032691,17.5177357621342,4.30899435273819
"417","X164730.NORTH","SPRING",2022,25.0030850600354,21.9918965485433,4.28099961182778,25.0030850600354,21.9918965485433,4.28099961182778
"418","X164730.NORTH","SPRING",2024,24.7176812088951,25.4813197748464,-2.22488681853377,24.7176812088951,25.4813197748464,-2.22488681853377
"419","X164730.NORTH","FALL",2009,6.50633982136219,6.34136161520449,0.414830916229916,6.50633982136219,6.34136161520449,0.414830916229916
"420","X164730.NORTH","FALL",2010,6.65937862130081,6.86881599145952,0.640020363630283,6.65937862130081,6.86881599145952,0.640020363630283
"421","X164730.NORTH","FALL",2011,8.70854062839022,7.62128739716535,0.864864975131516,8.70854062839022,7.62128739716535,0.864864975131516
"422","X164730.NORTH","FALL",2012,7.46073005168367,8.89573071462558,1.98126390534184,7.46073005168367,8.89573071462558,1.98126390534184
"423","X164730.NORTH","FALL",2013,10.3474395065629,11.7688939560488,3.65289908015161,10.3474395065629,11.7688939560488,3.65289908015161
"424","X164730.NORTH","FALL",2014,16.5723558234615,15.56618799676,3.41851162045484,16.5723558234615,15.56618799676,3.41851162045484
"425","X164730.NORTH","FALL",2015,20.3908036375441,17.8500248131571,0.916447009353846,20.3908036375441,17.8500248131571,0.916447009353846
"426","X164730.NORTH","FALL",2016,16.2181403066547,17.6659524208806,-0.785006385508292,16.2181403066547,17.6659524208806,-0.785006385508292
"427","X164730.NORTH","FALL",2018,16.9195519908237,16.3508077940304,-0.200006999592342,16.9195519908237,16.3508077940304,-0.200006999592342
"428","X164730.NORTH","FALL",2019,14.9189408425825,16.7888619981634,1.32032833379256,14.9189408425825,16.7888619981634,1.32032833379256
"429","X164730.NORTH","FALL",2021,22.6044555363153,21.6199596420329,2.35301568703168,22.6044555363153,21.6199596420329,2.35301568703168
"430","X164730.NORTH","FALL",2022,22.6602968237742,23.3217822747737,1.00957990313333,22.6602968237742,23.3217822747737,1.00957990313333
"431","X164730.NORTH","FALL",2023,25.6677376979656,23.5281396707787,-0.666795213327542,25.6677376979656,23.5281396707787,-0.666795213327542
"432","X164730.NORTH","FALL",2024,20.4014266403695,21.8483316437103,-2.76275094301342,20.4014266403695,21.8483316437103,-2.76275094301342
"433","X164730.SOUTH","SPRING",2009,4.28756526615566,3.99850742895544,-0.908646604027386,4.28756526615566,3.99850742895544,-0.908646604027386
"434","X164730.SOUTH","SPRING",2010,2.78014673249638,3.39873932884255,-0.355157868076729,2.78014673249638,3.39873932884255,-0.355157868076731
"435","X164730.SOUTH","SPRING",2011,3.35151647602044,3.15965514904528,-0.187278763396158,3.35151647602044,3.15965514904528,-0.187278763396159
"436","X164730.SOUTH","SPRING",2012,3.35300062133391,2.90408440793572,-0.37969184105915,3.3530006213339,2.90408440793571,-0.37969184105915
"437","X164730.SOUTH","SPRING",2013,1.93853035371959,2.44809416263582,-0.42863683159565,1.93853035371959,2.44809416263581,-0.428636831595649
"438","X164730.SOUTH","SPRING",2014,2.33127893958446,2.08552440081178,-0.361440853930063,2.33127893958446,2.08552440081178,-0.361440853930061
"439","X164730.SOUTH","SPRING",2015,1.80020754110585,1.67588179527327,-0.442236854771723,1.80020754110585,1.67588179527327,-0.442236854771722
"440","X164730.SOUTH","SPRING",2016,1.0852146481983,1.27191416749334,-0.310442426938365,1.0852146481983,1.27191416749334,-0.310442426938365
"441","X164730.SOUTH","SPRING",2018,0.822266197995706,1.21017526781664,0.230714154978982,0.822266197995706,1.21017526781664,0.230714154978982
"442","X164730.SOUTH","SPRING",2019,2.056581546276,1.42940417172147,0.0744612854892089,2.056581546276,1.42940417172147,0.0744612854892092
"443","X164730.SOUTH","SPRING",2021,1.06215351731296,1.08638290525442,-0.107354499164803,1.06215351731296,1.08638290525442,-0.107354499164803
"444","X164730.SOUTH","SPRING",2022,0.798670609343852,1.18376378855186,0.319709554791839,0.798670609343852,1.18376378855186,0.319709554791838
"445","X164730.SOUTH","SPRING",2024,3.10861157729347,2.92361705249897,1.49051686528389,3.10861157729347,2.92361705249897,1.49051686528389
"446","X164730.SOUTH","FALL",2009,3.46826686133916,3.90421713499663,0.359047111248731,3.46826686133916,3.90421713499663,0.359047111248731
"447","X164730.SOUTH","FALL",2010,4.82112059301653,3.82956784690647,-0.408567656046976,4.82112059301653,3.82956784690647,-0.408567656046976
"448","X164730.SOUTH","FALL",2011,2.78149262967001,3.28663788566683,-0.577514235050214,2.78149262967001,3.28663788566683,-0.577514235050214
"449","X164730.SOUTH","FALL",2012,2.66874357743512,2.80505397029322,-0.354917033591915,2.66874357743512,2.80505397029322,-0.354917033591915
"450","X164730.SOUTH","FALL",2013,2.57878024462106,2.57844802364754,-0.127387216640005,2.57878024462106,2.57844802364754,-0.127387216640005
"451","X164730.SOUTH","FALL",2014,2.85209591775277,2.49769630424602,-0.057607097989661,2.85209591775277,2.49769630424602,-0.057607097989661
"452","X164730.SOUTH","FALL",2015,2.03188305228836,2.51693851766935,0.173287090664073,2.03188305228836,2.51693851766935,0.173287090664073
"453","X164730.SOUTH","FALL",2016,2.9809816186187,2.85928443267741,0.449223120627538,2.9809816186187,2.85928443267741,0.449223120627538
"454","X164730.SOUTH","FALL",2018,3.45563092509192,3.71765817187587,0.299723193752675,3.45563092509192,3.71765817187587,0.299723193752675
"455","X164730.SOUTH","FALL",2019,4.65322458667276,3.79616052918012,-0.244493765260193,4.65322458667276,3.79616052918012,-0.244493765260193
"456","X164730.SOUTH","FALL",2021,1.51558811681249,2.74939914602146,-0.231611726856669,1.51558811681249,2.74939914602146,-0.231611726856669
"457","X164730.SOUTH","FALL",2022,4.11921234746499,2.7531567056111,0.0432837046000337,4.11921234746499,2.7531567056111,0.0432837046000337
"458","X164730.SOUTH","FALL",2023,1.72008699149434,2.75952215763545,0.0888459432985124,1.72008699149434,2.75952215763545,0.0888459432985124
"459","X164730.SOUTH","FALL",2024,3.57627944405705,3.16964607990781,0.850800645096061,3.57627944405705,3.16964607990781,0.850800645096061
"460","X164732.UNIT","SPRING",2009,9.49876417449152,10.3292352320916,1.36004695190885,9.49876417449152,10.3292352320916,1.36004695190885
"461","X164732.UNIT","SPRING",2010,11.9398130343665,11.1434843418175,0.203013555242977,11.9398130343665,11.1434843418175,0.203013555242977
"462","X164732.UNIT","SPRING",2011,11.4755199564007,10.6043869179778,-1.34664611522223,11.4755199564007,10.6043869179778,-1.34664611522223
"463","X164732.UNIT","SPRING",2012,8.80339436731254,8.66990244825421,-2.23717477504396,8.80339436731254,8.66990244825421,-2.23717477504396
"464","X164732.UNIT","SPRING",2013,4.77445028664943,6.72499444802615,-1.34283219445696,4.77445028664943,6.72499444802615,-1.34283219445696
"465","X164732.UNIT","SPRING",2014,7.49316719659459,5.9783038692681,-0.466292184086563,7.49316719659459,5.9783038692681,-0.466292184086563
"466","X164732.UNIT","SPRING",2015,5.13554777973181,5.64915898570364,-0.0195054561643335,5.13554777973181,5.64915898570364,-0.0195054561643335
"467","X164732.UNIT","SPRING",2016,5.76167856813114,6.11912066023186,0.966764381635195,5.76167856813114,6.11912066023186,0.966764381635195
"468","X164732.UNIT","SPRING",2018,8.78157477101194,9.19447736948807,1.67122973357114,8.78157477101194,9.19447736948807,1.67122973357114
"469","X164732.UNIT","SPRING",2019,11.9223087680181,10.4775653087354,0.658709958153139,11.9223087680181,10.4775653087354,0.658709958153139
"470","X164732.UNIT","SPRING",2021,8.71584614325588,10.0733995698323,-0.202440188931775,8.71584614325588,10.0733995698323,-0.202440188931775
"471","X164732.UNIT","SPRING",2022,10.9273655657444,10.1785754123831,0.290368811193944,10.9273655657444,10.1785754123831,0.290368811193944
"472","X164732.UNIT","SPRING",2024,9.94418210737054,10.0310081552692,-0.927628319665896,9.94418210737054,10.0310081552692,-0.927628319665896
"473","X164732.UNIT","FALL",2009,9.93737424082549,11.8985437397307,4.83957851122215,9.93737424082549,11.8985437397307,4.83957851122215
"474","X164732.UNIT","FALL",2010,17.4104647302913,15.6149315360938,2.43603857994628,17.4104647302913,15.6149315360938,2.43603857994628
"475","X164732.UNIT","FALL",2011,17.5828477507354,16.4563038965079,-0.910452360675759,17.5828477507354,16.4563038965079,-0.910452360675759
"476","X164732.UNIT","FALL",2012,16.1330605412144,13.943234050406,-3.80932159430673,16.1330605412144,13.943234050406,-3.80932159430673
"477","X164732.UNIT","FALL",2013,5.87596112454508,10.0446063296053,-3.08735396280523,5.87596112454508,10.0446063296053,-3.08735396280523
"478","X164732.UNIT","FALL",2014,8.81060252890047,8.37771084404753,-0.537832173547664,8.81060252890047,8.37771084404753,-0.537832173547664
"479","X164732.UNIT","FALL",2015,8.11174813297533,8.50835220558804,0.629920284944213,8.11174813297533,8.50835220558804,0.629920284944213
"480","X164732.UNIT","FALL",2016,10.4408774272734,9.18531709754618,0.440969794266786,10.4408774272734,9.18531709754618,0.440969794266786
"481","X164732.UNIT","FALL",2018,9.12287136524365,8.62472248958883,-0.684761895676337,9.12287136524365,8.62472248958883,-0.684761895676337
"482","X164732.UNIT","FALL",2019,6.85970824210449,8.11657298330417,-0.11109368492636,6.85970824210449,8.11657298330417,-0.11109368492636
"483","X164732.UNIT","FALL",2021,10.0848065720881,9.27479147853111,0.724516606043325,10.0848065720881,9.27479147853111,0.724516606043325
"484","X164732.UNIT","FALL",2022,8.37588400600865,9.85981019132106,0.505717034123252,8.37588400600865,9.85981019132106,0.505717034123252
"485","X164732.UNIT","FALL",2023,12.3897743499182,10.1483126149105,-0.126821333398225,12.3897743499182,10.1483126149105,-0.126821333398225
"486","X164732.UNIT","FALL",2024,8.1271776766741,9.20994923161698,-1.9480145796426,8.1271776766741,9.20994923161698,-1.9480145796426
"487","X164744.GBK","SPRING",2009,25.0181657601223,26.2032773251211,3.33189353183207,23.155033740316,24.2517930751435,3.08408364562933
"488","X164744.GBK","SPRING",2010,36.7764335223037,25.0777812917983,-2.98340769431302,34.0376495712078,23.210601556717,-2.76064395431559
"489","X164744.GBK","SPRING",2011,17.8704418075319,25.4354177448246,6.29815850453041,16.5406004442935,23.5421506228462,5.82956481474095
"490","X164744.GBK","SPRING",2012,40.7500449856792,41.4408712010944,26.8800434040798,37.7174743603572,38.3558333072024,24.8780799468082
"491","X164744.GBK","SPRING",2013,35.2911117039807,81.0353107656734,52.9813469416968,32.6629414032206,75.00127167928,49.0354785673276
"492","X164744.GBK","SPRING",2014,184.978993549102,134.033657176448,38.9729267551936,171.203391885202,124.052815141185,36.0709512858305
"493","X164744.GBK","SPRING",2015,163.166583045405,147.346413041456,-9.93974713512291,151.01763003391,136.374631669557,-9.19920373981888
"494","X164744.GBK","SPRING",2016,100.917277815236,124.085998664288,-29.0569137511825,93.4031029999931,114.846419877035,-26.8933221190056
"495","X164744.GBK","SPRING",2018,74.5906114009538,73.1933361377983,-21.680503275404,69.0357614646904,67.7428070518385,-20.0663497992536
"496","X164744.GBK","SPRING",2019,50.6119230089776,53.9303750907105,-16.3884133343273,46.8427939990364,49.9141066708074,-15.168100304727
"497","X164744.GBK","SPRING",2021,34.6013577749327,30.1963854713744,-9.48726415475912,32.0245542547479,27.9475772352644,-8.78069501263131
"498","X164744.GBK","SPRING",2022,17.3599042198418,21.1974548969898,-8.14128480621501,16.0670918800854,19.6188425501808,-7.5349659416506
"499","X164744.GBK","SPRING",2024,14.0206448242903,12.7772146107804,1.19829327118638,12.9765110312324,11.8256866312349,1.10904368624579
"500","X164744.GBK","FALL",2009,50.9226261494146,41.7890870962355,-8.6802779602456,47.1303587137729,38.6769072783784,-8.03385546971767
"501","X164744.GBK","FALL",2010,29.6339544362789,38.494556343212,2.70978651287163,27.4270792435453,35.6277093912384,2.50801784537533
"502","X164744.GBK","FALL",2011,53.1183661446064,48.4458002393246,17.8112713380265,49.1625793873871,44.8380592690046,16.4852400600947
"503","X164744.GBK","FALL",2012,52.2866100740883,76.0169177939667,38.6122124872864,48.3927651627465,70.3566212622841,35.7377575273828
"504","X164744.GBK","FALL",2013,141.011951331365,121.574121864315,47.124843587799,130.510626645141,112.522369574325,43.6166607463346
"505","X164744.GBK","FALL",2014,145.662202002556,165.067180853088,40.0392023388814,134.814678217762,152.776777672008,37.0560687164496
"506","X164744.GBK","FALL",2015,205.284059372733,196.426486540247,17.2754410844728,189.996315745149,181.795484199577,15.9784082636234
"507","X164744.GBK","FALL",2016,226.576842978091,191.361002942766,-30.2595004077376,209.704287332117,177.089465310769,-28.0316388546597
"508","X164744.GBK","FALL",2018,50.5752051185662,77.0557838912097,-54.8446098847416,46.6927455032513,71.2569798367752,-50.7518249431267
"509","X164744.GBK","FALL",2019,28.5956212474282,37.6368371063173,-24.3221747852512,26.4660719398104,34.7970580620707,-22.4828351728988
"510","X164744.GBK","FALL",2021,36.0640068564198,24.4656729985313,-0.648158390043309,33.378278151088,22.6413092931574,-0.592492877950527
"511","X164744.GBK","FALL",2022,23.704679086904,21.3723408603377,-5.0528069326649,21.9393639535124,19.7821768228614,-4.67531276727222
"512","X164744.GBK","FALL",2023,10.0710580653721,15.5867187998075,-5.77747647546865,9.32105461048927,14.4273299583331,-5.3481940574336
"513","X164744.GBK","FALL",2024,13.0846338007897,11.2993093352542,-2.05638174071104,12.1102058417045,10.4581625166955,-1.90395392149082
"514","X164744.GOM","SPRING",2009,2.37572295884422,2.38023926746399,-0.953645422920873,2.37572295884422,2.38023926746399,-0.953645422920873
"515","X164744.GOM","SPRING",2010,2.06338610194577,1.08407556890573,-1.39046867096949,2.06338610194577,1.08407556890573,-1.39046867096949
"516","X164744.GOM","SPRING",2011,1.16330426146007,0.095728531977306,-0.338012099661213,1.16330426146007,0.095728531977306,-0.338012099661213
"517","X164744.GOM","SPRING",2012,2.38940629574185,1.33443002323344,3.49358043259748,2.38940629574185,1.33443002323344,3.49358043259748
"518","X164744.GOM","SPRING",2013,5.46182094088467,8.757462651143,12.3488927267684,5.46182094088467,8.757462651143,12.3488927267684
"519","X164744.GOM","SPRING",2014,7.55484772199571,26.9660001181946,24.0055589452125,7.55484772199571,26.9660001181946,24.0055589452125
"520","X164744.GOM","SPRING",2015,79.3555719810379,50.3658566637682,16.4540535302572,79.3555719810379,50.3658566637682,16.4540535302572
"521","X164744.GOM","SPRING",2016,48.3499788704903,56.5690767442474,-1.01254318808305,48.3499788704903,56.5690767442474,-1.01254318808305
"522","X164744.GOM","SPRING",2018,43.5866472887558,40.791416630032,-13.2800176204641,43.5866472887558,40.791416630032,-13.2800176204641
"523","X164744.GOM","SPRING",2019,23.6689510215963,26.875459380551,-13.2347923786706,23.6689510215963,26.875459380551,-13.2347923786706
"524","X164744.GOM","SPRING",2021,4.7255852408973,9.83701720074776,-3.08461725363897,4.7255852408973,9.83701720074776,-3.08461725363897
"525","X164744.GOM","SPRING",2022,13.8194894206485,9.00769989824793,0.60446440790026,13.8194894206485,9.00769989824793,0.60446440790026
"526","X164744.GOM","SPRING",2024,5.6432872409942,6.09353666678026,-6.80470060232411,5.6432872409942,6.09353666678026,-6.80470060232411
"527","X164744.GOM","FALL",2009,1.71720736819496,1.41945784825585,1.22868728849179,1.71720736819496,1.41945784825585,1.22868728849179
"528","X164744.GOM","FALL",2010,3.79903485817481,2.25409458239265,0.877744573769272,3.79903485817481,2.25409458239265,0.877744573769272
"529","X164744.GOM","FALL",2011,6.16785017719663,4.04926378376934,3.14975222297158,6.16785017719663,4.04926378376934,3.14975222297158
"530","X164744.GOM","FALL",2012,4.28709991468311,10.1581084503975,10.2352881383591,4.28709991468311,10.1581084503975,10.2352881383591
"531","X164744.GOM","FALL",2013,18.7133568758175,25.1298183823326,19.1507590192821,18.7133568758175,25.1298183823326,19.1507590192821
"532","X164744.GOM","FALL",2014,56.0493437761665,45.5033995836024,19.1975491841273,56.0493437761665,45.5033995836024,19.1975491841273
"533","X164744.GOM","FALL",2015,53.0838773346165,61.7656804143479,13.9666303402547,53.0838773346165,61.7656804143479,13.9666303402547
"534","X164744.GOM","FALL",2016,80.7167225022744,72.2128852270694,5.06438638525512,80.7167225022744,72.2128852270694,5.06438638525512
"535","X164744.GOM","FALL",2018,63.5301371909243,58.0705252071872,-16.8498901455345,63.5301371909243,58.0705252071872,-16.8498901455345
"536","X164744.GOM","FALL",2019,32.7142003825682,39.6675772509855,-17.7981366395409,32.7142003825682,39.6675772509855,-17.7981366395409
"537","X164744.GOM","FALL",2021,11.8475503554116,16.4513906301603,-4.75336754013349,11.8475503554116,16.4513906301603,-4.75336754013349
"538","X164744.GOM","FALL",2022,15.5839666437533,14.2116639859921,-0.972148957952447,15.5839666437533,14.2116639859921,-0.972148957952447
"539","X164744.GOM","FALL",2023,17.9161563307908,12.7977915664539,-2.31883381917588,17.9161563307908,12.7977915664539,-2.31883381917588
"540","X164744.GOM","FALL",2024,6.21267367391068,8.64752047153664,-6.44494630871048,6.21267367391068,8.64752047153664,-6.44494630871048
"541","X164791.NORTH","SPRING",2009,13.8834565944281,15.8351680607526,13.1375122916216,13.8834565944281,15.8351680607526,13.1375122916216
"542","X164791.NORTH","SPRING",2010,30.9019663801993,26.973660540102,9.51007426690732,30.9019663801993,26.973660540102,9.51007426690732
"543","X164791.NORTH","SPRING",2011,33.9331188935317,35.5965197942271,8.10624584117281,33.9331188935317,35.5965197942271,8.10624584117281
"544","X164791.NORTH","SPRING",2012,42.5891117032198,43.729922984248,8.33372970083931,42.5891117032198,43.729922984248,8.33372970083931
"545","X164791.NORTH","SPRING",2013,50.0692151605482,52.150271036756,8.22008908305671,50.0692151605482,52.150271036756,8.22008908305671
"546","X164791.NORTH","SPRING",2014,62.7863562783117,58.9483788583816,4.44128158933458,62.7863562783117,58.9483788583816,4.44128158933458
"547","X164791.NORTH","SPRING",2015,63.7314538028576,60.3960328475688,-1.24793000795666,63.7314538028576,60.3960328475688,-1.24793000795666
"548","X164791.NORTH","SPRING",2016,51.5751965212623,58.1332403460794,-1.89497709441437,51.5751965212623,58.1332403460794,-1.89497709441437
"549","X164791.NORTH","SPRING",2018,63.8575810279841,55.3690069330328,-3.85738254610692,63.8575810279841,55.3690069330328,-3.85738254610691
"550","X164791.NORTH","SPRING",2019,44.2884255272847,50.8354181031692,-3.15430536384772,44.2884255272847,50.8354181031692,-3.15430536384771
"551","X164791.NORTH","SPRING",2021,51.6759793704682,56.6627638343174,8.18008289284111,51.6759793704682,56.6627638343174,8.1800828928411
"552","X164791.NORTH","SPRING",2022,72.8209123146183,66.1636065865844,9.90994155856277,72.8209123146183,66.1636065865844,9.90994155856276
"553","X164791.NORTH","SPRING",2024,75.3611686418359,76.6799522913307,-3.04024006633728,75.3611686418358,76.6799522913306,-3.04024006633735
"554","X164791.NORTH","FALL",2009,29.4390617096081,34.1042273011948,23.3824146580046,29.4390617096081,34.1042273011948,23.3824146580046
"555","X164791.NORTH","FALL",2010,65.3651428856886,51.9855033832474,14.0775067570697,65.3651428856886,51.9855033832474,14.0775067570697
"556","X164791.NORTH","FALL",2011,45.029575816335,65.6539793172724,14.9568143619496,45.029575816335,65.6539793172724,14.9568143619496
"557","X164791.NORTH","FALL",2012,99.4943251044138,80.3810203883382,11.2817868104046,99.4943251044138,80.3810203883382,11.2817868104046
"558","X164791.NORTH","FALL",2013,79.5720627774268,87.020458804528,4.0154768581988,79.5720627774268,87.020458804528,4.0154768581988
"559","X164791.NORTH","FALL",2014,88.1249442453694,90.3753498975817,2.63929428453082,88.1249442453694,90.3753498975817,2.63929428453082
"560","X164791.NORTH","FALL",2015,91.6183869528956,91.5205256125346,-1.07245357230217,91.6183869528956,91.5205256125346,-1.07245357230217
"561","X164791.NORTH","FALL",2016,96.7105720432816,86.8161028547709,-9.02722112375466,96.7105720432816,86.8161028547709,-9.02722112375466
"562","X164791.NORTH","FALL",2018,60.149173307063,66.0056981718684,-3.13390968380389,60.149173307063,66.0056981718684,-3.13390968380389
"563","X164791.NORTH","FALL",2019,66.3096663495508,71.2967549502372,14.1807064362186,66.3096663495508,71.2967549502372,14.1807064362186
"564","X164791.NORTH","FALL",2021,90.8864080885421,129.465626502365,40.1832287487007,90.8864080885421,129.465626502365,40.1832287487007
"565","X164791.NORTH","FALL",2022,217.597803684883,161.078803702921,10.8261458015537,217.597803684883,161.078803702921,10.8261458015537
"566","X164791.NORTH","FALL",2023,152.224076374053,143.629801896438,-40.9952857726953,152.224076374053,143.629801896438,-40.9952857726953
"567","X164791.NORTH","FALL",2024,65.3586128853674,88.5459594411795,-64.4435354959982,65.3586128853674,88.5459594411795,-64.4435354959982
"568","X164791.SOUTH","SPRING",2009,8.52522325715401,7.8960134971447,0.0389821574982863,8.52522325715401,7.8960134971447,0.0389821574982863
"569","X164791.SOUTH","SPRING",2010,6.8175530727027,8.84422013265081,1.54413331210252,6.8175530727027,8.84422013265081,1.54413331210252
"570","X164791.SOUTH","SPRING",2011,11.3474080513326,10.3576845185269,1.16949765823814,11.3474080513326,10.3576845185269,1.16949765823814
"571","X164791.SOUTH","SPRING",2012,12.4697492455598,10.7010080458213,-0.651760205543736,12.4697492455598,10.7010080458213,-0.651760205543736
"572","X164791.SOUTH","SPRING",2013,7.67703505215244,9.33518417253151,-1.62995787404927,7.67703505215244,9.33518417253151,-1.62995787404927
"573","X164791.SOUTH","SPRING",2014,8.27850505535296,7.79221376007586,-1.55479115549541,8.27850505535296,7.79221376007586,-1.55479115549541
"574","X164791.SOUTH","SPRING",2015,6.48486776152421,6.18898615242713,-1.58947156428221,6.48486776152421,6.18898615242713,-1.58947156428221
"575","X164791.SOUTH","SPRING",2016,4.1145184882259,4.83082088181058,-0.971501222171578,4.1145184882259,4.83082088181058,-0.971501222171578
"576","X164791.SOUTH","SPRING",2018,4.18431018690101,4.47333373424298,0.322728116543177,4.18431018690101,4.47333373424298,0.322728116543177
"577","X164791.SOUTH","SPRING",2019,5.51433853291143,4.71499454350562,-0.025566671431501,5.51433853291143,4.71499454350562,-0.025566671431501
"578","X164791.SOUTH","SPRING",2021,4.9935954209037,3.80798444812349,-0.402606491994669,4.9935954209037,3.80798444812349,-0.402606491994669
"579","X164791.SOUTH","SPRING",2022,1.60100729993498,3.86666101359429,0.716374936575569,1.60100729993498,3.86666101359429,0.716374936575569
"580","X164791.SOUTH","SPRING",2024,11.0881816106353,10.287188134836,6.48981343922325,11.0881816106353,10.287188134836,6.48981343922325
"581","X164791.SOUTH","FALL",2009,4.99772188290713,7.03816350447563,4.37528539595057,4.99772188290713,7.03816350447563,4.37528539595057
"582","X164791.SOUTH","FALL",2010,13.3987266820098,9.66550760525245,1.14000574959413,13.3987266820098,9.66550760525245,1.14000574959413
"583","X164791.SOUTH","FALL",2011,7.94175242949476,9.83938089164599,-0.531656232816004,7.94175242949476,9.83938089164599,-0.531656232816004
"584","X164791.SOUTH","FALL",2012,9.69620950390129,8.86468387293934,-1.41585201526943,9.69620950390129,8.86468387293934,-1.41585201526943
"585","X164791.SOUTH","FALL",2013,6.68983331207999,7.17391600348614,-1.80133037058583,6.68983331207999,7.17391600348614,-1.80133037058583
"586","X164791.SOUTH","FALL",2014,6.67119005478354,5.47186718325755,-1.55727657143264,6.67119005478354,5.47186718325755,-1.55727657143264
"587","X164791.SOUTH","FALL",2015,1.88566118561553,4.4905790189842,-0.0195742971894162,1.88566118561553,4.4905790189842,-0.0195742971894162
"588","X164791.SOUTH","FALL",2016,6.23184054373887,5.4546339450006,1.58387404541945,6.23184054373887,5.4546339450006,1.58387404541945
"589","X164791.SOUTH","FALL",2018,8.22424496503365,8.52495887045003,0.925721266134639,8.22424496503365,8.52495887045003,0.925721266134639
"590","X164791.SOUTH","FALL",2019,11.0813085327359,8.63963912001338,-0.922316378336515,11.0813085327359,8.63963912001338,-0.922316378336515
"591","X164791.SOUTH","FALL",2021,3.50323580871648,5.55050087414389,-0.263170133674315,3.50323580871648,5.55050087414389,-0.263170133674315
"592","X164791.SOUTH","FALL",2022,6.85289615226726,6.77907576279257,2.61953957173511,6.85289615226726,6.77907576279257,2.61953957173511
"593","X164791.SOUTH","FALL",2023,9.72813581971771,10.5473367475325,4.77551946689963,9.72813581971771,10.5473367475325,4.77551946689963
"594","X164791.SOUTH","FALL",2024,17.184675361874,16.0471888349017,6.08272177699364,17.184675361874,16.0471888349017,6.08272177699364
"595","X164793.UNIT","SPRING",2009,0.377724668297383,0.381928475997872,0.0603433289636253,0.377724668297383,0.381928475997872,0.0603433289636253
"596","X164793.UNIT","SPRING",2010,0.353200669139574,0.487784228502314,0.115697025408456,0.353200669139574,0.487784228502314,0.115697025408456
"597","X164793.UNIT","SPRING",2011,0.837101389191941,0.541980225541178,-0.0429761819675313,0.837101389191941,0.541980225541178,-0.0429761819675313
"598","X164793.UNIT","SPRING",2012,0.331857735108008,0.41423453205555,-0.164441386878623,0.331857735108008,0.41423453205555,-0.164441386878623
"599","X164793.UNIT","SPRING",2013,0.148471416102989,0.28573852007177,-0.0679833869262017,0.148471416102989,0.28573852007177,-0.0679833869262017
"600","X164793.UNIT","SPRING",2014,0.331409009847251,0.282194180001082,0.0402538784200265,0.331409009847251,0.282194180001082,0.0402538784200265
"601","X164793.UNIT","SPRING",2015,0.283094697796203,0.341089024225967,0.0730193857086865,0.283094697796203,0.341089024225967,0.0730193857086865
"602","X164793.UNIT","SPRING",2016,0.517752672921667,0.400427106089778,0.0223673570113138,0.517752672921667,0.400427106089778,0.0223673570113138
"603","X164793.UNIT","SPRING",2018,0.265018546803404,0.320796749777651,-0.0436599567705813,0.265018546803404,0.320796749777651,-0.0436599567705813
"604","X164793.UNIT","SPRING",2019,0.315584587970034,0.301348231756644,0.00172787050896961,0.315584587970034,0.301348231756644,0.00172787050896961
"605","X164793.UNIT","SPRING",2021,0.338514386597551,0.382012384989578,0.081257812210702,0.338514386597551,0.382012384989578,0.081257812210702
"606","X164793.UNIT","SPRING",2022,0.524936249909084,0.477791718479806,0.103198743508793,0.524936249909084,0.477791718479806,0.103198743508793
"607","X164793.UNIT","SPRING",2024,0.621300858244236,0.628641510440135,0.0192426034076953,0.621300858244236,0.628641510440135,0.0192426034076953
"608","X164793.UNIT","FALL",2009,0.637941704851262,0.634442192299238,-0.107522854431514,0.637941704851262,0.634442192299238,-0.107522854431514
"609","X164793.UNIT","FALL",2010,0.540058513346425,0.52246257430488,-0.111426179280941,0.540058513346425,0.52246257430488,-0.111426179280941
"610","X164793.UNIT","FALL",2011,0.393890828423885,0.421610238289878,-0.0852682904728028,0.393890828423885,0.421610238289878,-0.0852682904728028
"611","X164793.UNIT","FALL",2012,0.354586442650375,0.35531360983943,-0.0489475522241986,0.354586442650375,0.35531360983943,-0.0489475522241986
"612","X164793.UNIT","FALL",2013,0.311624518146774,0.319896126861789,-0.0240838349146699,0.311624518146774,0.319896126861789,-0.0240838349146699
"613","X164793.UNIT","FALL",2014,0.348787039057386,0.300465524186323,-0.0192613650764415,0.348787039057386,0.300465524186323,-0.0192613650764415
"614","X164793.UNIT","FALL",2015,0.231870354207579,0.286312512230218,0.000378451325721223,0.231870354207579,0.286312512230218,0.000378451325721223
"615","X164793.UNIT","FALL",2016,0.311516510291658,0.304374892326307,0.029475664193508,0.311516510291658,0.304374892326307,0.029475664193508
"616","X164793.UNIT","FALL",2018,0.441218743181322,0.35025034962243,-0.000423421291767724,0.441218743181322,0.35025034962243,-0.000423421291767724
"617","X164793.UNIT","FALL",2019,0.253944905084006,0.351712270441815,0.0253247872087966,0.253944905084006,0.351712270441815,0.0253247872087966
"618","X164793.UNIT","FALL",2021,0.411257764201033,0.53689789964091,0.135448088045708,0.411257764201033,0.53689789964091,0.135448088045708
"619","X164793.UNIT","FALL",2022,0.832893664993818,0.63854116243487,0.0248123525396804,0.832893664993818,0.63854116243487,0.0248123525396804
"620","X164793.UNIT","FALL",2023,0.601795003272965,0.559691611335472,-0.166316363120741,0.601795003272965,0.559691611335472,-0.166316363120741
"621","X164793.UNIT","FALL",2024,0.24888359153393,0.338298619428857,-0.260274529074754,0.24888359153393,0.338298619428857,-0.260274529074754
"622","X166774.UNIT","SPRING",2009,71.3656848150139,64.1998045875368,-22.774567705762,71.3656848150139,64.1998045875368,-22.774567705762
"623","X166774.UNIT","SPRING",2010,35.0309541521501,48.3965372220866,-9.9230589749642,35.0309541521501,48.3965372220866,-9.92305897496417
"624","X166774.UNIT","SPRING",2011,49.1806456173882,42.1715027379568,-3.61810194312115,49.1806456173883,42.1715027379568,-3.61810194312116
"625","X166774.UNIT","SPRING",2012,39.2687908621551,40.0862618341363,-0.535359416402064,39.2687908621551,40.0862618341363,-0.535359416402074
"626","X166774.UNIT","SPRING",2013,37.5088125169215,41.180727141785,2.78721282021409,37.5088125169215,41.180727141785,2.78721282021408
"627","X166774.UNIT","SPRING",2014,52.230784861486,44.5165813425216,2.67746666070153,52.230784861486,44.5165813425216,2.67746666070154
"628","X166774.UNIT","SPRING",2015,30.4826143176566,46.636976473774,2.87166853294669,30.4826143176566,46.636976473774,2.87166853294672
"629","X166774.UNIT","SPRING",2016,68.6995262750156,47.6508469162389,-4.76134407133628,68.6995262750157,47.6508469162389,-4.76134407133628
"630","X166774.UNIT","SPRING",2018,11.8488308733688,22.4277412750166,-8.92670844491967,11.8488308733688,22.4277412750166,-8.92670844491969
"631","X166774.UNIT","SPRING",2019,17.175134986362,20.6021931772549,4.76682384622531,17.175134986362,20.6021931772549,4.7668238462253
"632","X166774.UNIT","SPRING",2021,45.321994773115,41.0137828266696,8.91656970003933,45.321994773115,41.0137828266696,8.91656970003933
"633","X166774.UNIT","SPRING",2022,49.1822211107193,46.0553603398031,1.3003037532307,49.1822211107193,46.0553603398031,1.30030375323071
"634","X166774.UNIT","SPRING",2024,32.9378146441197,35.2954939306916,-11.5252964543295,32.9378146441197,35.2954939306916,-11.5252964543295
"635","X166774.UNIT","FALL",2009,49.1974256675671,61.4287359096909,25.5870151760517,49.1974256675671,61.4287359096909,25.5870151760517
"636","X166774.UNIT","FALL",2010,97.0405592567509,77.3830476163116,7.26502620899889,97.0405592567509,77.3830476163116,7.26502620899889
"637","X166774.UNIT","FALL",2011,70.2066315401426,77.8456242713068,-5.39645492719933,70.2066315401426,77.8456242713068,-5.39645492719933
"638","X166774.UNIT","FALL",2012,81.455595652647,67.7931364973317,-14.4489398571413,81.455595652647,67.7931364973317,-14.4489398571413
"639","X166774.UNIT","FALL",2013,36.2906544265785,52.9991816788315,-11.3471134216616,36.2906544265785,52.9991816788315,-11.3471134216616
"640","X166774.UNIT","FALL",2014,46.7302140938083,47.9742342621694,0.380686838300942,46.7302140938083,47.9742342621694,0.380686838300942
"641","X166774.UNIT","FALL",2015,55.0280512400479,51.5394395606725,5.44513971398104,55.0280512400479,51.5394395606725,5.44513971398104
"642","X166774.UNIT","FALL",2016,53.861283366032,57.2696053180611,5.72486747345005,53.861283366032,57.2696053180611,5.72486747345005
"643","X166774.UNIT","FALL",2018,77.0718536790646,57.3271683908846,-10.7721451150957,77.0718536790646,57.3271683908846,-10.7721451150957
"644","X166774.UNIT","FALL",2019,24.1049571884724,43.028475720848,-13.3989040969303,24.1049571884724,43.028475720848,-13.3989040969303
"645","X166774.UNIT","FALL",2021,31.6765663406108,29.1161674712492,-4.72290358284485,31.6765663406108,29.1161674712492,-4.72290358284485
"646","X166774.UNIT","FALL",2022,29.7178215579697,23.2363660694579,-7.20547259557309,29.7178215579697,23.2363660694579,-7.20547259557309
"647","X166774.UNIT","FALL",2023,6.80340953697821,15.5730779219819,-7.08447468266444,6.80340953697821,15.5730779219819,-7.08447468266444
"648","X166774.UNIT","FALL",2024,14.4699118796852,11.140674737558,-0.743702669468957,14.4699118796852,11.140674737558,-0.743702669468957
"649","X167687.NORTH","SPRING",2009,0.139201779398336,0.130464981483911,0.0833946342062176,0.189205446257338,0.4042633664357,0.507681789863534
"650","X167687.NORTH","SPRING",2010,0.291649372676879,0.176623328744704,0.0410726124765151,1.18806991231583,0.657718670444403,0.0649220857693128
"651","X167687.NORTH","SPRING",2011,0.143107226916696,0.276911310759234,0.191653903713691,0.416338886857819,0.665494073205206,0.0163219873677324
"652","X167687.NORTH","SPRING",2012,0.741303950247769,0.59093983442153,0.4352612896992,0.781902438278283,0.787141769904169,0.258059263139056
"653","X167687.NORTH","SPRING",2013,0.303372821801098,1.19109455303849,0.809850664327271,0.533631897864558,1.229791835743,0.644334247689437
"654","X167687.NORTH","SPRING",2014,3.5690136638114,2.01396756449309,0.594419243206382,3.31239990545866,1.88821265841089,0.467816411623359
"655","X167687.NORTH","SPRING",2015,0.444427624725084,2.3995736567133,0.437909673871642,0.410900114900507,2.21569278601167,0.442102956623126
"656","X167687.NORTH","SPRING",2016,4.67711432921396,2.77969456418441,-0.0488769396189586,4.22088062778288,2.69860863870874,0.194959702777692
"657","X167687.NORTH","SPRING",2018,0.136473550179419,1.42382068998931,-0.335643076495501,1.11343930293693,1.93634863699309,-0.29985901630344
"658","X167687.NORTH","SPRING",2019,1.99023288147879,1.56737841832795,0.445135478665568,2.25305499866944,1.89749410827057,0.11383861006716
"659","X167687.NORTH","SPRING",2021,3.18077030520508,2.70833865045582,0.573259999221233,2.90170469975264,2.48256241011442,0.56116165263454
"660","X167687.NORTH","SPRING",2022,2.78613243394205,3.27732398733485,0.620328447736508,2.52150299578615,3.27854775802484,1.08635300717693
"661","X167687.NORTH","SPRING",2024,5.52409820498404,5.390766604634,1.71558526236137,7.57809746273816,7.27925197733249,3.1365270680933
"662","X167687.NORTH","FALL",2009,0.124267835783463,0.20037380983836,0.22991836978107,0.232643390609495,0.284496032737123,0.14720931020347
"663","X167687.NORTH","FALL",2010,0.558553579696724,0.340668395543294,0.0782733232469509,0.531878627635313,0.364881513584537,0.0365853529716943
"664","X167687.NORTH","FALL",2011,0.291221492098402,0.412125499568563,0.0922434064217373,0.310515621619202,0.403714141641183,0.0641036046219354
"665","X167687.NORTH","FALL",2012,0.401218422546701,0.562334024364386,0.217749937529374,0.373332214172555,0.525166644403133,0.187855620996352
"666","X167687.NORTH","FALL",2013,0.988149517691091,0.815812911061302,0.247819077938982,0.91061175989276,0.750298130034426,0.224225876572386
"667","X167687.NORTH","FALL",2014,0.925454605636675,1.02609653253249,0.182261275219007,0.840537560776648,0.944408706635335,0.172967059410713
"668","X167687.NORTH","FALL",2015,1.4735594794371,1.17000328900181,0.085706955006509,1.36900816589445,1.08396139303695,0.0848956747923233
"669","X167687.NORTH","FALL",2016,0.831359841168786,1.24549294424012,0.133100139877847,0.787204958255303,1.1540331158221,0.116323468980296
"670","X167687.NORTH","FALL",2018,2.1998132469587,1.59963668250019,0.0141387895398693,1.98734471619326,1.45728294491984,0.00757291689111692
"671","X167687.NORTH","FALL",2019,1.06280289991677,1.55099664350208,0.0107212481422044,0.980352144187701,1.41198685461577,0.010668615747614
"672","X167687.NORTH","FALL",2021,1.47557081259405,2.13386407700988,0.489855848340091,1.35811541407705,1.95152284535125,0.458369916010918
"673","X167687.NORTH","FALL",2022,3.91616633915595,2.48403180831514,0.012725599955269,3.62215271363328,2.29318945400452,0.0492077631048472
"674","X167687.NORTH","FALL",2023,1.3577669880222,2.11913486699761,-0.584945878197954,1.24043519536817,2.02244670308498,-0.442429395229101
"675","X167687.NORTH","FALL",2024,1.68395368447259,1.62928726070398,-0.237175729996941,1.80811440053189,1.70485840297593,-0.0444833352741848
"676","X167687.SOUTH","SPRING",2009,0.537949508248374,0.695635838414642,0.546315456008676,0.479122337782053,0.657575693715929,0.583243530720325
"677","X167687.SOUTH","SPRING",2010,1.59963479335884,0.972599348383194,0.116500514009886,1.62488006977671,0.947071323831682,0.110868092969535
"678","X167687.SOUTH","SPRING",2011,0.472502826072364,1.14641476659733,0.340019272499847,0.545752198963317,1.10955260657171,0.329214835968871
"679","X167687.SOUTH","SPRING",2012,0.916352820478396,1.70687559606853,0.726251139046732,0.816871075558214,1.71219479660204,0.86764298146606
"680","X167687.SOUTH","SPRING",2013,4.27024257808379,2.21951814742696,-0.0257136861979006,3.81836206254272,2.52283137799253,0.440049552429365
"681","X167687.SOUTH","SPRING",2014,0.568753777258567,1.67276133591928,-0.725739174702866,2.61036957847764,2.38813244169388,-0.60002825590799
"682","X167687.SOUTH","SPRING",2015,1.41395595757535,1.09429600407819,-0.446996045036943,1.27036096889952,1.61237989511369,-0.771290977433926
"683","X167687.SOUTH","SPRING",2016,0.173008102941788,0.850528085165284,0.0470236025886382,0.501027046024151,1.09545785884214,-0.192831582911543
"684","X167687.SOUTH","SPRING",2018,2.33409724776801,1.40970681583915,-0.0119889429245544,2.1414133791866,1.30817538869724,-0.0828844705095646
"685","X167687.SOUTH","SPRING",2019,0.742313623388538,1.15466183632123,-0.333295863069028,0.665106651572112,1.03125330597619,-0.326158897787342
"686","X167687.SOUTH","SPRING",2021,1.16225426659506,1.14344075966949,0.476651572178122,1.02380555832552,1.01959807807805,0.443706989569709
"687","X167687.SOUTH","SPRING",2022,1.59621912241838,1.93711295504325,1.10929399363261,1.46836939393939,1.74844005587117,1.0097429926403
"688","X167687.SOUTH","SPRING",2024,5.61766910084165,5.40140223610258,2.34939998767961,5.027944921964,4.84072242002568,2.06560347800928
"689","X167687.SOUTH","FALL",2009,2.96013190399473,2.42092267512217,-1.60455816270122,2.69060082578606,2.27139468250981,-1.31043486860493
"690","X167687.SOUTH","FALL",2010,0.387825821034596,1.23497882655796,-0.804500043930636,0.645568989590453,1.27840068345985,-0.698588043007165
"691","X167687.SOUTH","FALL",2011,0.681642562420686,0.737581568254034,-0.227464982180646,0.739331294998861,0.828148769471147,-0.224950698482397
"692","X167687.SOUTH","FALL",2012,1.27031221274977,0.624131678413687,-0.118181471779597,1.24303650518341,0.707931253566297,-0.113017452743892
"693","X167687.SOUTH","FALL",2013,0.101391688962623,0.467570630043514,-0.109841945332525,0.255180392173616,0.574430852788288,-0.0841332405906122
"694","X167687.SOUTH","FALL",2014,0.287394825420267,0.464370010074789,0.0782642480930025,0.43047697653224,0.583808789186358,0.0771830219665241
"695","X167687.SOUTH","FALL",2015,1.04364113196329,0.523972126108901,-0.0340105588433238,1.14396500854409,0.634110689320558,-0.0455593376786752
"696","X167687.SOUTH","FALL",2016,0.310961783612552,0.395969530460022,-0.147423451564007,0.384297439621782,0.50150099319654,-0.141869059221276
"697","X167687.SOUTH","FALL",2018,0.141574189434114,0.722497255890597,0.674337841323275,0.264444684011164,0.844079953757695,0.660543294782636
"698","X167687.SOUTH","FALL",2019,1.65026590908364,1.63538830082042,1.03426713067459,1.81257294144452,1.71436926456036,0.957106798091598
"699","X167687.SOUTH","FALL",2021,4.13367678823157,2.8132375354157,-0.310158345222197,3.90321005468216,2.72384257664236,-0.327781545175858
"700","X167687.SOUTH","FALL",2022,1.20294143915202,2.09751293580018,-0.850445402570811,1.1943886135794,2.03748460393294,-0.797177697584993
"701","X167687.SOUTH","FALL",2023,1.16461342104674,1.37983240021074,-0.58827545010943,1.2031568161882,1.36934557289119,-0.546998675737688
"702","X167687.SOUTH","FALL",2024,1.09583426864469,0.914242472578576,-0.346264186656273,1.08630877292663,0.927690629979201,-0.344209521325462
"703","X167687.UNIT","SPRING",2009,0.323247795540874,0.388605349042463,0.295549992352087,0.315749855745978,0.379709348296015,0.288818604364784
"704","X167687.UNIT","SPRING",2010,0.897245606146939,0.537866293595469,0.0734683979122378,0.876487760809357,0.525673969172438,0.0718752893889062
"705","X167687.UNIT","SPRING",2011,0.295617133385133,0.676535147183565,0.274365810422268,0.288778008521318,0.660989231075516,0.267519886418092
"706","X167687.UNIT","SPRING",2012,0.822351441151441,1.13558095955278,0.622212358270622,0.803326278017051,1.10830579409202,0.605940639697482
"707","X167687.UNIT","SPRING",2013,2.1400304366991,1.76834212208924,0.512205681212283,2.09052066978758,1.72380005387966,0.497150023204402
"708","X167687.UNIT","SPRING",2014,2.57504258908068,2.02014931789506,-0.0173300080929171,2.50127633145363,1.96751714926446,-0.0169066669977953
"709","X167687.UNIT","SPRING",2015,0.89331848951049,1.89506928214921,-0.062704168660721,0.872651498314965,1.84764977714338,-0.0579741854220393
"710","X167687.UNIT","SPRING",2016,2.59171664614398,1.91100127734464,-0.0592974389154447,2.53175708442428,1.86593780930146,-0.055934611203031
"711","X167687.UNIT","SPRING",2018,1.15397161460761,1.41029749021162,-0.174270738712824,1.12727439353918,1.37790639801115,-0.170762885924744
"712","X167687.UNIT","SPRING",2019,1.41244723461723,1.38761113884632,0.108874041150544,1.3797701604217,1.35490665549908,0.105233177371804
"713","X167687.UNIT","SPRING",2021,2.33333381782249,2.03100897103714,0.524275870616851,2.27512079457065,1.98172888282704,0.512361593538198
"714","X167687.UNIT","SPRING",2022,2.23520349527016,2.68566770916937,0.819259956113971,2.18349189241028,2.62213695740021,0.801639524914989
"715","X167687.UNIT","SPRING",2024,5.56742145706146,5.3932126989207,2.02515843550282,5.43861873822608,5.26856144027962,1.9775248351918
"716","X167687.UNIT","FALL",2009,1.4372706958967,1.22848620909657,-0.619442839368541,1.40401932903653,1.20006508721748,-0.605111982168465
"717","X167687.UNIT","FALL",2010,0.47950676009176,0.754733430223186,-0.330450059840682,0.468413334728493,0.737272614914259,-0.322805072574123
"718","X167687.UNIT","FALL",2011,0.471986144300144,0.562811406490318,-0.0557813290875006,0.461066708955191,0.549790721796945,-0.0544908237966515
"719","X167687.UNIT","FALL",2012,0.803608172124172,0.590946290172387,0.0622139560382867,0.785016635944234,0.577274702805251,0.0607746314337033
"720","X167687.UNIT","FALL",2013,0.577581332001332,0.654577005534589,0.0822223020671676,0.564218943957946,0.639433316728161,0.0803200828554855
"721","X167687.UNIT","FALL",2014,0.630033423169423,0.766017589096519,0.134110732465439,0.615457552007657,0.748295713913851,0.131008070470155
"722","X167687.UNIT","FALL",2015,1.27450761860362,0.870891362549109,0.0302778391146376,1.24502178791546,0.850743224641516,0.0295773590039612
"723","X167687.UNIT","FALL",2016,0.590415944869945,0.852164263740287,0.00321793500731588,0.576756627081716,0.832449378687912,0.00314348783618487
"724","X167687.UNIT","FALL",2018,1.24685016257816,1.19352180951796,0.319810437540411,1.21800418923862,1.16590959168232,0.312411598744959
"725","X167687.UNIT","FALL",2019,1.33479781670182,1.59006991526809,0.484622196458751,1.30391716769533,1.55328352684673,0.473410425086082
"726","X167687.UNIT","FALL",2021,2.70627181396381,2.44841346037807,0.119449898332403,2.64366200972419,2.39176922875988,0.116686415849804
"727","X167687.UNIT","FALL",2022,2.65994531863199,2.30507387066618,-0.386921903529764,2.59840728138519,2.25174581135757,-0.377970435864535
"728","X167687.UNIT","FALL",2023,1.26833703659304,1.77683839931389,-0.586487467405886,1.23899396278899,1.73573110780958,-0.572919035242563
"729","X167687.UNIT","FALL",2024,1.41165485191352,1.29822207939228,-0.287683600668396,1.3789961095521,1.26818761285019,-0.281028018687359
"730","X168546.UNIT","SPRING",2009,0.00269590228354364,0.00526679402156428,0.00811904832130348,0.00269590228354364,0.00526679402156428,0.00811904832130348
"731","X168546.UNIT","SPRING",2010,0.0137309419700359,0.00926061387363252,0.000562331260179046,0.0137309419700359,0.00926061387363252,0.000562331260179046
"732","X168546.UNIT","SPRING",2012,0.00164341279525843,0.00498420055458652,-0.00206378506984082,0.00164341279525843,0.00498420055458652,-0.00206378506984082
"733","X168546.UNIT","SPRING",2013,0.00566874763938522,0.00379762903612164,-0.000856834965246201,0.00566874763938522,0.00379762903612164,-0.000856834965246201
"734","X168546.UNIT","SPRING",2014,0.00306719134284309,0.00289043771938417,-0.000790163574781415,0.00306719134284309,0.00289043771938417,-0.000790163574781415
"735","X168546.UNIT","SPRING",2015,0.00144607992678462,0.00268070123498372,0.000666705860958103,0.00144607992678462,0.00268070123498372,0.000666705860958103
"736","X168546.UNIT","SPRING",2018,0.00868014759289927,0.00717992244520402,-0.000351563312704343,0.00868014759289927,0.00717992244520402,-0.000351563312704343
"737","X168546.UNIT","SPRING",2019,0.00576300153984718,0.00574278147774897,-0.00209641561873282,0.00576300153984718,0.00574278147774897,-0.00209641561873282
"738","X168546.UNIT","SPRING",2021,0.0015744558862359,0.00380836713633095,0.00175715302094833,0.0015744558862359,0.00380836713633095,0.00175715302094833
"739","X168546.UNIT","SPRING",2022,0.00852284711932363,0.00730821247456099,0.00482547400514802,0.00852284711932363,0.00730821247456099,0.00482547400514802
"740","X168546.UNIT","SPRING",2024,0.0173838432261251,0.0172569113481642,0.00345497026700028,0.0173838432261251,0.0172569113481642,0.00345497026700028
"741","X168546.UNIT","FALL",2009,0.00380462825764839,0.00374150161174484,-0.000912432911020588,0.00380462825764839,0.00374150161174484,-0.000912432911020588
"742","X168546.UNIT","FALL",2010,0.00271332694151486,0.00292216000079902,-0.000759072525978574,0.00271332694151486,0.00292216000079902,-0.000759072525978574
"743","X168546.UNIT","FALL",2011,0.00278000159795462,0.00215771212957264,-0.000802645431581734,0.00278000159795462,0.00215771212957264,-0.000802645431581734
"744","X168546.UNIT","FALL",2012,0.00179673290914902,0.00143422967330478,-0.000494136730177228,0.00179673290914902,0.00143422967330478,-0.000494136730177228
"745","X168546.UNIT","FALL",2013,0.000361718818094657,0.00159153251721492,0.00108065351521749,0.000361718818094657,0.00159153251721492,0.00108065351521749
"746","X168546.UNIT","FALL",2015,0.0045375265115198,0.00752438677918209,0.00434745082546112,0.0045375265115198,0.00752438677918209,0.00434745082546112
"747","X168546.UNIT","FALL",2016,0.0166350090066533,0.0112176728499273,0.00194681967471906,0.0166350090066533,0.0112176728499273,0.00194681967471906
"748","X168546.UNIT","FALL",2018,0.00573569971800705,0.00904410151081275,-0.00147646028343693,0.00573569971800705,0.00904410151081275,-0.00147646028343693
"749","X168546.UNIT","FALL",2019,0.0109525952235684,0.00826557976311871,-0.000509772734466824,0.0109525952235684,0.00826557976311871,-0.000509772734466824
"750","X168546.UNIT","FALL",2021,0.0062750443069235,0.0105244017140449,0.00472865941389974,0.0062750443069235,0.0105244017140449,0.00472865941389974
"751","X168546.UNIT","FALL",2022,0.0108014323484122,0.0168193065030322,0.00664773895569092,0.0108014323484122,0.0168193065030322,0.00664773895569092
"752","X168546.UNIT","FALL",2023,0.0387652883270453,0.0209581692740512,-1.83125566443399e-05,0.0387652883270453,0.0209581692740512,-1.83125566443399e-05
"753","X168546.UNIT","FALL",2024,0.00452783346407507,0.0134860831037608,-0.0165741589269279,0.00452783346407507,0.0134860831037608,-0.0165741589269279
"754","X168559.UNIT","FALL",2009,5.99387657299939,5.49935576848669,-2.29351887584793,5.99387657299939,5.49935576848669,-2.29351887584793
"755","X168559.UNIT","FALL",2010,2.84748888210141,3.5741333827072,-1.57957822769376,2.84748888210141,3.5741333827072,-1.57957822769376
"756","X168559.UNIT","FALL",2011,2.33230591020159,2.29489464913374,-1.00155157143587,2.33230591020159,2.29489464913374,-1.00155157143587
"757","X168559.UNIT","FALL",2012,1.85305783445327,1.48037435352565,-0.69549257410741,1.85305783445327,1.48037435352565,-0.69549257410741
"758","X168559.UNIT","FALL",2013,0.504783445326817,0.890398136831685,-0.429967669040645,0.504783445326817,0.890398136831685,-0.429967669040645
"759","X168559.UNIT","FALL",2014,0.879768275300346,0.614210297277681,-0.183128918473906,0.879768275300346,0.614210297277681,-0.183128918473906
"760","X168559.UNIT","FALL",2015,0.354758399511301,0.480347823363317,-0.0676675974688374,0.354758399511301,0.480347823363317,-0.0676675974688374
"761","X168559.UNIT","FALL",2016,0.487632391569945,0.476222095117475,0.039834701868638,0.487632391569945,0.476222095117475,0.039834701868638
"762","X168559.UNIT","FALL",2018,0.666900911219711,0.523834944084307,-0.057008112298956,0.666900911219711,0.523834944084307,-0.057008112298956
"763","X168559.UNIT","FALL",2019,0.395522984117288,0.41886326685418,-0.128098409002708,0.395522984117288,0.41886326685418,-0.128098409002708
"764","X168559.UNIT","FALL",2021,0.158965536550601,0.318337879683957,0.101988534478064,0.158965536550601,0.318337879683957,0.101988534478064
"765","X168559.UNIT","FALL",2022,0.486291386682957,0.50313026493822,0.237066716452285,0.486291386682957,0.50313026493822,0.237066716452285
"766","X168559.UNIT","FALL",2023,0.933045586438607,0.741078144503776,0.217965394172255,0.933045586438607,0.741078144503776,0.217965394172255
"767","X168559.UNIT","FALL",2024,0.818116646304215,0.897333756269582,0.0736821808527831,0.818116646304215,0.897333756269582,0.0736821808527831
"768","X169182.BIG","SPRING",2009,0.881886006452006,1.54327263499033,1.36686550550974,0.845402333994632,1.48102332099869,1.31179721919198
"769","X169182.BIG","SPRING",2010,4.10520889927689,1.94346891866802,-0.229139155368763,3.93580123327448,1.86676692447256,-0.21828246812383
"770","X169182.BIG","SPRING",2011,0.814764557531973,1.759661889824,0.198858880466315,0.781142063422773,1.68851347299185,0.183803109282821
"771","X169182.BIG","SPRING",2012,2.16459158283032,2.89765249990817,2.29625437722396,2.07526643107974,2.76432712678376,2.17575063792614
"772","X169182.BIG","SPRING",2013,1.92062330780661,6.50327560880838,4.84696476759096,1.84136587661897,6.18508441723017,4.60290717172757
"773","X169182.BIG","SPRING",2014,20.9010819602611,10.9876142890652,2.5857719198832,19.8435356901576,10.4531745778861,2.47916302847055
"774","X169182.BIG","SPRING",2015,1.85192196288362,11.8038149814016,0.711565670655852,1.7754995967999,11.2671274028891,0.726569671366934
"775","X169182.BIG","SPRING",2016,19.7635005470322,12.525213059121,-0.819238292339197,18.947929748601,11.9952805503542,-0.759123796533999
"776","X169182.BIG","SPRING",2018,1.48906129593654,4.82408145640211,-3.73101052503844,1.42761292513047,4.62896241081557,-3.57895488804712
"777","X169182.BIG","SPRING",2019,3.09471398086797,2.44723089637997,-1.30374966082067,2.96700591891375,2.34735242772973,-1.25314199150312
"778","X169182.BIG","SPRING",2021,1.69942844049567,2.25649758964048,0.737315694758824,1.62404713642214,2.16052544027163,0.706861345410769
"779","X169182.BIG","SPRING",2022,4.14944595561877,3.09145351836812,0.80174555226219,3.97821278045238,2.96201027182476,0.770321213585064
"780","X169182.BIG","SPRING",2024,2.73890463740296,2.9918957918193,-1.42470572054813,2.62587958717779,2.86855297779758,-1.36692692405393
"781","X169182.BIG","FALL",2009,5.85394295044693,6.22039257859049,0.0633669668621586,5.6123711239021,5.96287677732697,0.0595354423472192
"782","X169182.BIG","FALL",2010,7.01439121546528,5.80128021508188,-0.731394042848861,6.7219358569375,5.56061827090762,-0.701035273131944
"783","X169182.BIG","FALL",2011,3.49901366387983,5.09799979495378,-0.504969146376838,3.35462156285598,4.88684059517103,-0.483502896287281
"784","X169182.BIG","FALL",2012,7.35410286657686,4.76443238106673,-0.359272873689234,7.05062466784552,4.5675911571029,-0.344034483133115
"785","X169182.BIG","FALL",2013,2.46854266272925,4.70678858788609,0.768427019930699,2.36667450907841,4.51256983074181,0.736828535532097
"786","X169182.BIG","FALL",2014,3.25442107414603,6.71156780775304,3.12697107402535,3.12012245697767,6.43465879524748,2.99792325543849
"787","X169182.BIG","FALL",2015,15.5143874202109,9.7337977574624,1.80471619269685,14.8741627137951,9.33214802825523,1.73021303525418
"788","X169182.BIG","FALL",2016,8.46688922069293,9.76273811323902,-1.19232492835478,8.11749020681299,9.35987135588297,-1.14313771454875
"789","X169182.BIG","FALL",2018,6.50423907846023,6.15526728389716,-1.69304692461807,6.23583179677532,5.90125805927973,-1.62317976235429
"790","X169182.BIG","FALL",2019,3.4780035250054,5.16138542477063,-0.0119454613543861,3.33447843919963,4.94839161488385,-0.011451161302802
"791","X169182.BIG","FALL",2021,7.66488261260571,8.54474911185122,2.56952099322414,7.34857961671854,8.19213708575952,2.46348603246365
"792","X169182.BIG","FALL",2022,13.8159294825707,10.7050504628555,1.31583656932818,13.2457942166873,10.2632904176468,1.26153658207902
"793","X169182.BIG","FALL",2023,9.58784097357131,11.0892998007642,-0.199215203797928,9.1921841869895,10.6316830926646,-0.190994340064385
"794","X169182.BIG","FALL",2024,10.9810280084964,11.0028654346856,0.374469161353574,10.5278792477709,10.5488155214759,0.359016089665927
"795","X169182.UNIT","SPRING",2009,0.881886006452006,1.54327263499033,1.36686550550974,0.845402333994632,1.48102332099869,1.31179721919198
"796","X169182.UNIT","SPRING",2010,4.10520889927689,1.94346891866802,-0.229139155368763,3.93580123327448,1.86676692447256,-0.21828246812383
"797","X169182.UNIT","SPRING",2011,0.814764557531973,1.759661889824,0.198858880466315,0.781142063422773,1.68851347299185,0.183803109282821
"798","X169182.UNIT","SPRING",2012,2.16459158283032,2.89765249990817,2.29625437722396,2.07526643107974,2.76432712678376,2.17575063792614
"799","X169182.UNIT","SPRING",2013,1.92062330780661,6.50327560880838,4.84696476759096,1.84136587661897,6.18508441723017,4.60290717172757
"800","X169182.UNIT","SPRING",2014,20.9010819602611,10.9876142890652,2.5857719198832,19.8435356901576,10.4531745778861,2.47916302847055
"801","X169182.UNIT","SPRING",2015,1.85192196288362,11.8038149814016,0.711565670655852,1.7754995967999,11.2671274028891,0.726569671366934
"802","X169182.UNIT","SPRING",2016,19.7635005470322,12.525213059121,-0.819238292339197,18.947929748601,11.9952805503542,-0.759123796533999
"803","X169182.UNIT","SPRING",2018,1.48906129593654,4.82408145640211,-3.73101052503844,1.42761292513047,4.62896241081557,-3.57895488804712
"804","X169182.UNIT","SPRING",2019,3.09471398086797,2.44723089637997,-1.30374966082067,2.96700591891375,2.34735242772973,-1.25314199150312
"805","X169182.UNIT","SPRING",2021,1.69942844049567,2.25649758964048,0.737315694758824,1.62404713642214,2.16052544027163,0.706861345410769
"806","X169182.UNIT","SPRING",2022,4.14944595561877,3.09145351836812,0.80174555226219,3.97821278045238,2.96201027182476,0.770321213585064
"807","X169182.UNIT","SPRING",2024,2.73890463740296,2.9918957918193,-1.42470572054813,2.62587958717779,2.86855297779758,-1.36692692405393
"808","X169182.UNIT","FALL",2009,5.85394295044693,6.22039257859049,0.0633669668621586,5.6123711239021,5.96287677732697,0.0595354423472192
"809","X169182.UNIT","FALL",2010,7.01439121546528,5.80128021508188,-0.731394042848861,6.7219358569375,5.56061827090762,-0.701035273131944
"810","X169182.UNIT","FALL",2011,3.49901366387983,5.09799979495378,-0.504969146376838,3.35462156285598,4.88684059517103,-0.483502896287281
"811","X169182.UNIT","FALL",2012,7.35410286657686,4.76443238106673,-0.359272873689234,7.05062466784552,4.5675911571029,-0.344034483133115
"812","X169182.UNIT","FALL",2013,2.46854266272925,4.70678858788609,0.768427019930699,2.36667450907841,4.51256983074181,0.736828535532097
"813","X169182.UNIT","FALL",2014,3.25442107414603,6.71156780775304,3.12697107402535,3.12012245697767,6.43465879524748,2.99792325543849
"814","X169182.UNIT","FALL",2015,15.5143874202109,9.7337977574624,1.80471619269685,14.8741627137951,9.33214802825523,1.73021303525418
"815","X169182.UNIT","FALL",2016,8.46688922069293,9.76273811323902,-1.19232492835478,8.11749020681299,9.35987135588297,-1.14313771454875
"816","X169182.UNIT","FALL",2018,6.50423907846023,6.15526728389716,-1.69304692461807,6.23583179677532,5.90125805927973,-1.62317976235429
"817","X169182.UNIT","FALL",2019,3.4780035250054,5.16138542477063,-0.0119454613543861,3.33447843919963,4.94839161488385,-0.011451161302802
"818","X169182.UNIT","FALL",2021,7.66488261260571,8.54474911185122,2.56952099322414,7.34857961671854,8.19213708575952,2.46348603246365
"819","X169182.UNIT","FALL",2022,13.8159294825707,10.7050504628555,1.31583656932818,13.2457942166873,10.2632904176468,1.26153658207902
"820","X169182.UNIT","FALL",2023,9.58784097357131,11.0892998007642,-0.199215203797928,9.1921841869895,10.6316830926646,-0.190994340064385
"821","X169182.UNIT","FALL",2024,10.9810280084964,11.0028654346856,0.374469161353574,10.5278792477709,10.5488155214759,0.359016089665927
"822","X171341.UNIT","SPRING",2009,0.0623434269504954,0.0609532622046417,0.0337616573990186,0.0594173883000804,0.0578906172201923,0.0332571545552771
"823","X171341.UNIT","SPRING",2010,0.108849330400216,0.0878513271870874,0.0258373332049884,0.104671902011991,0.0846780584276114,0.0259087366365432
"824","X171341.UNIT","SPRING",2011,0.0017708412128697,0.12423364989285,0.0527301728456514,0.00168772820343056,0.120890108047243,0.0521063713797021
"825","X171341.UNIT","SPRING",2012,0.365478633270297,0.167148241212846,0.0011327174896824,0.357071279165287,0.163270671831548,0.00144361805645735
"826","X171341.UNIT","SPRING",2013,0.0234574835839164,0.126192651686682,-0.0513840374228852,0.0223565254402051,0.123540191847896,-0.0499305922035721
"827","X171341.UNIT","SPRING",2014,0.084863595577168,0.094618683412231,-0.0131852411999874,0.0843333440615,0.0927716121921793,-0.0132184281602741
"828","X171341.UNIT","SPRING",2015,0.0925931071745591,0.0937952843303168,0.00693290015374072,0.0904468557276149,0.0911225672825857,0.00555143114873754
"829","X171341.UNIT","SPRING",2016,0.12260863146926,0.098878238259375,-0.00176769487354314,0.116854093868393,0.09491198553948,-0.00256617639277399
"830","X171341.UNIT","SPRING",2018,0.0732603913395855,0.069535449692707,-0.016776090341875,0.069821973737448,0.0662022364694582,-0.0160339180044984
"831","X171341.UNIT","SPRING",2019,0.0299604029176797,0.0608154135255259,0.00304491853585225,0.0285542354801927,0.0578953138421246,0.00293176252536509
"832","X171341.UNIT","SPRING",2021,0.123169127976535,0.0824064154470844,-0.00465104465211219,0.117388283922463,0.0785288864331539,-0.00441391602065125
"833","X171341.UNIT","SPRING",2022,0.0405387624946934,0.062799395618634,-0.030197133355772,0.0386361082502667,0.0598538090134302,-0.0287741860166279
"834","X171341.UNIT","SPRING",2024,0.0127692926887092,0.0124350145860037,-0.00270380108079156,0.0121699761966066,0.0118536362185767,-0.00257777556955262
"835","X171341.UNIT","FALL",2009,0.0348415409156986,0.0580198079953026,0.0564901758550842,0.033206281188313,0.055271990899703,0.053846348588053
"836","X171341.UNIT","FALL",2010,0.1269930917371,0.0891019127333325,0.00833612982877089,0.121032773016515,0.0849070507385111,0.00797478151549099
"837","X171341.UNIT","FALL",2011,0.0789195129481687,0.0800162600684347,-0.0238453389507712,0.0752154890204877,0.0763235747825407,-0.022590723001504
"838","X171341.UNIT","FALL",2012,0.0508227618900596,0.0503307621600706,-0.0292682257454718,0.0484374363972977,0.048230655441164,-0.0276410754015162
"839","X171341.UNIT","FALL",2013,0.0105726911350392,0.0331097929211973,0.000198840490945772,0.011096075330121,0.032001724530009,0.000189473849973931
"840","X171341.UNIT","FALL",2014,0.033180314804707,0.0528164002477724,0.0359297780447942,0.0316230233900306,0.0505991453074102,0.033988649600359
"841","X171341.UNIT","FALL",2015,0.145310252953792,0.0905245952397418,0.0283264542855112,0.138490232989507,0.0863357593769774,0.0268580322894953
"842","X171341.UNIT","FALL",2016,0.0614240139323067,0.108928997119542,0.019102195428471,0.0585411271931438,0.103796143888462,0.0181702169848153
"843","X171341.UNIT","FALL",2018,0.191183628574737,0.126295013589876,-0.0347906451575449,0.182210578585353,0.12035272041573,-0.0331401946280728
"844","X171341.UNIT","FALL",2019,0.0251253907606808,0.0708603558710497,-0.0584586230453287,0.0239461507338066,0.0675331618294021,-0.0557057679717221
"845","X171341.UNIT","FALL",2022,0.00442195978541932,0.00635582391671476,0.00862446841149629,0.00421441865597528,0.00605921110874361,0.00821674966038472
"846","X171341.UNIT","FALL",2024,0.0521569989579715,0.048592436532646,0.0305760849462383,0.0497090521204988,0.0463115003023963,0.0291438130899057
"847","X172414.UNIT","SPRING",2009,8.17365883044035,7.43733905184289,-2.83876390024943,8.17365883044035,7.43733905184289,-2.83876390024943
"848","X172414.UNIT","SPRING",2010,3.82379530655344,5.37781620503761,-1.43845312048276,3.82379530655344,5.37781620503761,-1.43845312048276
"849","X172414.UNIT","SPRING",2011,5.51429522305188,4.24409015663409,-0.98717030344593,5.51429522305188,4.24409015663409,-0.98717030344593
"850","X172414.UNIT","SPRING",2012,3.38361390458042,3.36313020879156,-0.656923654471692,3.38361390458042,3.36313020879156,-0.656923654471692
"851","X172414.UNIT","SPRING",2013,2.91566397108822,3.20861674168803,0.508444676494533,2.91566397108822,3.20861674168803,0.508444676494533
"852","X172414.UNIT","SPRING",2014,0.600269360784988,4.59662783413185,2.32363782451446,0.600269360784988,4.59662783413185,2.32363782451446
"853","X172414.UNIT","SPRING",2015,13.5202794525289,6.67917689995317,0.60868450024306,13.5202794525289,6.67917689995317,0.60868450024306
"854","X172414.UNIT","SPRING",2016,2.7252857941104,5.55753737964386,-1.87564718895068,2.7252857941104,5.55753737964386,-1.87564718895068
"855","X172414.UNIT","SPRING",2018,2.48769064537808,3.2099956284119,-0.214635615485851,2.48769064537808,3.2099956284119,-0.214635615485851
"856","X172414.UNIT","SPRING",2019,3.7217917256086,3.41301187003635,0.430122852382257,3.7217917256086,3.41301187003635,0.430122852382257
"857","X172414.UNIT","SPRING",2021,6.06207130801768,4.10137384067494,0.0991745223827199,6.06207130801768,4.10137384067494,0.0991745223827199
"858","X172414.UNIT","SPRING",2022,1.8309464205047,4.26343700731219,0.489875984551399,1.8309464205047,4.26343700731219,0.489875984551399
"859","X172414.UNIT","SPRING",2024,10.4263212134979,9.73353033198711,6.03991403476202,10.4263212134979,9.73353033198711,6.03991403476202
"860","X172414.UNIT","FALL",2009,0.215532374864434,0.210724216573143,0.1348155692796,0.215532374864434,0.210724216573143,0.1348155692796
"861","X172414.UNIT","FALL",2010,0.298328005768904,0.368821970855009,0.166737035208644,0.298328005768904,0.368821970855009,0.166737035208644
"862","X172414.UNIT","FALL",2011,0.530079943644842,0.514912478839457,0.110801076684764,0.530079943644842,0.514912478839457,0.110801076684764
"863","X172414.UNIT","FALL",2012,0.960441133390825,0.560061301540411,-0.0362233498914947,0.960441133390825,0.560061301540411,-0.0362233498914947
"864","X172414.UNIT","FALL",2013,0.0680526954075614,0.527940484965917,0.0731763412605933,0.0680526954075614,0.527940484965917,0.0731763412605933
"865","X172414.UNIT","FALL",2014,0.673349341450739,0.775754682293356,0.390598127107957,0.673349341450739,0.775754682293356,0.390598127107957
"866","X172414.UNIT","FALL",2015,1.14026971532514,1.21623540677355,0.429315915730472,1.14026971532514,1.21623540677355,0.429315915730472
"867","X172414.UNIT","FALL",2016,2.17450488829729,1.48951133474603,0.0334081673281889,2.17450488829729,1.48951133474603,0.0334081673281889
"868","X172414.UNIT","FALL",2018,0.273124840406307,1.18451303518792,0.123077283067669,0.273124840406307,1.18451303518792,0.123077283067669
"869","X172414.UNIT","FALL",2019,2.78728332623885,1.51814130090124,0.386200139604276,2.78728332623885,1.51814130090124,0.386200139604276
"870","X172414.UNIT","FALL",2021,2.75752516769254,3.73443926476242,2.76286113631071,2.75752516769254,3.73443926476242,2.76286113631071
"871","X172414.UNIT","FALL",2022,2.28664114051431,7.57948195568208,4.7156680669206,2.28664114051431,7.57948195568208,4.7156680669206
"872","X172414.UNIT","FALL",2023,21.7994812075583,11.9608182436567,3.05360353268965,21.7994812075583,11.9608182436567,3.05360353268965
"873","X172414.UNIT","FALL",2024,7.37662896460067,11.6998870683835,-4.5688668595749,7.37662896460067,11.6998870683835,-4.5688668595749
"874","X172567.UNIT","SPRING",2009,1.87581945490507,1.78595131028278,0.111328836244154,1.87581945490507,1.78595131028278,0.111328836244154
"875","X172567.UNIT","SPRING",2010,1.92883777100738,1.9249987658071,0.196793804958847,1.92883777100738,1.9249987658071,0.196793804958847
"876","X172567.UNIT","SPRING",2011,1.28275466398443,2.23959438050921,0.462425154599732,1.28275466398443,2.23959438050921,0.462425154599732
"877","X172567.UNIT","SPRING",2012,4.58710342783016,2.60093795328839,-0.0186768609138942,4.58710342783016,2.60093795328839,-0.0186768609138942
"878","X172567.UNIT","SPRING",2013,0.960618569095171,2.28627763281547,-0.247667954025373,0.960618569095171,2.28627763281547,-0.247667954025373
"879","X172567.UNIT","SPRING",2014,2.75281014990251,2.40323852319473,0.416250386734392,2.75281014990251,2.40323852319473,0.416250386734392
"880","X172567.UNIT","SPRING",2015,2.01346561306563,3.10035222896074,1.02489019552362,2.01346561306563,3.10035222896074,1.02489019552362
"881","X172567.UNIT","SPRING",2016,5.1749375980588,4.19827625811678,0.869302035937288,5.1749375980588,4.19827625811678,0.869302035937288
"882","X172567.UNIT","SPRING",2018,5.25803031115221,3.88397860665056,-1.14949490893404,5.25803031115221,3.88397860665056,-1.14949490893404
"883","X172567.UNIT","SPRING",2019,1.67590881229914,2.74266324144362,-0.645835625387033,1.67590881229914,2.74266324144362,-0.645835625387033
"884","X172567.UNIT","SPRING",2021,2.34850946562214,5.86106833810671,4.00371902394323,2.34850946562214,5.86106833810671,4.00371902394323
"885","X172567.UNIT","SPRING",2022,14.6074124474896,10.6646508616325,5.06131213393846,14.6074124474896,10.6646508616325,5.06131213393846
"886","X172567.UNIT","SPRING",2024,14.5383667175183,15.312586901122,-2.58191165112838,14.5383667175183,15.312586901122,-2.58191165112838
"887","X172567.UNIT","FALL",2009,7.65101421392365,7.73374556035988,-0.326854184237932,7.65101421392365,7.73374556035988,-0.326854184237932
"888","X172567.UNIT","FALL",2010,6.52543575772145,7.76946737849608,0.0915587429958473,6.52543575772145,7.76946737849608,0.0915587429958473
"889","X172567.UNIT","FALL",2011,10.6652287310072,7.30338489132258,-1.33046279485736,10.6652287310072,7.30338489132258,-1.33046279485736
"890","X172567.UNIT","FALL",2012,4.18772046045045,5.36825779511225,-1.97333631371794,4.18772046045045,5.36825779511225,-1.97333631371794
"891","X172567.UNIT","FALL",2013,2.56622445535722,4.17498248023808,-0.161399183524357,2.56622445535722,4.17498248023808,-0.161399183524357
"892","X172567.UNIT","FALL",2014,3.71485470297461,5.07840385735063,1.74937123453052,3.71485470297461,5.07840385735063,1.74937123453052
"893","X172567.UNIT","FALL",2015,10.4118343080937,6.8444738435308,1.17238833528041,10.4118343080937,6.8444738435308,1.17238833528041
"894","X172567.UNIT","FALL",2016,5.50081626635885,7.23128159226322,0.0197086290856201,5.50081626635885,7.23128159226322,0.0197086290856201
"895","X172567.UNIT","FALL",2018,10.0334477072057,6.82084855912184,-0.757831502392068,10.0334477072057,6.82084855912184,-0.757831502392068
"896","X172567.UNIT","FALL",2019,2.29135841721201,6.47703791691911,0.92438349116916,2.29135841721201,6.47703791691911,0.92438349116916
"897","X172567.UNIT","FALL",2021,9.1572059945884,13.8060595651094,4.90003067683829,9.1572059945884,13.8060595651094,4.90003067683829
"898","X172567.UNIT","FALL",2022,30.4805134957875,17.0068291967471,-0.0632086450438412,30.4805134957875,17.0068291967471,-0.0632086450438412
"899","X172567.UNIT","FALL",2023,4.58340353416969,13.7422095796069,-4.83874605317071,4.58340353416969,13.7422095796069,-4.83874605317071
"900","X172567.UNIT","FALL",2024,12.1718303338648,10.5839061625374,0.149423755097695,12.1718303338648,10.5839061625374,0.149423755097695
"901","X172735.BIG","SPRING",2009,3.25105751492827,3.43744460809204,0.751534357648166,3.12767207056659,3.33795260978847,0.787185751783189
"902","X172735.BIG","SPRING",2010,4.25991876670321,4.05862004839403,0.481885642938773,4.2300314984915,3.96478433669703,0.466126584647874
"903","X172735.BIG","SPRING",2011,4.36338414223406,4.38335413393551,0.158651648127137,4.20997721440034,4.26950354431212,0.14296071319626
"904","X172735.BIG","SPRING",2012,4.5389537925526,4.369040925514,-0.185229604087427,4.41230940373601,4.25373503935565,-0.171117329457028
"905","X172735.BIG","SPRING",2013,4.04535293000029,4.06725168614866,-0.36604057513797,3.92818211270631,3.97913910573368,-0.329584711103458
"906","X172735.BIG","SPRING",2014,3.36495980437914,3.73573026158136,-0.250540087158597,3.38182781835626,3.6767065995915,-0.241629145421591
"907","X172735.BIG","SPRING",2015,4.17191297260951,3.53897397536975,-0.216632208564364,4.07951654721928,3.46747561280553,-0.238889185994639
"908","X172735.BIG","SPRING",2016,2.70230393410519,3.35957996679641,-0.0113819629387975,2.58603172332229,3.27256732152133,-0.0152319448103664
"909","X172735.BIG","SPRING",2018,4.16823227942709,3.88236205777135,0.209365279783875,4.11818385003959,3.81691669362459,0.216244351301188
"910","X172735.BIG","SPRING",2019,3.94142416004578,3.91128312319158,-0.143555093390342,3.89745015048925,3.84241042292039,-0.156373864533523
"911","X172735.BIG","SPRING",2021,3.36413211981883,3.16983940574458,-0.496039182874833,3.21291014440591,3.1022193396049,-0.45156976459964
"912","X172735.BIG","SPRING",2022,2.33017296141616,2.70026128722528,-0.404922048323479,2.39864324727342,2.70361581713387,-0.318057653834034
"913","X172735.BIG","SPRING",2024,2.71931764298951,2.60738154144508,0.464822325904434,2.8249301641968,2.72063950211449,0.445399844848221
"914","X172735.BIG","FALL",2009,4.23978176318163,3.82744551829485,-0.848391516725701,4.05735639177152,3.6624577971987,-0.812337671698797
"915","X172735.BIG","FALL",2010,2.38524545520019,3.41907401097006,-0.0845513415563411,2.28150732320798,3.27149404873414,-0.0808479983951922
"916","X172735.BIG","FALL",2011,4.28061763043222,3.42594314791722,-0.0179102281818112,4.09643521145077,3.27824545407857,-0.0169073640808262
"917","X172735.BIG","FALL",2012,3.17703857362295,3.31740727566038,-0.148807951645449,3.04033992398715,3.17458401781952,-0.142252638025356
"918","X172735.BIG","FALL",2013,2.89800202250347,3.2099635540349,-0.0347967468833492,2.77330949707836,3.07185341927874,-0.0332581882172478
"919","X172735.BIG","FALL",2014,3.51499539519974,3.21469965417357,-0.0201279252816073,3.36375545496448,3.07640053173886,-0.0192650673476602
"920","X172735.BIG","FALL",2015,2.87784286008715,3.1290303544324,-0.12749115079774,2.75401772428173,2.99440852156734,-0.122016235526303
"921","X172735.BIG","FALL",2016,3.26426848352252,2.93433076023587,-0.311014153340518,3.12381658676215,2.80807786181596,-0.297638000315813
"922","X172735.BIG","FALL",2018,1.97252352707291,2.01950530164574,-0.41936853142576,1.88765162631464,1.9326108800268,-0.401323958244535
"923","X172735.BIG","FALL",2019,1.53193085521925,1.74393294202263,-0.0992235018643881,1.46601636460447,1.66889609869429,-0.0949537054478761
"924","X172735.BIG","FALL",2021,1.80887100270573,2.1525268167154,0.393534728338338,1.73104058997856,2.05990990031079,0.376602163606034
"925","X172735.BIG","FALL",2022,3.09909783232019,2.45590817301126,0.0855970408243521,2.96575274413504,2.35023768002863,0.0819140522717284
"926","X172735.BIG","FALL",2023,2.25229988117132,2.25379331767756,-0.432123388749248,2.15539002465047,2.15681922227181,-0.413530406809864
"927","X172735.BIG","FALL",2024,1.50811366555035,1.70706812099777,-0.603623641867828,1.44322395873671,1.63361798835988,-0.577651500038516
"928","X172735.BIGSE","SPRING",2009,3.25105751492827,3.43744460809204,0.751534357648166,3.12767207056659,3.33795260978847,0.787185751783189
"929","X172735.BIGSE","SPRING",2010,4.25991876670321,4.05862004839403,0.481885642938773,4.2300314984915,3.96478433669703,0.466126584647874
"930","X172735.BIGSE","SPRING",2011,4.36338414223406,4.38335413393551,0.158651648127137,4.20997721440034,4.26950354431212,0.14296071319626
"931","X172735.BIGSE","SPRING",2012,4.5389537925526,4.369040925514,-0.185229604087427,4.41230940373601,4.25373503935565,-0.171117329457028
"932","X172735.BIGSE","SPRING",2013,4.04535293000029,4.06725168614866,-0.36604057513797,3.92818211270631,3.97913910573368,-0.329584711103458
"933","X172735.BIGSE","SPRING",2014,3.36495980437914,3.73573026158136,-0.250540087158597,3.38182781835626,3.6767065995915,-0.241629145421591
"934","X172735.BIGSE","SPRING",2015,4.17191297260951,3.53897397536975,-0.216632208564364,4.07951654721928,3.46747561280553,-0.238889185994639
"935","X172735.BIGSE","SPRING",2016,2.70230393410519,3.35957996679641,-0.0113819629387975,2.58603172332229,3.27256732152133,-0.0152319448103664
"936","X172735.BIGSE","SPRING",2018,4.16823227942709,3.88236205777135,0.209365279783875,4.11818385003959,3.81691669362459,0.216244351301188
"937","X172735.BIGSE","SPRING",2019,3.94142416004578,3.91128312319158,-0.143555093390342,3.89745015048925,3.84241042292039,-0.156373864533523
"938","X172735.BIGSE","SPRING",2021,3.36413211981883,3.16983940574458,-0.496039182874833,3.21291014440591,3.1022193396049,-0.45156976459964
"939","X172735.BIGSE","SPRING",2022,2.33017296141616,2.70026128722528,-0.404922048323479,2.39864324727342,2.70361581713387,-0.318057653834034
"940","X172735.BIGSE","SPRING",2024,2.71931764298951,2.60738154144508,0.464822325904434,2.8249301641968,2.72063950211449,0.445399844848221
"941","X172735.BIGSE","FALL",2009,4.23978176318163,3.82744551829485,-0.848391516725701,4.05735639177152,3.6624577971987,-0.812337671698797
"942","X172735.BIGSE","FALL",2010,2.38524545520019,3.41907401097006,-0.0845513415563411,2.28150732320798,3.27149404873414,-0.0808479983951922
"943","X172735.BIGSE","FALL",2011,4.28061763043222,3.42594314791722,-0.0179102281818112,4.09643521145077,3.27824545407857,-0.0169073640808262
"944","X172735.BIGSE","FALL",2012,3.17703857362295,3.31740727566038,-0.148807951645449,3.04033992398715,3.17458401781952,-0.142252638025356
"945","X172735.BIGSE","FALL",2013,2.89800202250347,3.2099635540349,-0.0347967468833492,2.77330949707836,3.07185341927874,-0.0332581882172478
"946","X172735.BIGSE","FALL",2014,3.51499539519974,3.21469965417357,-0.0201279252816073,3.36375545496448,3.07640053173886,-0.0192650673476602
"947","X172735.BIGSE","FALL",2015,2.87784286008715,3.1290303544324,-0.12749115079774,2.75401772428173,2.99440852156734,-0.122016235526303
"948","X172735.BIGSE","FALL",2016,3.26426848352252,2.93433076023587,-0.311014153340518,3.12381658676215,2.80807786181596,-0.297638000315813
"949","X172735.BIGSE","FALL",2018,1.97252352707291,2.01950530164574,-0.41936853142576,1.88765162631464,1.9326108800268,-0.401323958244535
"950","X172735.BIGSE","FALL",2019,1.53193085521925,1.74393294202263,-0.0992235018643881,1.46601636460447,1.66889609869429,-0.0949537054478761
"951","X172735.BIGSE","FALL",2021,1.80887100270573,2.1525268167154,0.393534728338338,1.73104058997856,2.05990990031079,0.376602163606034
"952","X172735.BIGSE","FALL",2022,3.09909783232019,2.45590817301126,0.0855970408243521,2.96575274413504,2.35023768002863,0.0819140522717284
"953","X172735.BIGSE","FALL",2023,2.25229988117132,2.25379331767756,-0.432123388749248,2.15539002465047,2.15681922227181,-0.413530406809864
"954","X172735.BIGSE","FALL",2024,1.50811366555035,1.70706812099777,-0.603623641867828,1.44322395873671,1.63361798835988,-0.577651500038516
"955","X172735.UNIT","SPRING",2009,2.73692938453138,2.92305197394833,0.691293393499905,2.70814522765137,2.89367246791659,0.68748981222701
"956","X172735.UNIT","SPRING",2010,3.70225941169599,3.47504719888609,0.410458287944866,3.67037457004885,3.44146566715418,0.406482842963485
"957","X172735.UNIT","SPRING",2011,3.69455708762735,3.73949101297655,0.116190571805291,3.65578883001247,3.70341066727421,0.115793413991893
"958","X172735.UNIT","SPRING",2012,3.87500573137806,3.7081051274765,-0.176046789394812,3.83434396411066,3.67425740390372,-0.171281288682436
"959","X172735.UNIT","SPRING",2013,3.40289158066061,3.44191178834516,-0.304741088120222,3.38535596553596,3.41292646085935,-0.30212087850673
"960","X172735.UNIT","SPRING",2014,2.85802205706161,3.19060607633126,-0.157486011560007,2.82654926646938,3.16103268003132,-0.159909368907828
"961","X172735.UNIT","SPRING",2015,3.58348095204597,3.09986807846301,-0.0914459952861719,3.54587825450688,3.06816431068293,-0.0925280963912
"962","X172735.UNIT","SPRING",2016,2.56665648606652,3.02904838286744,0.0385969123132277,2.53972367720724,2.99691844692761,0.0376790551614885
"963","X172735.UNIT","SPRING",2018,3.64342401263574,3.41640994876604,0.10743469196743,3.60519231195499,3.38009310174879,0.10626866151331
"964","X172735.UNIT","SPRING",2019,3.40404969820417,3.37077768401016,-0.187978151902606,3.36832983449553,3.3347574552779,-0.186271460417449
"965","X172735.UNIT","SPRING",2021,2.78400421094833,2.68473067265192,-0.389864578091881,2.75284345549669,2.65713354209205,-0.383358309126021
"966","X172735.UNIT","SPRING",2022,2.08248232186195,2.34867313938882,-0.259125048081008,2.06648916359026,2.32804692591167,-0.252267125843745
"967","X172735.UNIT","SPRING",2024,2.50961641758828,2.41565826819468,0.418611938300048,2.49422881296276,2.4013642042627,0.415775593758767
"968","X172735.UNIT","FALL",2009,3.5892706128015,3.2364201049407,-0.686793390432274,3.55160716236177,3.20240509575691,-0.679666773264258
"969","X172735.UNIT","FALL",2010,2.02808511997745,2.93220455530418,-0.0254936383768523,2.00660637456855,2.90135270430222,-0.025214485794395
"970","X172735.UNIT","FALL",2011,3.72969664995118,2.97772096911482,0.0126705364620462,3.69055966082874,2.94642317186955,0.0125789447797725
"971","X172735.UNIT","FALL",2012,2.78357555651733,2.89679738158063,-0.13141002864197,2.75436654128058,2.86638515936373,-0.130003928140161
"972","X172735.UNIT","FALL",2013,2.52389241208038,2.78718794035456,-0.0586295081749351,2.49740834135064,2.75794194178699,-0.058006922466793
"973","X172735.UNIT","FALL",2014,3.02814757388816,2.75696672189422,-0.0535639177175316,2.99637218039552,2.72804047973725,-0.0530024208721076
"974","X172735.UNIT","FALL",2015,2.41150173370868,2.65609374028035,-0.120397421177578,2.38619701700414,2.62822442399578,-0.119135947418431
"975","X172735.UNIT","FALL",2016,2.77620968296678,2.5008444820598,-0.233213117075404,2.7470779603734,2.47460275028098,-0.230766977822976
"976","X172735.UNIT","FALL",2018,1.74697896301991,1.84135659851531,-0.28065382983243,1.72864731219417,1.82203442673917,-0.27770876582678
"977","X172735.UNIT","FALL",2019,1.60739838625595,1.66695413092413,-0.0592552673969284,1.59053140240643,1.64946211469014,-0.0586333924116073
"978","X172735.UNIT","FALL",2021,1.60746087061658,1.98391708007854,0.345868882230938,1.59059323109719,1.9630991557539,0.342239575424694
"979","X172735.UNIT","FALL",2022,2.71672030046428,2.28776260216211,0.141279765122154,2.68821282041242,2.26375632822989,0.139797268157506
"980","X172735.UNIT","FALL",2023,2.43544851350067,2.16920947589114,-0.355110755281751,2.40989251500349,2.14644721858055,-0.351384459574766
"981","X172735.UNIT","FALL",2024,1.33314102371489,1.62409161636327,-0.711849701391672,1.3191519166532,1.60704946484319,-0.704380020018537
"982","X172746.GBGOM","SPRING",2009,0.472815489885168,0.598424734449516,0.259705867024889,0.498653550077757,0.608753014142704,0.212830914118246
"983","X172746.GBGOM","SPRING",2010,0.956253966276588,0.743392482038653,0.0438937987777999,0.909057998667892,0.720229518461637,0.0226728001336919
"984","X172746.GBGOM","SPRING",2011,0.681433190505666,0.713540673253945,-0.0899332457228011,0.649503190833428,0.679200025638229,-0.0921810801664384
"985","X172746.GBGOM","SPRING",2012,0.513035843162782,0.598912878064136,-0.117599627810147,0.487714930633351,0.567724863282653,-0.111462445004892
"986","X172746.GBGOM","SPRING",2013,0.579417852459427,0.489085393373148,-0.113034082679,0.552030091089122,0.464641801450295,-0.105643812377796
"987","X172746.GBGOM","SPRING",2014,0.246915527535549,0.381412565402305,-0.0827649794593466,0.23472899796221,0.363980696992009,-0.0771948043558591
"988","X172746.GBGOM","SPRING",2015,0.444863247990688,0.318814750396595,-0.0667179284132752,0.428630679786558,0.305122692563888,-0.0641342968579907
"989","X172746.GBGOM","SPRING",2016,0.196304380484223,0.240248080014146,-0.0738567630520291,0.186615766884163,0.22849423301553,-0.0727274001416134
"990","X172746.GBGOM","SPRING",2018,0.152130373530939,0.196175940472411,0.0390682035314296,0.144621970497149,0.186937062675798,0.0425264817659172
"991","X172746.GBGOM","SPRING",2019,0.292025532890507,0.258598409263994,0.073937072650172,0.277612596497806,0.255958796916488,0.0846815797403273
"992","X172746.GBGOM","SPRING",2021,0.39564567739422,0.395464835985427,0.0580756098677525,0.431895430366878,0.41389375839011,0.0578904056807778
"993","X172746.GBGOM","SPRING",2022,0.454442156990064,0.445931512200603,0.0428544827582594,0.455763931272986,0.45556919632625,0.02746552800114
"994","X172746.GBGOM","SPRING",2024,0.495871602046428,0.501152586237372,0.0123535520611485,0.471397831590467,0.477721306304176,0.00270681321533534
"995","X172746.GBGOM","FALL",2009,1.20324541854451,1.03976527174492,-0.350987466696068,1.14385917409309,0.988360729355586,-0.333792472612429
"996","X172746.GBGOM","FALL",2010,0.560440562295837,0.814979260504657,-0.109329861070521,0.532464797605144,0.774622562611294,-0.103915133353012
"997","X172746.GBGOM","FALL",2011,0.869982505586098,0.799614939031752,0.0678559128386481,0.827044470710646,0.760067917695846,0.0645745710452598
"998","X172746.GBGOM","FALL",2012,0.653573298360843,0.929824445598905,0.182441764998674,0.621316151925724,0.883911922792878,0.173484929716724
"999","X172746.GBGOM","FALL",2013,1.60579497146962,1.06987516660025,0.0131577098721466,1.52654087147902,1.01708100145201,0.0125249613563199
"1000","X172746.GBGOM","FALL",2014,0.753658360068043,0.940242478390427,-0.203818506112696,0.716461509854398,0.893851506683879,-0.193766023468998
"1001","X172746.GBGOM","FALL",2015,0.697598617330505,0.746028961281852,-0.169422301376554,0.663168598832805,0.709198939195112,-0.161107054251007
"1002","X172746.GBGOM","FALL",2016,0.600982805132423,0.617705458615701,-0.0861033477052643,0.571321265411071,0.587133547252697,-0.0819596378205195
"1003","X172746.GBGOM","FALL",2018,0.472604073825734,0.589471549822181,0.0431728097975097,0.448807199418757,0.560131976571848,0.0410772277493707
"1004","X172746.GBGOM","FALL",2019,0.824770885700498,0.616540811766766,-0.0264344013012827,0.78406427283521,0.585961213450758,-0.025015331711759
"1005","X172746.GBGOM","FALL",2021,0.348511242847363,0.381682966076623,-0.11761040865503,0.331310451102952,0.362835420139659,-0.111775733921376
"1006","X172746.GBGOM","FALL",2022,0.215344748613563,0.322111852122914,0.0111917004870004,0.204716396587121,0.306219974032578,0.0106441843154425
"1007","X172746.GBGOM","FALL",2023,0.425681811841571,0.400625321156082,0.129670671945406,0.404672262378981,0.380858018153262,0.123266790700416
"1008","X172746.GBGOM","FALL",2024,0.585403245842292,0.54912406474587,0.151162249600243,0.556510636134875,0.522023328982393,0.143698717732336
"1009","X172746.SNEMA","SPRING",2009,0.562030013054089,0.630654294818731,0.230826566824976,0.546535772010662,0.614713970801094,0.222725575353632
"1010","X172746.SNEMA","SPRING",2010,0.907741548647793,0.802722006553933,0.117899856952355,0.885103716712973,0.77815195826075,0.109378224825301
"1011","X172746.SNEMA","SPRING",2011,0.843812152502107,0.875636009337296,0.0325191489212991,0.809524641141675,0.843926070970938,0.0273978258546962
"1012","X172746.SNEMA","SPRING",2012,0.897946044952724,0.875751473048396,-0.0288880531541625,0.858838370151883,0.841546543558074,-0.028785772352113
"1013","X172746.SNEMA","SPRING",2013,0.801978983946476,0.829397281840786,-0.0556831187941813,0.779148547985063,0.796204105516752,-0.0554206328088022
"1014","X172746.SNEMA","SPRING",2014,0.751020472361796,0.772450306364444,-0.0582829717209686,0.710389147302314,0.738814605721208,-0.057727509923278
"1015","X172746.SNEMA","SPRING",2015,0.768029852044258,0.705581168401549,-0.0826333346396539,0.738725574224528,0.674640951233483,-0.0783587903478928
"1016","X172746.SNEMA","SPRING",2016,0.564585399823673,0.613074545966365,-0.0893109709146521,0.539987676624915,0.587393102660994,-0.0831018378657921
"1017","X172746.SNEMA","SPRING",2018,0.496547316695961,0.478365572191146,-0.0559707005067121,0.474913860614759,0.471339855840009,-0.0422383537758736
"1018","X172746.SNEMA","SPRING",2019,0.42071699645153,0.426206497143272,-0.0449413684975754,0.445882796649144,0.431325283073705,-0.0388176731541346
"1019","X172746.SNEMA","SPRING",2021,0.364549215077017,0.388615342531682,0.0122484297942439,0.352409435055819,0.381162803327923,0.00205159026005599
"1020","X172746.SNEMA","SPRING",2022,0.434302455373874,0.414904472785888,0.0363994196699838,0.415380868692455,0.399660339253736,0.0311248137650016
"1021","X172746.SNEMA","SPRING",2024,0.481078057310924,0.480979537258733,0.0139540006261176,0.46863424727415,0.466595064221674,0.0205352398966637
"1022","X172746.SNEMA","FALL",2009,0.693663863087398,0.744067970156527,0.168719197018225,0.663442479922808,0.711650592773606,0.161368478937545
"1023","X172746.SNEMA","FALL",2010,0.939229081798374,0.879791640252145,0.101711162407163,0.898308971250855,0.84146108610345,0.0972798345338287
"1024","X172746.SNEMA","FALL",2011,0.869403371250307,0.945456333439155,0.0286012432010097,0.831525410749095,0.904264915464632,0.0273551510002202
"1025","X172746.SNEMA","FALL",2012,1.13230578208347,0.917624099006479,-0.102618758948199,1.08297375151246,0.877645269240562,-0.0981478891233749
"1026","X172746.SNEMA","FALL",2013,0.641369877728469,0.764180539674832,-0.161953588701181,0.613426826552663,0.730886902618914,-0.154897633043875
"1027","X172746.SNEMA","FALL",2014,0.579952213982062,0.643265453007597,-0.0726428242437222,0.554684993057659,0.615239815856253,-0.0694779388540507
"1028","X172746.SNEMA","FALL",2015,0.591992200199171,0.615024837281112,0.00505777849490842,0.566200424002212,0.58822958059802,0.00483742239739512
"1029","X172746.SNEMA","FALL",2016,0.70625349699433,0.624535768529917,-0.00377734316895095,0.675483611636603,0.597326141843113,-0.00361277277494945
"1030","X172746.SNEMA","FALL",2018,0.50520626257249,0.539696472209977,-0.0576448549631917,0.483195555584817,0.516183103924305,-0.0551333975527453
"1031","X172746.SNEMA","FALL",2019,0.530184936952069,0.481810838752165,-0.0624631361393394,0.507085964985435,0.46081941805746,-0.059741756993932
"1032","X172746.SNEMA","FALL",2021,0.364886892791747,0.402836445490994,0.0242931361237933,0.348989586927037,0.38528576248776,0.0232347385134593
"1033","X172746.SNEMA","FALL",2022,0.336236422322471,0.474865284056467,0.115207880448831,0.321587353380532,0.454176465646411,0.110188530755266
"1034","X172746.SNEMA","FALL",2023,0.831807751767224,0.601583289767731,0.111115874911098,0.795567748325864,0.575373651248339,0.106274804747213
"1035","X172746.SNEMA","FALL",2024,0.555119339848975,0.64287252175346,-0.055649667002241,0.530934031712868,0.614864003738085,-0.0532251354690987
"1036","X172873.UNIT","SPRING",2009,1.62532894649355,1.71298250554929,0.0460924375006445,1.62532894649355,1.71298250554929,0.0460924375006445
"1037","X172873.UNIT","SPRING",2010,1.77346199249692,1.70790944633855,-0.0678610434425709,1.77346199249692,1.70790944633855,-0.0678610434425709
"1038","X172873.UNIT","SPRING",2011,1.77598753096059,1.55401544362325,-0.251549449508478,1.77598753096059,1.55401544362325,-0.251549449508478
"1039","X172873.UNIT","SPRING",2012,1.18988451093817,1.25899854750388,-0.272673855027521,1.18988451093817,1.25899854750388,-0.272673855027521
"1040","X172873.UNIT","SPRING",2013,0.708553092397152,1.11642838577445,0.029483696072146,0.708553092397152,1.11642838577445,0.029483696072146
"1041","X172873.UNIT","SPRING",2014,1.58252189536989,1.27041017025238,0.188973938984414,1.58252189536989,1.27041017025238,0.188973938984414
"1042","X172873.UNIT","SPRING",2015,1.5413409217457,1.41619507438226,0.11392061381364,1.5413409217457,1.41619507438226,0.11392061381364
"1043","X172873.UNIT","SPRING",2016,1.23794340931346,1.56121654846708,0.227762740405136,1.23794340931346,1.56121654846708,0.227762740405136
"1044","X172873.UNIT","SPRING",2018,2.43155545226468,2.13399838675083,0.134883931876442,2.43155545226468,2.13399838675083,0.134883931876442
"1045","X172873.UNIT","SPRING",2019,2.07516172177172,2.12962648730276,-0.102062485463276,2.07516172177172,2.12962648730276,-0.102062485463276
"1046","X172873.UNIT","SPRING",2021,1.97593779205167,1.93261577253454,0.0208595801860492,1.97593779205167,1.93261577253454,0.0208595801860492
"1047","X172873.UNIT","SPRING",2022,1.84335985949597,2.08176091850797,0.288129904017619,1.84335985949597,2.08176091850797,0.288129904017619
"1048","X172873.UNIT","SPRING",2024,3.45747062748938,3.3423500658016,1.01525601230323,3.45747062748938,3.3423500658016,1.01525601230323
"1049","X172873.UNIT","FALL",2009,1.47512945205639,1.41083560661355,-0.0344224584143328,1.47512945205639,1.41083560661355,-0.0344224584143328
"1050","X172873.UNIT","FALL",2010,1.17492208632628,1.49409339549548,0.14689790899471,1.17492208632628,1.49409339549548,0.14689790899471
"1051","X172873.UNIT","FALL",2011,2.05782700830523,1.59655117023601,0.00397751330287118,2.05782700830523,1.59655117023601,0.00397751330287118
"1052","X172873.UNIT","FALL",2012,1.44379442556408,1.5023070346855,-0.138167044636135,1.44379442556408,1.5023070346855,-0.138167044636135
"1053","X172873.UNIT","FALL",2013,1.14387699959395,1.41855094227902,0.0146899813707048,1.14387699959395,1.41855094227902,0.0146899813707048
"1054","X172873.UNIT","FALL",2014,1.67422185901525,1.53879230593966,0.188862932915784,1.67422185901525,1.53879230593966,0.188862932915784
"1055","X172873.UNIT","FALL",2015,1.71429190213785,1.76193745260225,0.260017817935845,1.71429190213785,1.76193745260225,0.260017817935845
"1056","X172873.UNIT","FALL",2016,2.04261903828553,2.05015056699816,0.305140578516351,2.04261903828553,2.05015056699816,0.305140578516351
"1057","X172873.UNIT","FALL",2018,2.58741699799448,2.57572067671677,0.166754743983572,2.58741699799448,2.57572067671677,0.166754743983572
"1058","X172873.UNIT","FALL",2019,2.85343460269104,2.65761334410617,-0.0129789367517141,2.85343460269104,2.65761334410617,-0.0129789367517141
"1059","X172873.UNIT","FALL",2021,2.3372733801289,2.58296399549842,0.123746113967954,2.3372733801289,2.58296399549842,0.123746113967954
"1060","X172873.UNIT","FALL",2022,2.90196463921441,2.85610237458106,0.398679252264087,2.90196463921441,2.85610237458106,0.398679252264087
"1061","X172873.UNIT","FALL",2023,3.30475265756214,3.34295347736696,0.561505322581307,3.30475265756214,3.34295347736696,0.561505322581307
"1062","X172873.UNIT","FALL",2024,4.02912505253434,3.95207775829086,0.643225608540086,4.02912505253434,3.95207775829086,0.643225608540086
"1063","X172877.UNIT","SPRING",2009,2.27168423776076,2.39433162766105,0.153569567619021,2.1718655532759,2.28912376940289,0.146821661390753
"1064","X172877.UNIT","SPRING",2010,2.68603872945381,2.41324988026019,-0.0858330007382633,2.56801314826047,2.307210746662,-0.0820614654708742
"1065","X172877.UNIT","SPRING",2011,2.23643946266048,2.28246574954947,-0.145835199000702,2.13816944723226,2.18217332126448,-0.139427143922505
"1066","X172877.UNIT","SPRING",2012,2.28239731820261,2.19013010694638,-0.000185523200358806,2.18210789681748,2.09389494252865,-0.000177371239141189
"1067","X172877.UNIT","SPRING",2013,1.77186115770156,2.38288885026164,0.447846593938643,1.69400489277193,2.27818379207045,0.428168041296992
"1068","X172877.UNIT","SPRING",2014,3.67711828581334,3.01429247496955,0.681286251515288,3.51554428539376,2.88184329717332,0.651350269985165
"1069","X172877.UNIT","SPRING",2015,2.78966984239346,3.69189181190585,0.754017284932846,2.66709066999524,3.52966865703284,0.7208854736495
"1070","X172877.UNIT","SPRING",2016,5.15605955492775,4.39113013970098,0.433157602947625,4.92950030283478,4.19818218211916,0.414124490254345
"1071","X172877.UNIT","SPRING",2018,4.07487472490997,3.63340689734436,-1.04813508431562,3.89582315263598,3.47375359224918,-1.00207962311211
"1072","X172877.UNIT","SPRING",2019,1.96106455492065,2.50203543364831,-1.03458037138256,1.87489461950084,2.39209502847675,-0.989120509510619
"1073","X172877.UNIT","SPRING",2021,1.31387672287624,1.55028373225652,0.0878960626626231,1.25614447123987,1.48216366514514,0.0840338756559321
"1074","X172877.UNIT","SPRING",2022,2.0578619868686,1.87252222477782,0.506503699223463,1.96743873483112,1.79024287360786,0.484247730676955
"1075","X172877.UNIT","SPRING",2024,3.0613461229481,3.02166377215522,0.442328955527888,2.92682938965126,2.88889069670817,0.422892850053173
"1076","X172877.UNIT","FALL",2009,2.50624369162873,2.53302080513212,0.224516012971082,2.39611837397303,2.4215980183208,0.214475980466918
"1077","X172877.UNIT","FALL",2010,2.57188030756457,2.82999255072832,0.303013924516127,2.4584409644792,2.70545708570741,0.2897258790056
"1078","X172877.UNIT","FALL",2011,3.86020779027238,3.00622154675398,-0.0169694861699982,3.6905887661764,2.8740172257306,-0.0161218742599172
"1079","X172877.UNIT","FALL",2012,2.6050516799357,2.8895100033116,-0.0565836220863101,2.49058470103789,2.7625340250365,-0.0540075639786627
"1080","X172877.UNIT","FALL",2013,2.60389174641969,3.13612216697162,0.633005835168134,2.48947573544943,2.99838083595508,0.605242960847989
"1081","X172877.UNIT","FALL",2014,3.58985085126268,4.16702778130339,1.35711361538916,3.4321114156873,3.98400076990386,1.29743595518879
"1082","X172877.UNIT","FALL",2015,6.09342476148607,5.5409480494269,1.15301735064108,5.82567731948306,5.29738702094912,1.10203177337901
"1083","X172877.UNIT","FALL",2016,6.83254908891368,6.15678643174422,9.29333690253831e-05,6.53232423794326,5.88563079982771,-0.000672958933249035
"1084","X172877.UNIT","FALL",2018,4.35355160612344,4.31084996832662,-1.38046670271879,4.15882002357885,4.11963784901837,-1.31955254610099
"1085","X172877.UNIT","FALL",2019,2.49867387772134,3.06251034038677,-0.988117589910899,2.38888118061803,2.9268491357232,-0.943866735222934
"1086","X172877.UNIT","FALL",2021,2.21522135604503,2.37531486044718,0.168807957354498,2.1178836724323,2.27087294804355,0.161608942249087
"1087","X172877.UNIT","FALL",2022,2.67371595566664,2.64576296045347,0.283582612956126,2.55623184192208,2.52955055512428,0.271157221346674
"1088","X172877.UNIT","FALL",2023,3.37821737057018,2.81605127903886,0.0190708465960254,3.2297771920326,2.69235353003405,0.0182039183357312
"1089","X172877.UNIT","FALL",2024,2.29569695882317,2.60805829840826,-0.472979985475845,2.19482314608259,2.49346877152148,-0.452218245498015
"1090","X172905.GBK","SPRING",2009,3.20049884048912,2.95747905329824,-0.365794401266998,2.84501593246965,2.62898861894069,-0.32516521688655
"1091","X172905.GBK","SPRING",2010,2.66908443785909,2.67086326451615,-0.129330695157029,2.37262630898358,2.37420755941755,-0.114965793339542
"1092","X172905.GBK","SPRING",2011,2.13809480073717,2.8550306252645,0.575771897793885,1.90061427183587,2.53791924990198,0.511820283128599
"1093","X172905.GBK","SPRING",2012,3.62645777669737,3.74670417811074,1.05376584476527,3.22366314357288,3.3305536456144,0.936722919415705
"1094","X172905.GBK","SPRING",2013,4.73658139389444,4.61612060724131,0.492434669075461,4.21048411597286,4.10340304069474,0.437739411586851
"1095","X172905.GBK","SPRING",2014,6.38465930637712,4.38521170148253,-1.10798195095177,5.67550821148167,3.89814143974615,-0.984917183367841
"1096","X172905.GBK","SPRING",2015,1.03239276704442,2.7391513320884,-1.69141469072713,0.917723772822534,2.43491079660758,-1.50354741037697
"1097","X172905.GBK","SPRING",2016,1.66305387770536,1.43572204229129,-0.974828263713449,1.47833666388835,1.27625482416746,-0.86655302186038
"1098","X172905.GBK","SPRING",2018,0.579653969399857,0.681707248607673,0.280201034426842,0.51527116879375,0.605989278618981,0.249078798952792
"1099","X172905.GBK","SPRING",2019,0.941982816666088,1.29742320111312,0.928447790829821,0.837355754554217,1.15331698659778,0.825324078846847
"1100","X172905.GBK","SPRING",2021,4.2387743883146,3.30125674470736,0.568957216591416,3.76796907917528,2.93458254602272,0.50576251602353
"1101","X172905.GBK","SPRING",2022,2.97658661797107,3.50542378408875,-0.0557192693493043,2.64597388549888,3.1160725289519,-0.0495304691377748
"1102","X172905.GBK","SPRING",2024,3.61755922187366,3.61328643221931,0.583197391397184,3.21575296096974,3.21195475473735,0.518421019032823
"1103","X172905.GBK","FALL",2009,10.1491159283225,8.65372191717559,-3.14854812400192,9.02184251757031,7.69254355541774,-2.79883543890428
"1104","X172905.GBK","FALL",2010,3.43718974899179,7.06242190244138,-0.42724970111288,3.05541732279102,6.27799097443127,-0.379794609337631
"1105","X172905.GBK","FALL",2011,8.86717563084981,7.01282692365707,-0.0651380521021318,7.88228873156504,6.23390456420456,-0.0579030973847539
"1106","X172905.GBK","FALL",2012,8.23180452005926,6.40033288409901,-1.29846514550571,7.31748898523743,5.68944090777684,-1.15424320108665
"1107","X172905.GBK","FALL",2013,3.59339430276932,4.74176292661937,-1.55419335698812,3.19427206587021,4.21509013018869,-1.38156740031624
"1108","X172905.GBK","FALL",2014,1.29192471629605,3.86971796572052,-0.076606181677271,1.14842922450548,3.43990415723957,-0.068097449260186
"1109","X172905.GBK","FALL",2015,7.53283854785249,4.07720896651491,-0.133043796616175,6.69615792833304,3.62434890555071,-0.118266476556956
"1110","X172905.GBK","FALL",2016,2.18546814914281,3.3495290933449,-0.951785248984908,1.94272581060084,2.9774932320802,-0.846069419990115
"1111","X172905.GBK","FALL",2018,1.84548359668314,2.30964268341976,0.0508902332340264,1.64050371437489,2.05310814349084,0.0452377993474833
"1112","X172905.GBK","FALL",2019,2.98356222425442,2.61922629708579,0.472057958344593,2.65217470356002,2.32830596645795,0.419625964411916
"1113","X172905.GBK","FALL",2021,2.77653765998742,3.84358252757888,0.75990781120017,2.46814458416083,3.41667161080826,0.675504019161662
"1114","X172905.GBK","FALL",2022,7.28580062875973,4.42026929124456,0.132575051094048,6.47655878120895,3.92930514465527,0.117849795112848
"1115","X172905.GBK","FALL",2023,1.50171870864057,4.20841606208406,-0.195707412060837,1.33492116857548,3.74098268545555,-0.173969975671167
"1116","X172905.GBK","FALL",2024,5.63664774020782,4.75000266183132,1.63945470890958,5.0105791083991,4.2224146689952,1.4573586805916
"1117","X172905.GOM","SPRING",2009,3.18702934388966,3.01261109475006,-0.616967642615088,3.18702934388966,3.01261109475006,-0.616967642615088
"1118","X172905.GOM","SPRING",2010,2.45673020496224,2.44951181731408,-0.451006861445533,2.45673020496224,2.44951181731408,-0.451006861445533
"1119","X172905.GOM","SPRING",2011,1.59993117044229,2.22704547348167,0.0642982245920567,1.59993117044229,2.22704547348167,0.0642982245920567
"1120","X172905.GOM","SPRING",2012,3.14685697411003,2.49245493297539,0.322643310061241,3.14685697411003,2.49245493297539,0.322643310061241
"1121","X172905.GOM","SPRING",2013,2.41358532901834,2.7959660919099,0.351890390447677,2.41358532901834,2.7959660919099,0.351890390447677
"1122","X172905.GOM","SPRING",2014,3.52595625674218,3.20765090101202,0.415383032257955,3.52595625674218,3.20765090101202,0.415383032257955
"1123","X172905.GOM","SPRING",2015,2.98864196332255,3.61758251521898,0.451426750447745,2.98864196332255,3.61758251521898,0.451426750447745
"1124","X172905.GOM","SPRING",2016,4.72484174757282,4.00049712593797,0.157448640728913,4.72484174757282,4.00049712593797,0.157448640728913
"1125","X172905.GOM","SPRING",2018,3.73531957928803,3.4127056022864,-0.431744966432393,3.73531957928803,3.4127056022864,-0.431744966432393
"1126","X172905.GOM","SPRING",2019,2.0666598759439,3.24411782269679,0.269903597425233,2.0666598759439,3.24411782269679,0.269903597425233
"1127","X172905.GOM","SPRING",2021,6.10137664509169,4.73684648500969,0.471634664245116,6.10137664509169,4.73684648500969,0.471634664245116
"1128","X172905.GOM","SPRING",2022,4.00038599244876,4.83579174158313,-0.133473524992963,4.00038599244876,4.83579174158313,-0.133473524992963
"1129","X172905.GOM","SPRING",2024,5.40788359993836,5.32241707859477,1.18118136642567,5.40788359993836,5.32241707859477,1.18118136642567
"1130","X172905.GOM","FALL",2009,6.59755391046386,6.51430716925548,-0.947752358575013,6.59755391046386,6.51430716925548,-0.947752358575014
"1131","X172905.GOM","FALL",2010,5.34310852779684,5.70205480027681,-0.734372539697528,5.34310852779684,5.70205480027682,-0.734372539697525
"1132","X172905.GOM","FALL",2011,5.66178368392664,4.93032176922999,-0.866713682711341,5.66178368392665,4.93032176922999,-0.866713682711341
"1133","X172905.GOM","FALL",2012,3.84837373247033,4.03655432668757,-0.795274150224838,3.84837373247033,4.03655432668757,-0.79527415022484
"1134","X172905.GOM","FALL",2013,2.68493414239482,3.54404038257428,-0.111033876356442,2.68493414239482,3.54404038257428,-0.111033876356442
"1135","X172905.GOM","FALL",2014,4.18745507011866,3.72223723248326,0.29645837303767,4.18745507011866,3.72223723248326,0.29645837303767
"1136","X172905.GOM","FALL",2015,4.09184730312837,3.9296757102827,0.0821063673310392,4.09184730312837,3.9296757102827,0.0821063673310383
"1137","X172905.GOM","FALL",2016,4.08330854908306,3.86047722548281,-0.210163863363186,4.08330854908306,3.8604772254828,-0.210163863363187
"1138","X172905.GOM","FALL",2018,3.4013109600863,3.51405347873911,0.161943916602121,3.4013109600863,3.51405347873911,0.161943916602123
"1139","X172905.GOM","FALL",2019,3.32889813915858,4.03513372075577,0.922673097867434,3.32889813915858,4.03513372075577,0.922673097867437
"1140","X172905.GOM","FALL",2021,7.16002229079981,6.35939155150062,0.752941777808367,7.16002229079982,6.35939155150062,0.752941777808365
"1141","X172905.GOM","FALL",2022,6.7959859223301,6.65852398981908,-0.0795711943448043,6.7959859223301,6.65852398981908,-0.0795711943448088
"1142","X172905.GOM","FALL",2023,5.97309104638619,6.36076983205166,-0.430522158776027,5.97309104638619,6.36076983205166,-0.430522158776029
"1143","X172905.GOM","FALL",2024,5.97817750809061,5.96830959709504,-0.268983348723206,5.97817750809061,5.96830959709504,-0.268983348723205
"1144","X172905.GOMWF","SPRING",2009,7.35399161092531,7.11819861080791,-1.11913896436894,7.35399161092531,7.11819861080791,-1.11913896436894
"1145","X172905.GOMWF","SPRING",2010,6.27257413600892,5.96985197865087,-1.02415032742643,6.27257413600892,5.96985197865087,-1.02415032742644
"1146","X172905.GOMWF","SPRING",2011,3.86933599777035,5.37670590099244,-0.00873785537172515,3.86933599777035,5.37670590099244,-0.00873785537172633
"1147","X172905.GOMWF","SPRING",2012,7.28638866220736,5.79811902881119,0.543902899394294,7.28638866220736,5.79811902881119,0.543902899394297
"1148","X172905.GOMWF","SPRING",2013,5.3209154960981,6.32329689775704,0.672899248088356,5.32091549609811,6.32329689775704,0.672899248088359
"1149","X172905.GOMWF","SPRING",2014,8.11111360089186,7.15455087921375,0.833795659459977,8.11111360089186,7.15455087921376,0.833795659459989
"1150","X172905.GOMWF","SPRING",2015,6.34738907469342,7.98838238990035,0.987174590501665,6.34738907469342,7.98838238990038,0.987174590501693
"1151","X172905.GOMWF","SPRING",2016,10.589106354515,8.90367485096196,0.464877893777984,10.5891063545151,8.90367485096201,0.464877893777994
"1152","X172905.GOMWF","SPRING",2018,8.39884949832776,7.87171457568128,-0.819802190222602,8.39884949832776,7.8717145756813,-0.819802190222625
"1153","X172905.GOMWF","SPRING",2019,5.26764248606466,7.55957179378308,0.516569071623705,5.26764248606466,7.55957179378308,0.516569071623695
"1154","X172905.GOMWF","SPRING",2021,13.2711731326644,10.1885189201772,0.610753948904906,13.2711731326644,10.1885189201772,0.610753948904907
"1155","X172905.GOMWF","SPRING",2022,7.90887004459309,10.030620888835,-0.592530131757356,7.90887004459309,10.030620888835,-0.592530131757354
"1156","X172905.GOMWF","SPRING",2024,11.4011274024526,11.1152707816408,3.0132595438902,11.4011274024526,11.1152707816408,3.0132595438902
"1157","X172905.GOMWF","FALL",2009,16.3808238015608,15.648950263241,-3.62427799137365,16.3808238015608,15.648950263241,-3.62427799137365
"1158","X172905.GOMWF","FALL",2010,11.0564922289613,12.7670238765503,-2.31752253565385,11.0564922289613,12.7670238765503,-2.31752253565385
"1159","X172905.GOMWF","FALL",2011,12.509211761427,10.6580096846411,-2.07845360181058,12.509211761427,10.6580096846411,-2.07845360181058
"1160","X172905.GOMWF","FALL",2012,8.21710691192865,8.65581789371712,-1.70228100560336,8.21710691192865,8.65581789371712,-1.70228100560336
"1161","X172905.GOMWF","FALL",2013,5.93038227424749,7.60966302701662,-0.257462348649509,5.93038227424749,7.60966302701662,-0.257462348649509
"1162","X172905.GOMWF","FALL",2014,8.9180994425864,7.91236545325089,0.501773078802716,8.9180994425864,7.91236545325089,0.501773078802716
"1163","X172905.GOMWF","FALL",2015,8.70020613154961,8.18352574769032,-0.028041804540252,8.70020613154961,8.18352574769032,-0.028041804540252
"1164","X172905.GOMWF","FALL",2016,8.02593205128205,7.86744712107146,-0.524360857180003,8.02593205128205,7.86744712107146,-0.524360857180003
"1165","X172905.GOMWF","FALL",2018,7.16402064659978,7.30876428858926,0.467752743724086,7.16402064659978,7.30876428858926,0.467752743724086
"1166","X172905.GOMWF","FALL",2019,7.10674431438127,8.48534424057991,1.96964992902804,7.10674431438127,8.48534424057991,1.96964992902804
"1167","X172905.GOMWF","FALL",2021,14.776382909699,13.4188860414056,1.706387351566,14.776382909699,13.4188860414056,1.706387351566
"1168","X172905.GOMWF","FALL",2022,14.6008956521739,14.2007484277584,-0.0582435095343558,14.6008956521739,14.2007484277584,-0.0582435095343558
"1169","X172905.GOMWF","FALL",2023,13.1065153846154,13.5528486900153,-1.07152536759932,13.1065153846154,13.5528486900153,-1.07152536759932
"1170","X172905.GOMWF","FALL",2024,12.1663401337793,12.3897588892646,-1.08862363554974,12.1663401337793,12.3897588892646,-1.08862363554974
"1171","X172905.SNEMA","SPRING",2009,1.25148907425629,1.15906076471712,-0.247442860633016,1.19254966211577,1.10421879286945,-0.236004165898325
"1172","X172905.SNEMA","SPRING",2010,0.855040331538585,0.987696944958146,-0.0992268942053612,0.814771842157426,0.940586138247491,-0.0947833602664544
"1173","X172905.SNEMA","SPRING",2011,0.774182022414476,0.952722745665536,0.0253363802997105,0.737721589615261,0.907607638494791,0.0253041438401807
"1174","X172905.SNEMA","SPRING",2012,1.42881432692676,0.961279136009714,-0.0813720538387768,1.36152370632181,0.9183340633135,-0.0731894398962433
"1175","X172905.SNEMA","SPRING",2013,0.587437558872432,0.797897888604487,-0.164322736127749,0.559771936294158,0.768739810593938,-0.149149867957765
"1176","X172905.SNEMA","SPRING",2014,0.698989756835734,0.725910827873252,0.0325580739403858,0.698989756835734,0.705399321743048,0.0309846870159479
"1177","X172905.SNEMA","SPRING",2015,0.466056262450712,0.878947223979296,0.277238446490631,0.444107143838086,0.845874905981696,0.256616406057246
"1178","X172905.SNEMA","SPRING",2016,1.69590197834091,1.15431841647057,0.143710905889037,1.61603275078831,1.10201171282478,0.132386862000268
"1179","X172905.SNEMA","SPRING",2018,0.706603402212482,0.758056814237933,-0.358907576716807,0.67332561337709,0.721766049728539,-0.34110163770195
"1180","X172905.SNEMA","SPRING",2019,0.307491425745836,0.438100804906175,-0.252196952463848,0.2930099858,0.418310754649498,-0.238438650453589
"1181","X172905.SNEMA","SPRING",2021,0.232828289011284,0.209301400177361,-0.0319382948670693,0.228555272467259,0.203070730786333,-0.030756628143563
"1182","X172905.SNEMA","SPRING",2022,0.207509096562858,0.187415969702646,-0.0153424841376242,0.197736367086578,0.180808024502275,-0.016728927092066
"1183","X172905.SNEMA","SPRING",2024,0.139149182246474,0.140783770112603,-0.0453293876734709,0.132595892113825,0.133963575075971,-0.0419560930042855
"1184","X172905.SNEMA","FALL",2009,1.99496368509833,2.2957476303819,1.2912219297701,1.90101001881382,2.18762841580696,1.23041128183948
"1185","X172905.SNEMA","FALL",2010,3.94829836751023,3.29835839061794,0.775068730565378,3.76235157059173,3.14302079433304,0.738566537867305
"1186","X172905.SNEMA","FALL",2011,2.07126542752355,3.96802337123944,0.625330370541015,1.9737182981107,3.78114761685085,0.595880169822956
"1187","X172905.SNEMA","FALL",2012,7.57952687784778,4.1744889433964,-0.647998554394066,7.22256582427314,3.97788960475884,-0.617480785881706
"1188","X172905.SNEMA","FALL",2013,1.15923117697298,2.76912652194566,-1.63002670084611,1.10463668988458,2.6387133264144,-1.55325989760548
"1189","X172905.SNEMA","FALL",2014,0.765448191869108,1.51926915173643,-0.797554017201405,0.729399082547395,1.44771852254712,-0.759992870331545
"1190","X172905.SNEMA","FALL",2015,1.60368247681665,1.09997450902206,-0.187213269119077,1.52815636605151,1.04817074000405,-0.178396380299378
"1191","X172905.SNEMA","FALL",2016,0.881812387526499,0.997982302012753,-0.0174534554933262,0.840283056741144,0.950981899518438,-0.0166314775569941
"1192","X172905.SNEMA","FALL",2018,1.42082860348272,1.0244561370996,-0.0930952182274449,1.35391407393201,0.976208938041717,-0.08871085918805
"1193","X172905.SNEMA","FALL",2019,0.522260486285936,0.889865878048322,-0.0959030184096913,0.497664405761452,0.847957264689273,-0.0913864248222265
"1194","X172905.SNEMA","FALL",2021,0.9347650095417,0.96426901505238,0.0656716981114803,0.890741852420122,0.91885635419772,0.0625788614574636
"1195","X172905.SNEMA","FALL",2022,1.22791450540767,0.959441395367886,-0.107744091430034,1.17008534764969,0.914256093322899,-0.102669837454405
"1196","X172905.SNEMA","FALL",2023,0.61549812680238,0.75109661307366,-0.274212538327503,0.586510979800009,0.715723397481178,-0.261298381789469
"1197","X172905.SNEMA","FALL",2024,0.467086724683612,0.480482188374709,-0.232283376239486,0.445089076012283,0.457853674623097,-0.221343891487125
"1198","X172909.CCGOM","SPRING",2009,8.08313937764184,8.90956687983453,1.52186240024986,8.08313937764184,8.90956687983453,1.52186240024986
"1199","X172909.CCGOM","SPRING",2010,11.7917299735386,9.29460942261153,-0.382291857354616,11.7917299735386,9.29460942261153,-0.382291857354616
"1200","X172909.CCGOM","SPRING",2011,6.20682344639564,8.88395407980783,-0.0695333709115194,6.20682344639564,8.88395407980783,-0.0695333709115194
"1201","X172909.CCGOM","SPRING",2012,9.78567429235827,9.24540418412871,0.512809625552247,9.78567429235827,9.24540418412871,0.512809625552247
"1202","X172909.CCGOM","SPRING",2013,10.4673997674605,9.46695761005825,-0.232694540546191,10.4673997674605,9.46695761005825,-0.232694540546191
"1203","X172909.CCGOM","SPRING",2014,8.73456274556972,8.79319900940524,-0.938646987537882,8.73456274556972,8.79319900940524,-0.938646987537882
"1204","X172909.CCGOM","SPRING",2015,6.5748119236629,7.91803838887224,-0.659475172860325,6.5748119236629,7.91803838887224,-0.659475172860325
"1205","X172909.CCGOM","SPRING",2016,9.08557152594018,7.34875560339901,-0.756782539039534,9.08557152594018,7.34875560339901,-0.756782539039534
"1206","X172909.CCGOM","SPRING",2018,4.45625234544142,6.19103296073828,0.707364903127373,4.45625234544142,6.19103296073828,0.707364903127373
"1207","X172909.CCGOM","SPRING",2019,8.75984330847566,7.8522361248251,2.37161407040257,8.75984330847566,7.8522361248251,2.37161407040257
"1208","X172909.CCGOM","SPRING",2021,10.8364973298051,14.0942180352049,3.68577762142038,10.8364973298051,14.0942180352049,3.68577762142038
"1209","X172909.CCGOM","SPRING",2022,22.0796309197338,17.4916302403698,2.63058314881729,22.0796309197338,17.4916302403698,2.63058314881729
"1210","X172909.CCGOM","SPRING",2024,12.5715822147382,13.9439166315064,-8.09215131804977,12.5715822147382,13.9439166315064,-8.09215131804977
"1211","X172909.CCGOM","FALL",2009,11.8301618955978,10.8572528759538,-3.24548168246044,11.8301618955978,10.8572528759538,-3.24548168246044
"1212","X172909.CCGOM","FALL",2010,7.26928344283837,8.17300310055244,-2.04800563715537,7.26928344283837,8.17300310055244,-2.04800563715537
"1213","X172909.CCGOM","FALL",2011,5.79945401331088,6.91126606401688,-0.400456204728845,5.79945401331088,6.91126606401688,-0.400456204728845
"1214","X172909.CCGOM","FALL",2012,7.03897121321466,7.13173740155461,0.526033359077253,7.03897121321466,7.13173740155461,0.526033359077253
"1215","X172909.CCGOM","FALL",2013,9.5287058375431,7.32455502408265,-0.463810351382836,9.5287058375431,7.32455502408265,-0.463810351382836
"1216","X172909.CCGOM","FALL",2014,5.88453784780691,6.18781725766886,-1.50255238520316,5.88453784780691,6.18781725766886,-1.50255238520316
"1217","X172909.CCGOM","FALL",2015,3.70940205276241,4.84746904847209,-0.957238034636194,3.70940205276241,4.84746904847209,-0.957238034636194
"1218","X172909.CCGOM","FALL",2016,4.90121533958784,4.38706200225209,-0.0707612425023538,4.90121533958784,4.38706200225209,-0.0707612425023538
"1219","X172909.CCGOM","FALL",2018,5.0571045625852,5.69820876791123,1.54332139545523,5.0571045625852,5.69820876791123,1.54332139545523
"1220","X172909.CCGOM","FALL",2019,7.61599807553524,7.62648638705501,2.17360936656119,7.61599807553524,7.62648638705501,2.17360936656119
"1221","X172909.CCGOM","FALL",2021,10.1451824552963,11.1621855275485,0.744915435325369,10.1451824552963,11.1621855275485,0.744915435325369
"1222","X172909.CCGOM","FALL",2022,15.730776762088,10.7147818854644,-2.01198756013913,15.730776762088,10.7147818854644,-2.01198756013913
"1223","X172909.CCGOM","FALL",2023,2.9562736027584,7.49648510384374,-3.69406646588326,2.9562736027584,7.49648510384374,-3.69406646588326
"1224","X172909.CCGOM","FALL",2024,5.83897137358672,4.78772802813551,-0.992908148314373,5.83897137358672,4.78772802813551,-0.992908148314373
"1225","X172909.GBK","SPRING",2009,10.1394403093712,11.2256542503487,0.483179861533833,8.95140261042251,9.88979488359864,0.408902976313154
"1226","X172909.GBK","SPRING",2010,13.0892713510388,10.4323888730938,-1.74347076672027,11.4632618107744,9.21093110687008,-1.49574597042664
"1227","X172909.GBK","SPRING",2011,5.59187690986841,8.39119241555528,-2.01268229903316,5.10768499856437,7.44007206143262,-1.77508756110466
"1228","X172909.GBK","SPRING",2012,8.96503948527683,6.38471847908016,-2.3488112191879,7.85136101220047,5.64363951464942,-2.10577856181669
"1229","X172909.GBK","SPRING",2013,2.35398478874635,3.76894466241674,-2.45881608363085,2.06156196233477,3.31391948948678,-2.1802559074661
"1230","X172909.GBK","SPRING",2014,1.61420865145801,1.87402833597095,-1.34799487561633,1.41368422218642,1.63908986576131,-1.18684675498327
"1231","X172909.GBK","SPRING",2015,1.13042167693864,0.950637016013637,-0.604127353113159,0.989995492628696,0.828769612543214,-0.527806703431502
"1232","X172909.GBK","SPRING",2016,0.700477943939971,0.514187748097721,-0.315017475550728,0.61346134927668,0.448390781523671,-0.274023684003633
"1233","X172909.GBK","SPRING",2018,0.0276644851606861,0.297596047857308,0.154776401674572,0.0242278754678014,0.260631267741857,0.135843254094825
"1234","X172909.GBK","SPRING",2019,0.724702082210863,0.536658854685991,0.247924178057388,0.634676253582074,0.47012491691527,0.217143391901221
"1235","X172909.GBK","SPRING",2021,0.952974867603191,0.692812445639227,-0.12849064429152,0.834591942778884,0.606790943747971,-0.112585924307443
"1236","X172909.GBK","SPRING",2022,0.220924110017478,0.482243191964506,-0.253082723963374,0.193479900104729,0.42233963285407,-0.221668335585458
"1237","X172909.GBK","SPRING",2024,0.320881191111345,0.280805532017755,0.209905620394824,0.281019852458828,0.245915205655728,0.183837355966717
"1238","X172909.GBK","FALL",2009,15.4064454297366,13.455216335828,-6.69070137441162,13.4925858589114,11.7834794403454,-5.85906870731657
"1239","X172909.GBK","FALL",2010,5.18323147399928,8.29310810118015,-3.77809598917066,4.5393466006482,7.26332393676484,-3.30788181556599
"1240","X172909.GBK","FALL",2011,5.6769948501401,5.60986256891337,-1.73297596964953,4.97177241729421,4.91443677777041,-1.51653201814436
"1241","X172909.GBK","FALL",2012,6.06176610247447,4.31709331383927,-1.21804449425388,5.31427429307984,3.7830682732426,-1.06675710242332
"1242","X172909.GBK","FALL",2013,2.1006807434371,3.01021656307195,-1.19378407085926,1.83972451155279,2.63768935669372,-1.04668183539247
"1243","X172909.GBK","FALL",2014,2.46043592257251,2.05388589806583,-0.796441469629406,2.15478924629708,1.79916212866835,-0.698233989729566
"1244","X172909.GBK","FALL",2015,1.12737774244276,1.38404044051013,-0.49897841830858,0.987329689687846,1.21207865119257,-0.437214322192716
"1245","X172909.GBK","FALL",2016,1.05380810281614,1.06924868507616,-0.161556496105305,0.922899209354249,0.936301276349231,-0.141491278456916
"1246","X172909.GBK","FALL",2018,1.17315755066998,0.954324147728004,-0.0938415253770638,1.0274225194017,0.835736309920002,-0.082135383576928
"1247","X172909.GBK","FALL",2019,0.727436498153672,0.799869037877532,-0.187255908378684,0.637070987789299,0.700502512160115,-0.163973328142342
"1248","X172909.GBK","FALL",2021,0.48232206263059,0.46331528049183,-0.120342794155148,0.422405795767111,0.405765754976311,-0.105397186327123
"1249","X172909.GBK","FALL",2022,0.248221480478863,0.392241803005235,-0.0109794138442756,0.217386265551093,0.343517739998395,-0.00961838976906398
"1250","X172909.GBK","FALL",2023,0.544222589111744,0.430114045571925,0.0646567447725354,0.476616753905886,0.376683377368072,0.0566236125786614
"1251","X172909.GBK","FALL",2024,0.46385665663561,0.477420984140066,0.00788997815862702,0.406234247505495,0.418112861296202,0.00690930334783985
"1252","X172909.SNEMA","SPRING",2009,1.46485928789367,1.55859318847746,0.230976608777729,1.46485928789367,1.55859318847746,0.230976608777729
"1253","X172909.SNEMA","SPRING",2010,1.85371090835237,1.70880143613234,0.0760838138131236,1.85371090835237,1.70880143613234,0.0760838138131236
"1254","X172909.SNEMA","SPRING",2011,1.61834025456356,1.72404867066586,-0.0389454174650062,1.61834025456356,1.72404867066586,-0.0389454174650062
"1255","X172909.SNEMA","SPRING",2012,1.71383567345412,1.62257850542308,-0.178970936080904,1.71383567345412,1.62257850542308,-0.178970936080904
"1256","X172909.SNEMA","SPRING",2013,1.34008947176727,1.36229171087386,-0.330441717587387,1.34008947176727,1.36229171087386,-0.330441717587387
"1257","X172909.SNEMA","SPRING",2014,1.10972724412627,0.977740920890982,-0.433774947165834,1.10972724412627,0.977740920890982,-0.433774947165834
"1258","X172909.SNEMA","SPRING",2015,0.38323804558722,0.546936696902603,-0.380523535663053,0.38323804558722,0.546936696902603,-0.380523535663053
"1259","X172909.SNEMA","SPRING",2016,0.236836707388016,0.25846045092303,-0.201972320085807,0.236836707388016,0.25846045092303,-0.201972320085807
"1260","X172909.SNEMA","SPRING",2018,0.110914909000249,0.0779563691902754,-0.0287326066356184,0.110914909000249,0.0779563691902754,-0.0287326066356184
"1261","X172909.SNEMA","SPRING",2019,0.0617195153803232,0.0530067926822138,-0.0230428108739925,0.0617195153803232,0.0530067926822138,-0.0230428108739925
"1262","X172909.SNEMA","SPRING",2021,0.00813773907468747,0.0142242841731946,-0.0121491432967068,0.00813773907468747,0.0142242841731946,-0.0121491432967068
"1263","X172909.SNEMA","SPRING",2022,0.00868278543529104,0.00669114467669313,-0.00371746454415232,0.00868278543529104,0.00669114467669313,-0.00371746454415232
"1264","X172909.SNEMA","SPRING",2024,0.00615259821205969,0.00491496922351135,-0.00126002630045404,0.00615259821205969,0.00491496922351135,-0.00126002630045404
"1265","X172909.SNEMA","FALL",2009,0.743928710925906,2.14155421631835,2.36574269275997,0.743928710925906,2.14155421631835,2.36574269275997
"1266","X172909.SNEMA","FALL",2010,6.09160995358004,3.20887767086418,0.0214509636409319,6.09160995358004,3.20887767086418,0.0214509636409319
"1267","X172909.SNEMA","FALL",2011,1.01908888532725,2.68954963821868,-0.807560281622688,1.01908888532725,2.68954963821868,-0.807560281622688
"1268","X172909.SNEMA","FALL",2012,2.31925256433414,1.83992568642275,-0.898065790474476,2.31925256433414,1.83992568642275,-0.898065790474476
"1269","X172909.SNEMA","FALL",2013,0.704154488082942,0.95918890972802,-0.7912587419514,0.704154488082942,0.95918890972802,-0.7912587419514
"1270","X172909.SNEMA","FALL",2014,0.201212116679132,0.344161704854088,-0.424191186425902,0.201212116679132,0.344161704854088,-0.424191186425902
"1271","X172909.SNEMA","FALL",2015,0.0588363015737335,0.0945221181914839,-0.1059768869546,0.0588363015737335,0.0945221181914839,-0.1059768869546
"1272","X172909.SNEMA","FALL",2016,0.206176518909733,0.0612636159079743,-0.000595532594040538,0.206176518909733,0.0612636159079743,-0.000595532594040538
"1273","X172909.SNEMA","FALL",2018,0.0338148520141041,0.0423411731352667,-0.0124077083866759,0.0338148520141041,0.0423411731352667,-0.0124077083866759
"1274","X172909.SNEMA","FALL",2019,0.0369530772518431,0.0304837488451112,-0.0122432134929493,0.0369530772518431,0.0304837488451112,-0.0122432134929493
"1275","X172909.SNEMA","FALL",2021,0.00524463083662785,0.00793180093159416,-0.00669776988016082,0.00524463083662784,0.00793180093159416,-0.00669776988016082
"1276","X172909.SNEMA","FALL",2022,0.00448100165022379,0.00552696978849651,0.0020864620225264,0.00448100165022379,0.00552696978849651,0.00208646202252641
"1277","X172909.SNEMA","FALL",2023,0.0077952612458596,0.0118890090835067,0.010223546245793,0.0077952612458596,0.0118890090835067,0.010223546245793
"1278","X172909.SNEMA","FALL",2024,0.0298138215146443,0.0251459216366803,0.015876208538853,0.0298138215146443,0.0251459216366803,0.015876208538853
"1279","X172933.UNIT","SPRING",2009,0.0368183221860689,0.0241578434077509,0.131443579284908,0.0351837896585478,0.0230853670291377,0.125608201866317
"1280","X172933.UNIT","SPRING",2010,0.163248553868402,0.157794819372369,0.141313451257314,0.156001209189843,0.150789590735524,0.135039905399113
"1281","X172933.UNIT","SPRING",2011,0.0787262765554523,0.317750903148352,0.184081794907637,0.0752312596138818,0.30364449753268,0.175909568047858
"1282","X172933.UNIT","SPRING",2012,0.911205215112075,0.460128997141754,0.0293619024202947,0.870752677491795,0.439701781341888,0.0280583942285491
"1283","X172933.UNIT","SPRING",2013,0.215111317701339,0.379539169715559,-0.116164604887193,0.205561549408155,0.362689702343492,-0.111007530529617
"1284","X172933.UNIT","SPRING",2014,0.187280058878215,0.323437492643879,0.0252220036348499,0.178965846556277,0.309078633495584,0.0241022843510086
"1285","X172933.UNIT","SPRING",2015,0.428056853200427,0.428467313636819,0.162061022111572,0.409053465521638,0.409445703755205,0.154866397360721
"1286","X172933.UNIT","SPRING",2016,0.675731455837035,0.601926068296382,0.161999634876371,0.645732667764808,0.575203836554773,0.154807735383673
"1287","X172933.UNIT","SPRING",2018,0.716375271149675,0.795874276041698,0.0355549860939806,0.684572119537053,0.760541802567399,0.0339765387928663
"1288","X172933.UNIT","SPRING",2019,0.963941870387586,0.778348121023264,-0.0947820849664436,0.921148113142879,0.743793713163015,-0.090574277774117
"1289","X172933.UNIT","SPRING",2021,0.263982939090314,0.457735386785797,-0.0884934938561061,0.252263537579482,0.437414434219905,-0.0845648657819966
"1290","X172933.UNIT","SPRING",2022,0.526102220844954,0.455121998606483,0.064571808835498,0.50274615403598,0.434917066210238,0.0617051729967137
"1291","X172933.UNIT","SPRING",2024,0.642369535401531,0.628667500392969,0.034194058303068,0.613851834486314,0.600758095037814,0.0326760287670704
"1292","X172933.UNIT","FALL",2009,0.127688900939986,0.160926019076811,0.108392347432036,0.122020210744515,0.153781782265143,0.103580318879605
"1293","X172933.UNIT","FALL",2010,0.286257496473693,0.204438181590652,-0.00464262340190228,0.273549226203571,0.195362242280098,-0.00443651626521353
"1294","X172933.UNIT","FALL",2011,0.120820900618623,0.18509157027791,-0.0173252002211297,0.11545711214756,0.176874514903679,-0.0165560559031422
"1295","X172933.UNIT","FALL",2012,0.255315914477384,0.180603896344816,0.0024405685489137,0.243981281549298,0.17258606919667,0.0023322206274986
"1296","X172933.UNIT","FALL",2013,0.0680051418012372,0.214948382163206,0.0971333616813634,0.064986084720063,0.20540584731851,0.0928211706376407
"1297","X172933.UNIT","FALL",2014,0.374562340574034,0.358938530952123,0.144029888547554,0.357933817249189,0.343003619489919,0.137635747701687
"1298","X172933.UNIT","FALL",2015,0.619354474400028,0.417508714106519,-0.0655719200416384,0.591858516562611,0.398973606225128,-0.0626608847245365
"1299","X172933.UNIT","FALL",2016,0.123051758204788,0.258342165083234,-0.183531305987668,0.117588931834322,0.246873183147426,-0.175383517831021
"1300","X172933.UNIT","FALL",2021,0.0848350544881727,0.0803805949250284,0.035960094616,0.0810688411519384,0.0768121352781581,0.0343636627078444
"1301","X172933.UNIT","FALL",2022,0.10652943910753,0.114187148808813,0.0304663073515041,0.101800113515781,0.109117862706919,0.0291137696093488
"1302","X172933.UNIT","FALL",2023,0.15743100747168,0.137569154940313,0.0137403560238381,0.150441930097311,0.131461835399864,0.0131303592198779
"1303","X172933.UNIT","FALL",2024,0.125635092793444,0.136553163081175,-0.0183296886297717,0.120057580468705,0.13049094803335,-0.0175159505095692
"1304","X564130.GBGOM","SPRING",2009,6.54482240457681,5.82754720965919,-0.185281159062995,6.28068830187066,5.60362839810463,-0.163318974401164
"1305","X564130.GBGOM","SPRING",2010,5.19758541913242,6.235669699977,0.968734867165948,5.02332068005436,5.99896799296325,0.924125076526797
"1306","X564130.GBGOM","SPRING",2011,6.60403115607255,7.69943439892577,1.92600325819893,6.33941892666214,7.39213237597502,1.83233060190514
"1307","X564130.GBGOM","SPRING",2012,12.2837385346862,9.57807476914939,1.35446730755549,11.7633394027173,9.17907233729672,1.28686554885303
"1308","X564130.GBGOM","SPRING",2013,8.00676821117363,10.3534732950685,0.618244200007345,7.66922446821332,9.91452849193842,0.587395550572934
"1309","X564130.GBGOM","SPRING",2014,11.1724312955155,10.8933820274918,0.118477667442315,10.6927271614165,10.4287174670511,0.112487638118521
"1310","X564130.GBGOM","SPRING",2015,13.0901085290843,9.9959782932611,-2.16463987519885,12.5372329586551,9.56929364382488,-2.07305064738766
"1311","X564130.GBGOM","SPRING",2016,4.80663344319536,7.06188253176111,-2.95441665383891,4.59760812467518,6.758893783598,-2.82975609892732
"1312","X564130.GBGOM","SPRING",2018,3.07369631640877,4.21837364785806,0.185941778576693,2.94275523741889,4.03806132322258,0.180990036414849
"1313","X564130.GBGOM","SPRING",2019,6.38524628638258,4.90334489396539,0.841665066584068,6.11590423574376,4.69847716522243,0.812531120937085
"1314","X564130.GBGOM","SPRING",2021,5.49401215165313,6.76680774979442,1.48314780372973,5.26990567926203,6.50262120314914,1.43154431043693
"1315","X564130.GBGOM","SPRING",2022,9.61900870272247,8.59833038848879,2.02188911347366,9.26405101676786,8.26547083208567,1.94075842347532
"1316","X564130.GBGOM","SPRING",2024,11.361690647126,11.5074741923292,0.255221249625382,10.8715533906363,11.0178645696615,0.198049218257212
"1317","X564130.GBGOM","FALL",2009,16.5682301972462,15.1648610415733,-1.4770365281604,15.8545712964269,14.5123214623861,-1.41450550300835
"1318","X564130.GBGOM","FALL",2010,11.6032632405442,15.2140532203699,1.1589743717811,11.1050286932957,14.5571296218981,1.10613805871204
"1319","X564130.GBGOM","FALL",2011,18.9920453401417,16.6499167571904,1.29630618788725,18.1661412279418,15.9286300531695,1.23887904051059
"1320","X564130.GBGOM","FALL",2012,17.9211533785468,17.3701084778797,0.12396664919911,17.1450215969666,16.617352092839,0.119013192068363
"1321","X564130.GBGOM","FALL",2013,16.534134070614,17.0912531119956,-0.468163720268016,15.8181804508404,16.3511523925535,-0.44736479063208
"1322","X564130.GBGOM","FALL",2014,14.37295427492,16.680153296168,-0.321177313262073,13.7529849443713,15.9579052848649,-0.307894453462298
"1323","X564130.GBGOM","FALL",2015,20.3618391417003,15.8547481869507,-1.95664180181838,19.4763670201937,15.1672200394298,-1.87285445488976
"1324","X564130.GBGOM","FALL",2016,11.0462426283631,12.8109666480819,-3.4598154237226,10.5681743203754,12.2545433537485,-3.31077352032774
"1325","X564130.GBGOM","FALL",2018,7.01979800874641,8.21213619331828,-0.488758769385851,6.71023776105735,7.85361613571787,-0.467100909387846
"1326","X564130.GBGOM","FALL",2019,8.97042596387259,8.77280804870193,1.42907674509707,8.58226438750858,8.39100522786126,1.36816135123458
"1327","X564130.GBGOM","FALL",2021,12.3838120142027,13.3837235523712,2.68346145599514,11.8452791135033,12.8027629052475,2.56720478030793
"1328","X564130.GBGOM","FALL",2022,17.8882771778305,15.5977618478109,1.33537877353704,17.1132110053999,14.9207813647938,1.27717862013744
"1329","X564130.GBGOM","FALL",2023,15.658949143942,15.8797204291208,-0.536985919894671,14.9779908659319,15.1899139500444,-0.514466126466957
"1330","X564130.GBGOM","FALL",2024,14.353827620929,14.9927413900668,-1.00249646719054,13.7296249589398,14.3407437581983,-0.959426934056017
"1331","X564130.SNEMA","SPRING",2009,32.5504796637051,39.2711955904429,11.859183837628,31.2816884733597,37.7124789024511,11.334723532316
"1332","X564130.SNEMA","SPRING",2010,58.021714516296,44.114273257178,-0.799883948417613,55.6353871174336,42.3368989219746,-0.774269530680514
"1333","X564130.SNEMA","SPRING",2011,34.386196761403,40.417716805088,-5.22008440002207,33.0203800345873,38.7871677662668,-5.01357881814681
"1334","X564130.SNEMA","SPRING",2012,32.8268030330009,35.675249469076,-3.63684981580007,31.4790114177739,34.2206583016016,-3.52013705785119
"1335","X564130.SNEMA","SPRING",2013,33.1211506540117,33.1564682262328,-2.01626207334354,31.8889594650423,31.7506030281248,-2.01556716487431
"1336","X564130.SNEMA","SPRING",2014,34.0570077416806,30.4865684423875,-3.86414497089143,32.2478576853013,29.125652146082,-3.70261274921054
"1337","X564130.SNEMA","SPRING",2015,26.5699408577568,25.4784725402243,-5.56114510111609,25.5953485613967,24.3963799600752,-5.2366510424325
"1338","X564130.SNEMA","SPRING",2016,16.2239051021938,20.9033057807778,-2.64106260947324,15.5970410255791,20.0828648637478,-2.4791449280619
"1339","X564130.SNEMA","SPRING",2018,23.1693964797027,22.6497326786379,2.13730564918261,22.3154129008306,21.8086789824668,2.05580225335098
"1340","X564130.SNEMA","SPRING",2019,25.8812890723548,23.878758900278,-0.0944868044956433,24.9259877162258,22.9952233648405,-0.0738405598617621
"1341","X564130.SNEMA","SPRING",2021,19.8643566781841,18.9898676622777,-3.66686999855091,19.0712684801165,18.4458150274243,-3.37340735941375
"1342","X564130.SNEMA","SPRING",2022,13.1379206743112,15.518086058257,-3.03415984266179,13.2428507083285,15.2766825644808,-2.76231128372044
"1343","X564130.SNEMA","SPRING",2024,14.8401879965703,14.1106538203132,2.59686107203278,14.4478103505261,13.8099001069651,2.10571395721574
"1344","X564130.SNEMA","FALL",2009,24.5660102990398,26.8967367678125,3.94817499220405,23.5643139439009,25.8189370376026,3.85671812133479
"1345","X564130.SNEMA","FALL",2010,33.8299431333743,28.5250822769692,-0.157195545934434,32.5537459919135,27.4358415252993,-0.109191019928322
"1346","X564130.SNEMA","FALL",2011,21.6393023184118,27.6509225318559,-1.05683551633596,20.8525505229312,26.6279912497717,-0.992791405114031
"1347","X564130.SNEMA","FALL",2012,34.0824697904827,26.1565286427342,-2.72112329142682,32.7893582851856,25.2078881065367,-2.60350361590341
"1348","X564130.SNEMA","FALL",2013,14.7126537890713,22.80575481532,-2.59417446756457,14.3048289284215,21.9887785717157,-2.5108321654403
"1349","X564130.SNEMA","FALL",2014,27.1543758330542,21.4366771376147,-1.06173335367329,26.060834372051,20.6469185859125,-1.03607628420791
"1350","X564130.SNEMA","FALL",2015,17.195592112316,20.4874244647836,-0.113883169351478,16.5262231910044,19.7435820954624,-0.0804521264880043
"1351","X564130.SNEMA","FALL",2016,20.4321894940001,21.7077720923594,2.33055089531325,19.8296713191814,20.9407787137282,2.23946517360679
"1352","X564130.SNEMA","FALL",2018,30.6454051742697,25.1733887835111,-1.23502823099414,29.3781282146795,24.1958864944135,-1.21004540804223
"1353","X564130.SNEMA","FALL",2019,19.3021632653061,22.256295060459,-3.61225940546669,18.5864974432579,21.3935467244789,-3.45528483696653
"1354","X564130.SNEMA","FALL",2021,13.2088109100533,17.248362000917,-0.870849032837153,12.7275870838802,16.6390284827078,-0.79401614438056
"1355","X564130.SNEMA","FALL",2022,21.9458114039274,16.448305443321,-1.7374426661996,21.2168185452686,15.9115469252504,-1.63864250207557
"1356","X564130.SNEMA","FALL",2023,11.6997741696229,13.2266818498996,-4.24442075541657,11.3942973789553,12.8275716485858,-4.08578434968328
"1357","X564130.SNEMA","FALL",2024,8.4876616375686,8.88223146294119,-3.98309625327355,8.22046656985917,8.62702562902469,-3.87178398786848
"1358","X564130.UNIT","SPRING",2009,18.4754320943408,21.2176552441515,5.36934367515234,18.3725046608207,21.12672153034,5.38310101773131
"1359","X564130.UNIT","SPRING",2010,29.5108472135208,23.6643953251251,0.128230484121441,29.4537019629614,23.5705658197073,0.114157088066109
"1360","X564130.UNIT","SPRING",2011,19.3433610909424,22.6823042070475,-1.48831872295012,19.2203852358189,22.5741747605979,-1.49736967922212
"1361","X564130.UNIT","SPRING",2012,21.4808919687788,21.3229925168749,-1.19916401707146,21.3600580814498,21.2203903974707,-1.17520463788757
"1362","X564130.UNIT","SPRING",2013,19.4436044158188,20.261616594564,-0.977088046214524,19.3421019545194,20.2023682497131,-0.917231301882181
"1363","X564130.UNIT","SPRING",2014,19.9301125556302,19.0337094647564,-1.76033295442591,20.0510865490058,19.0316072009447,-1.72221974416179
"1364","X564130.UNIT","SPRING",2015,19.0017179597331,16.457885299341,-3.39277402175073,18.8808374728448,16.4819427530276,-3.35516621152697
"1365","X564130.UNIT","SPRING",2016,9.76573400097655,13.0697565405863,-2.56042973108152,9.9237970470463,13.142840904196,-2.52341429997636
"1366","X564130.UNIT","SPRING",2018,12.2228254683014,12.5931763836941,1.10448364212409,12.2785332389977,12.6307337496082,1.04804639804057
"1367","X564130.UNIT","SPRING",2019,15.2376779841445,13.5102809053728,0.360642386535309,15.180629314157,13.4900747942734,0.311510723921193
"1368","X564130.UNIT","SPRING",2021,11.7988482404545,12.1316695847236,-0.938111454361941,11.7370747070136,12.070723956811,-0.93813712781065
"1369","X564130.UNIT","SPRING",2022,10.966312464613,11.4913817354867,-0.320808868379303,10.9171913407213,11.4349858354158,-0.313071470811181
"1370","X564130.UNIT","SPRING",2024,12.6470027754171,12.3875444309481,1.30359306677055,12.601949612903,12.3427212261539,1.30187743822408
"1371","X564130.UNIT","FALL",2009,19.5962953254832,19.9595123462283,1.10312454490707,19.6994579879547,20.0888568810184,1.11747023658894
"1372","X564130.UNIT","FALL",2010,21.3749240741449,20.7700115680222,0.550703087113264,21.5470368615777,20.8899445515586,0.521850800598896
"1373","X564130.UNIT","FALL",2011,19.5378739500278,21.12657689732,0.195256759914835,19.6184927414274,21.2068498744307,0.14910554125256
"1374","X564130.UNIT","FALL",2012,24.8122648238933,20.8148562051326,-1.19719621544136,24.7883345496786,20.855250675398,-1.22235459409108
"1375","X564130.UNIT","FALL",2013,15.0385484102072,19.1152127114983,-1.44056445561432,15.1277515045366,19.142437280508,-1.45292494665648
"1376","X564130.UNIT","FALL",2014,19.8109390618557,18.2847409072029,-0.630891855890413,19.7902747857985,18.2962154709309,-0.643051232684353
"1377","X564130.UNIT","FALL",2015,18.1958928188495,17.4715259257406,-0.966928478097158,18.2047409463707,17.4790484490271,-0.965036617048669
"1378","X564130.UNIT","FALL",2016,14.9918520737392,16.6172625956809,-0.503829166287125,15.0255733056743,16.6281956341131,-0.500861809574164
"1379","X564130.UNIT","FALL",2018,18.4485920544992,16.1138582017425,-0.923854617348936,18.4349116327794,16.1579532090936,-0.875236435470834
"1380","X564130.UNIT","FALL",2019,13.2816287734654,14.8347772157403,-1.19131781826997,13.4398541495639,14.9406582293231,-1.12842654687672
"1381","X564130.UNIT","FALL",2021,12.2272652015172,14.5195243524498,0.848250933368678,12.3492539871097,14.7318051875128,0.903982710863191
"1382","X564130.UNIT","FALL",2022,18.7993448093231,15.2027012651846,-0.136002800234565,19.1618198742792,15.4549425449498,-0.134962568197795
"1383","X564130.UNIT","FALL",2023,13.0833640609838,13.913511581272,-2.12227804596376,13.2943328864989,14.114140255476,-2.21712723418252
"1384","X564130.UNIT","FALL",2024,11.1436285517362,11.5983422165107,-2.18796216193188,11.1841806598102,11.6797176297197,-2.32220324076257
"1385","X564136.GBGOM","SPRING",2009,0.00362649998525813,0.00341582673929389,-0.00686490225975676,0.0066700978594997,0.00644023215294726,-0.00454554145218488
"1386","X564136.GBGOM","SPRING",2012,4.35179998230976e-05,0.00217394121473322,0.00227638888892787,0.00391399456649464,0.00509652957073725,0.00207885319724837
"1387","X564136.GBGOM","SPRING",2013,0.00925833849298778,0.00367574048590448,0.000309366354771484,0.009436449608468,0.007319462327997,0.00219246936910855
"1388","X564136.GBGOM","SPRING",2014,0.00222240076264607,0.00408770145066663,0.0022274263997864,0.0114840520037226,0.00981618068145971,0.00331022265848479
"1389","X564136.GBGOM","SPRING",2015,0.000396497331721556,0.0107960495403279,0.0121418552093533,0.00504087819735469,0.0159098031535379,0.0103376624735748
"1390","X564136.GBGOM","SPRING",2016,0.0344204459907028,0.0249451454951322,0.0117774848961974,0.0370985156565799,0.0278658056299838,0.00948800229278823
"1391","X564136.GBGOM","SPRING",2018,0.0302873190435475,0.0250095350149571,-0.00995745978732765,0.0289702191263149,0.0254349448656203,-0.00951361499174853
"1392","X564136.GBGOM","SPRING",2019,0.00647451130701418,0.0141184340002573,-0.00864137399034626,0.00975945458134747,0.0154476588393955,-0.00798815982309556
"1393","X564136.GBGOM","SPRING",2021,0.0100330217884837,0.011748426389605,0.00286154601255599,0.00959671733551426,0.0125747035107991,0.0027230397718272
"1394","X564136.GBGOM","SPRING",2022,0.0187474324576663,0.0141763836063279,0.00124241489968459,0.0206783844252047,0.0152289645303938,0.00163302715840292
"1395","X564136.GBGOM","SPRING",2024,0.00153280066043577,0.00289560188308125,-0.0155310107077521,0.00146614399729265,0.00298062209492191,-0.0176911900297117
"1396","X564136.GBGOM","FALL",2009,0.00626332910733064,0.0079498354486802,0.00516611811736045,0.00599095669176608,0.00745978603166307,0.00938003117472142
"1397","X564136.GBGOM","FALL",2010,0.0136508267540593,0.0121695787996626,0.0031239359958845,0.0168652120659698,0.0162140498241569,0.00785306894514181
"1398","X564136.GBGOM","FALL",2011,0.0166770645988737,0.0138988422630094,0.000185158342089271,0.0278637534429435,0.0226150689916978,0.00467354192481566
"1399","X564136.GBGOM","FALL",2012,0.0138257510982693,0.0131564891478782,-0.000903838319594679,0.0162723286048676,0.0265739013197294,0.00453231784231293
"1400","X564136.GBGOM","FALL",2013,0.00383037218307437,0.0137855355514788,0.00309027480169749,0.0378344209744588,0.0312724434022855,0.00316930993769561
"1401","X564136.GBGOM","FALL",2014,0.0302801603915441,0.0183315715550278,0.00406798633425351,0.0395320567415889,0.0314171343834771,-0.00267985840185213
"1402","X564136.GBGOM","FALL",2015,0.0101876620377195,0.021496973611759,0.00377209404212922,0.0109155202722393,0.0286518456998919,-0.000311669437468006
"1403","X564136.GBGOM","FALL",2016,0.0356518048962664,0.0256333123379802,0.00274885984608664,0.0430114667644322,0.030757517937037,0.0019476868124039
"1404","X564136.GBGOM","FALL",2018,0.0190686147316155,0.0276812527576892,0.00385259582611217,0.0252713949483352,0.0313945799765165,0.00252684448260274
"1405","X564136.GBGOM","FALL",2019,0.038596974968305,0.0338697228171666,0.00716914809183407,0.0381469753800164,0.0361279521871225,0.00612353630741739
"1406","X564136.GBGOM","FALL",2021,0.048943526844945,0.0469701433846644,0.00606137100488225,0.0540384368801527,0.0489926925717136,0.00590243703081266
"1407","X564136.GBGOM","FALL",2022,0.0455651738066456,0.0532937661518471,0.00702749666660784,0.0445515665980428,0.0552973553760922,0.00779346445543252
"1408","X564136.GBGOM","FALL",2023,0.0700551008975693,0.0604096368121443,0.00614712261112611,0.0739428454593434,0.064378001844034,0.00907963296441842
"1409","X564136.GBGOM","FALL",2024,0.0595240656111488,0.0634737672883786,-0.00107598370151773,0.0677956249941247,0.0708802302728639,0.00263662837720881
"1410","X564136.SNEMA","SPRING",2009,0.0507010029099421,0.0539444700722486,0.0194248925867474,0.052275383793886,0.0545212220003954,0.0159636377696282
"1411","X564136.SNEMA","SPRING",2010,0.0769604423884838,0.0698416290215554,0.0131358600145289,0.0736074480324181,0.0677023151687008,0.0111780509666416
"1412","X564136.SNEMA","SPRING",2011,0.0847181153999716,0.0817490595066318,0.0114454356582867,0.0810271365805056,0.0784363287329968,0.0110694785616095
"1413","X564136.SNEMA","SPRING",2012,0.0717213959116365,0.095841865484239,0.0190831067403749,0.0686420048954845,0.0927493814819988,0.0196852337268143
"1414","X564136.SNEMA","SPRING",2013,0.130014027648388,0.116638279927128,0.016889798641701,0.132130375559447,0.114133516935232,0.0172811511378389
"1415","X564136.SNEMA","SPRING",2014,0.138046496853824,0.122751055568849,-0.00591473105334898,0.133114208953326,0.12156379577853,-0.0023665953885773
"1416","X564136.SNEMA","SPRING",2015,0.118832488997398,0.10723574932413,-0.0214384662372979,0.114068410298952,0.113227046790468,-0.0105341800178208
"1417","X564136.SNEMA","SPRING",2016,0.0527376629866398,0.0909985390042383,-0.00358895369129125,0.082997799421691,0.108335188560221,0.00481749380493503
"1418","X564136.SNEMA","SPRING",2018,0.13056563975714,0.124543783461767,0.0173052593892861,0.149145322149507,0.139767439929757,0.00996062487885282
"1419","X564136.SNEMA","SPRING",2019,0.156954797318073,0.129410092925293,-0.0103634395884883,0.156863670559937,0.137636940688892,-0.0151079307344686
"1420","X564136.SNEMA","SPRING",2021,0.0404899483788643,0.0813123142780578,-0.01537869243734,0.0498712787008479,0.0899070180862468,-0.0136515447000514
"1421","X564136.SNEMA","SPRING",2022,0.102265800226094,0.0772269603187855,0.00298840124302079,0.114429248837213,0.0864356136241174,0.00229694412901633
"1422","X564136.SNEMA","SPRING",2024,0.0583497644211721,0.060863784304704,-0.0362299103602007,0.0574049164797575,0.0611613964854159,-0.0452183278548235
"1423","X564136.SNEMA","FALL",2009,0.233175741805605,0.202033667256876,-0.0714418387815915,0.229543767474729,0.200565914864818,-0.0642058554441914
"1424","X564136.SNEMA","FALL",2010,0.108080257601879,0.15376020011741,-0.026513435412798,0.114166907514944,0.158479788692882,-0.0216878713968305
"1425","X564136.SNEMA","FALL",2011,0.156590720794727,0.146190116600366,0.00996492846325432,0.167147465131012,0.153747223076855,0.0105012656676249
"1426","X564136.SNEMA","FALL",2012,0.136095774878425,0.170343095098891,0.036402406504223,0.144574104408716,0.17647956504402,0.0336821377797452
"1427","X564136.SNEMA","FALL",2013,0.255145037164855,0.206188851339621,0.0244216497376163,0.247575604364092,0.210267036027909,0.0243296220665561
"1428","X564136.SNEMA","FALL",2014,0.225303785323439,0.21131381145519,-0.0111768563857913,0.24381127395254,0.216524004889698,-0.0108673065089359
"1429","X564136.SNEMA","FALL",2015,0.165664309960548,0.193924648919527,-0.0165068314547329,0.161375230838333,0.19836108908836,-0.0165782368494578
"1430","X564136.SNEMA","FALL",2016,0.185429611187853,0.184329707019875,-0.00374813110122114,0.194707255148964,0.190452220215259,-0.00103510011655154
"1431","X564136.SNEMA","FALL",2018,0.199547677942326,0.189909302685474,0.00630219161728048,0.207729283804959,0.204090926800202,0.0123719210370291
"1432","X564136.SNEMA","FALL",2019,0.182966588497328,0.198553931047545,0.0130860725341813,0.210884104013683,0.218626620512166,0.017237898021789
"1433","X564136.SNEMA","FALL",2021,0.226788224271044,0.230257251216075,0.00830193198557195,0.249938692762262,0.251265224364832,0.00800083784599401
"1434","X564136.SNEMA","FALL",2022,0.285961268393123,0.227235446440489,-0.016736756424168,0.296040013635958,0.250184017310933,-0.0113861308210743
"1435","X564136.SNEMA","FALL",2023,0.131848633107392,0.203512635335284,-0.021588753931274,0.173751808154361,0.234661334816575,-0.0122679832064665
"1436","X564136.SNEMA","FALL",2024,0.227253195891954,0.202298162287877,0.0282799196914277,0.262890007320305,0.240430552820348,0.0311976701751857
"1437","X564136.UNIT","SPRING",2009,0.0919837299698556,0.105541564356895,0.0619206680440015,0.108645526447106,0.115497786904551,0.0460903575533797
"1438","X564136.UNIT","SPRING",2010,0.179225010505305,0.154451746945855,0.0378328676304275,0.169174760771481,0.154135345887188,0.0328039473836047
"1439","X564136.UNIT","SPRING",2011,0.195591688802845,0.18507364061077,0.0253440901959125,0.196131951084762,0.184344055615178,0.0292326590440822
"1440","X564136.UNIT","SPRING",2012,0.144441144027734,0.214552346771344,0.0410925710623918,0.155831102186524,0.220952518657081,0.0507169347497434
"1441","X564136.UNIT","SPRING",2013,0.306263446790629,0.258977266603862,0.0319965035337981,0.299465615548614,0.277842036595702,0.0483935448985175
"1442","X564136.UNIT","SPRING",2014,0.292294682752458,0.262465980049469,-0.0253376853632109,0.365351736872007,0.295488860935719,-0.0206820875079
"1443","X564136.UNIT","SPRING",2015,0.235973944216829,0.217257954858103,-0.055803697318232,0.255070675293768,0.243862540549071,-0.067603683006809
"1444","X564136.UNIT","SPRING",2016,0.0993310957033302,0.17549908027137,-0.0123482246981584,0.0952710297982052,0.193882736989308,-0.0137215523040962
"1445","X564136.UNIT","SPRING",2018,0.244425764260952,0.255356973967352,0.0549303358489874,0.30227411869701,0.279450993435044,0.0460102431482167
"1446","X564136.UNIT","SPRING",2019,0.368747351537526,0.286672592948974,-0.00477661798103185,0.353962619791335,0.294962182777947,-0.0204601929295891
"1447","X564136.UNIT","SPRING",2021,0.105915217721135,0.188116557890007,-0.0411413025105044,0.0991122469262004,0.188103565259182,-0.0364801189396245
"1448","X564136.UNIT","SPRING",2022,0.212440705056053,0.169728664339379,-0.00326849042407974,0.229514645885128,0.176008750702378,0.00324204647418176
"1449","X564136.UNIT","SPRING",2024,0.129121814266204,0.132061225997476,-0.0649349712511362,0.129984312558877,0.13525896755267,-0.0801856030312285
"1450","X564136.UNIT","FALL",2009,0.565030229015653,0.488725410524991,-0.196492693212144,0.539828028162031,0.464891944291995,-0.1877729339176
"1451","X564136.UNIT","FALL",2010,0.243695959396995,0.346016661425982,-0.0901914135354653,0.230030426644851,0.329677966235296,-0.083708410589405
"1452","X564136.UNIT","FALL",2011,0.300609679137965,0.305809366354875,0.00851021484365833,0.29273977745196,0.295368346325971,0.0140357823771484
"1453","X564136.UNIT","FALL",2012,0.322854570558132,0.351099838880519,0.0714000865244431,0.306917314407542,0.347186561388266,0.0800910665397215
"1454","X564136.UNIT","FALL",2013,0.493229201746882,0.421242351630358,0.0521883948850178,0.500576666808327,0.426983242820687,0.0604446409481131
"1455","X564136.UNIT","FALL",2014,0.46404235213783,0.442272376530567,-0.00663605311437182,0.493732450790818,0.450627555470812,-0.0115466480845351
"1456","X564136.UNIT","FALL",2015,0.39768234358351,0.421380474445569,-0.0252298139818962,0.38044368620868,0.419681171915832,-0.0361642613245374
"1457","X564136.UNIT","FALL",2016,0.38575760584095,0.404787192620867,-0.00490024268714259,0.374807231394715,0.395324054496242,-0.00970680954102676
"1458","X564136.UNIT","FALL",2018,0.447845887173022,0.434435958689885,0.0247745422419607,0.443716421240518,0.421163556315226,0.0231859281061696
"1459","X564136.UNIT","FALL",2019,0.439300105053052,0.460858270821113,0.0296300055631369,0.420348574545094,0.44687761411301,0.0318174202095936
"1460","X564136.UNIT","FALL",2021,0.515087677277025,0.499301675963969,-0.0111301373610908,0.490402446824334,0.51350686960907,0.0169518525608907
"1461","X564136.UNIT","FALL",2022,0.544350812660394,0.464725198406332,-0.0563214695140636,0.646984023572243,0.504751784708455,-0.043057580867268
"1462","X564136.UNIT","FALL",2023,0.274416083622229,0.403272588750183,-0.0516712462240112,0.286957875948237,0.439659082574773,-0.0662648901947086
"1463","X564136.UNIT","FALL",2024,0.441232570948329,0.391207713106756,0.0424539985113809,0.462162696996097,0.413947870729812,0.0357053997101738
"1464","X564139.GBGOM","SPRING",2009,2.55590973857283,2.57740260054474,0.0797806288875997,2.68414973922487,2.76497913157581,0.611997977935774
"1465","X564139.GBGOM","SPRING",2010,2.48701682296559,2.73745458623124,0.169526425097089,2.86663859437257,3.60959665578658,0.861690362181353
"1466","X564139.GBGOM","SPRING",2011,3.47820771575429,2.77486161596231,-0.165509283023244,5.97937846795561,4.05726643932969,-0.181897503399559
"1467","X564139.GBGOM","SPRING",2012,1.97541565829937,2.47051497276427,-0.308308133405028,2.37189883760229,3.3717033443468,-0.847780282902461
"1468","X564139.GBGOM","SPRING",2013,2.34766214111422,2.27376779879523,-0.104539634857882,2.45218657247819,2.73865195583191,-0.382824815483942
"1469","X564139.GBGOM","SPRING",2014,2.54972466008716,2.24503521668712,0.0500274046051157,2.9715873956638,2.57979787646125,0.00336314118157843
"1470","X564139.GBGOM","SPRING",2015,1.87600287515602,2.47872927942816,0.519314458336208,2.46783794006223,2.74986049833441,0.40299787826514
"1471","X564139.GBGOM","SPRING",2016,3.31022907433693,3.2922906065208,1.0144809315511,3.21708537130072,3.42639392591294,0.924433494112912
"1472","X564139.GBGOM","SPRING",2018,5.69553328388106,5.05686778504992,0.402719224370473,5.92203556377959,5.42454546213115,0.703831148590712
"1473","X564139.GBGOM","SPRING",2019,4.74189896161077,5.16159988404541,-0.0777689580036614,5.59954524702574,5.85943443920458,0.229570390555365
"1474","X564139.GBGOM","SPRING",2021,5.07331151584457,4.65527335657238,-0.469921897955574,6.16516679403162,5.67876544098606,-0.446754275400793
"1475","X564139.GBGOM","SPRING",2022,3.64743974067647,4.11748527599571,-0.544458964466219,4.57356436592094,5.11094024995237,-0.613499690840272
"1476","X564139.GBGOM","SPRING",2024,3.83915818658153,3.73622739628353,0.407982279680197,4.70686038939674,4.60599985896136,0.410144963154556
"1477","X564139.GBGOM","FALL",2009,5.45407080268014,5.33286129877815,-0.118486731465313,5.22096884893827,5.10256245811744,-0.114895449775828
"1478","X564139.GBGOM","FALL",2010,5.27812287643733,5.23634494739156,-0.0300984042065702,5.04629260112283,5.01077325729573,-0.0264667499107083
"1479","X564139.GBGOM","FALL",2011,4.95524172674564,5.36155962456763,0.324975325660019,4.74247817609159,5.13406136220978,0.315259161695685
"1480","X564139.GBGOM","FALL",2012,6.53398261475628,5.86126753954055,0.604964878013463,6.26796450392534,5.61556563173228,0.579807226437598
"1481","X564139.GBGOM","FALL",2013,5.40134143480981,6.62563181908558,1.04738174583998,5.17117937461419,6.34515716847108,0.998799351337806
"1482","X564139.GBGOM","FALL",2014,8.25615208691058,7.85051141031116,1.17323975093848,7.90054630225742,7.51372700234775,1.1194794800576
"1483","X564139.GBGOM","FALL",2015,10.8705729954567,8.63071291940561,0.274902551366178,10.3978460838406,8.2578547848817,0.261375577663638
"1484","X564139.GBGOM","FALL",2016,5.50538539136856,8.82167913464747,0.640653216605725,5.2719639814729,8.43876152655549,0.610121781911066
"1485","X564139.GBGOM","FALL",2018,14.4814135220477,10.6548525583462,-0.498166975367438,13.8404738076103,10.1865843112678,-0.476307219682399
"1486","X564139.GBGOM","FALL",2019,7.00093542366028,9.28536542560325,-1.55940701265533,6.69648683731311,8.87891481148928,-1.4882806427097
"1487","X564139.GBGOM","FALL",2021,6.97012114012217,8.29947172870136,0.657012684856363,6.67164469884065,7.94063637882727,0.628863647958788
"1488","X564139.GBGOM","FALL",2022,11.1071073745151,9.22288382395705,0.839481464849208,10.6241985623235,8.82332866837115,0.801917421613624
"1489","X564139.GBGOM","FALL",2023,9.03722540267215,9.76592158380763,0.384411021065605,8.6442249917491,9.3417371661803,0.366769027645811
"1490","X564139.GBGOM","FALL",2024,10.3647308204763,10.2673397985155,0.756242374563882,9.91400138859232,9.82060563094504,0.722837355524788
"1491","X564139.SNEMA","SPRING",2009,1.33463709785045,1.45264489866555,0.807850873471981,2.50347204630905,2.57005991097835,0.439824435527815
"1492","X564139.SNEMA","SPRING",2010,1.84824110707772,2.42226077196844,0.946886693691036,2.64124845368919,3.17384583328354,0.610435944350526
"1493","X564139.SNEMA","SPRING",2011,4.5048859352301,2.97742992716212,-0.0210425627464185,4.79801909887581,3.47630887021534,-0.162821335218956
"1494","X564139.SNEMA","SPRING",2012,2.01214927597754,2.45523714400836,-0.763787326585587,2.51904632721617,2.91470874071478,-0.736561881180969
"1495","X564139.SNEMA","SPRING",2013,0.941112394913741,1.83906221829591,-0.338911257509861,1.58890543136397,2.3352801927218,-0.314017172537794
"1496","X564139.SNEMA","SPRING",2014,2.41219854388512,1.74284350900112,-0.0177485483967027,2.79439879053796,2.2586289458698,0.0243911867972062
"1497","X564139.SNEMA","SPRING",2015,1.57506644697156,1.69256194272972,-0.0295953756018928,2.37817488845191,2.28554630762109,0.06725077004686
"1498","X564139.SNEMA","SPRING",2016,1.63070904411086,1.75145608921935,0.161967791458969,2.00913914751366,2.4982723017809,0.425535800748649
"1499","X564139.SNEMA","SPRING",2018,2.48787188580852,2.35727869948906,0.349482796792293,4.22699574768796,3.74697671012968,0.461696232896394
"1500","X564139.SNEMA","SPRING",2019,2.45698134758738,2.69647097914903,0.342511510575813,3.7925611383245,4.0091207956436,0.125103963739838
"1501","X564139.SNEMA","SPRING",2021,3.71058141846263,3.03436076369564,-0.212046302259759,4.17038351273584,3.9449364861581,-0.19742819937654
"1502","X564139.SNEMA","SPRING",2022,2.04720062736885,2.61766100795466,-0.531798777321611,3.43590749775294,3.69637140266038,-0.264100866347574
"1503","X564139.SNEMA","SPRING",2024,2.2459533758905,2.16832054979602,0.440676046765337,3.58504417114005,3.53323975382166,0.243373622594135
"1504","X564139.SNEMA","FALL",2009,0.779235246162028,0.750992614613765,0.111934947563059,0.799593633139084,0.796419566369479,0.179071035415188
"1505","X564139.SNEMA","FALL",2010,0.856700120644915,0.877545745226532,0.144574181512892,0.984136051112408,0.972922532256336,0.177399950199142
"1506","X564139.SNEMA","FALL",2011,0.625417045912886,1.04694671334039,0.197630622565233,0.780863670657477,1.158149574449,0.196519188026792
"1507","X564139.SNEMA","FALL",2012,2.00419616970242,1.15646519581671,-0.098338320003287,2.03399184461446,1.26497678341689,-0.0873139488246369
"1508","X564139.SNEMA","FALL",2013,0.432744897755219,0.855633510766089,-0.378216950274975,0.58125949925407,0.996116745417135,-0.333361879823825
"1509","X564139.SNEMA","FALL",2014,0.579014638011715,0.528201982220991,-0.273583519683974,0.734906596614127,0.712789550132208,-0.235800231734121
"1510","X564139.SNEMA","FALL",2015,0.219009923222718,0.329277093328845,-0.106518223300864,0.535343110988212,0.525864690027088,-0.134193359409833
"1511","X564139.SNEMA","FALL",2016,0.37797836545007,0.318845839870503,0.0715879858359636,0.444876041973,0.454838798915566,-0.00127858427647131
"1512","X564139.SNEMA","FALL",2018,0.211550767594348,0.757933768599103,0.379552903928795,0.250001654359678,0.787456455569454,0.348829362790197
"1513","X564139.SNEMA","FALL",2019,1.90754809609475,1.06880873930806,0.08748815396895,1.92771056267347,1.08361708014,0.092096319969698
"1514","X564139.SNEMA","FALL",2021,0.0844024551954055,0.431925001918067,-0.374110513502546,0.0818085853620235,0.584991830628637,-0.221210772242352
"1515","X564139.SNEMA","FALL",2022,0.0854974586041597,0.189598430403384,-0.12605505406338,0.590329504682118,0.507294165493293,0.0105222242026518
"1516","X564139.SNEMA","FALL",2023,0.305588929477795,0.13191235123766,-0.0217072222851552,0.687547703906585,0.531215992638264,0.0177943614606247
"1517","X564139.SNEMA","FALL",2024,0.0566066226205646,0.0814037497988992,-0.111700098609454,0.448114057277851,0.503828751161213,-0.0920959130413916
"1518","X564139.UNIT","SPRING",2009,2.3504080923113,2.46436736573816,0.615656381695916,2.31462899290271,2.42626977281729,0.608858569760084
"1519","X564139.UNIT","SPRING",2010,2.73026696161039,3.21039949537985,0.717159039252162,2.68773950805296,3.16538870206892,0.711513068953195
"1520","X564139.UNIT","SPRING",2011,4.95767128702602,3.58018776757186,-0.136831333203451,4.90015005673225,3.53356347114372,-0.133029750593569
"1521","X564139.UNIT","SPRING",2012,2.45643434729296,3.02194057213065,-0.735210476185967,2.41773160390074,2.98399067748183,-0.723588140340178
"1522","X564139.UNIT","SPRING",2013,2.02364338811231,2.42701498681254,-0.381845104330643,2.0049754901974,2.39948464063482,-0.374854179572409
"1523","X564139.UNIT","SPRING",2014,2.69634322652063,2.2704314018691,0.00806338272390184,2.66795272734003,2.24489183802985,0.00570834027388645
"1524","X564139.UNIT","SPRING",2015,1.94609763383828,2.46050122702096,0.450050294060304,1.92162897238989,2.42864445425067,0.439500259324425
"1525","X564139.UNIT","SPRING",2016,3.23360169226204,3.15958051254514,0.859182773063003,3.18413407836968,3.1147861192417,0.845973466063965
"1526","X564139.UNIT","SPRING",2018,5.17283474531911,4.64944385603649,0.374073501883464,5.10403729446514,4.5904927386485,0.375568604023729
"1527","X564139.UNIT","SPRING",2019,4.35989865882824,4.80982614067971,0.0467324693662864,4.31454324601218,4.75527048903769,0.0514206706194892
"1528","X564139.UNIT","SPRING",2021,5.17204600030732,4.5810216785538,-0.409454805294166,5.12261176725449,4.53018927561403,-0.408616549564769
"1529","X564139.UNIT","SPRING",2022,3.46849058513845,4.03764815127807,-0.59672574722227,3.41521819574953,3.98840193774772,-0.594033610282087
"1530","X564139.UNIT","SPRING",2024,3.70221233851696,3.59758580146768,0.478929405551982,3.6684660014991,3.56244381814936,0.491773554226703
"1531","X564139.UNIT","FALL",2009,4.13025940812071,4.02626039659608,-0.0106001230136661,4.06059740424561,3.95834362897671,-0.0104217116011445
"1532","X564139.UNIT","FALL",2010,4.04508227194643,4.04589960886477,0.0796780404018544,3.97685688727703,3.97765077442511,0.0783376351972549
"1533","X564139.UNIT","FALL",2011,3.73045202816995,4.24521546310139,0.34875316092217,3.6675332770786,4.17362216476984,0.342906778191515
"1534","X564139.UNIT","FALL",2012,5.63232157041935,4.65452345539996,0.351180855515022,5.53732540473229,4.57608902137992,0.34534999290111
"1535","X564139.UNIT","FALL",2013,3.90457148695069,4.99215176581106,0.48733232514675,3.83871599285756,4.90813118178272,0.479220301242683
"1536","X564139.UNIT","FALL",2014,5.9141460298972,5.64212446463508,0.662292871603352,5.81439654131966,5.54716231692806,0.65098868877258
"1537","X564139.UNIT","FALL",2015,7.5999738738021,6.0945174731566,0.170593310476485,7.47179078476741,5.99144221063892,0.166758030235575
"1538","X564139.UNIT","FALL",2016,4.00097077088821,6.27361140915054,0.549794720037092,3.93348938199584,6.16591237152748,0.538229354083384
"1539","X564139.UNIT","FALL",2018,10.2382807727554,7.9596955275873,-0.0362651475567318,10.0552324034205,7.82003882855716,-0.0348815340955282
"1540","X564139.UNIT","FALL",2019,6.2763297623278,7.26184722782381,-0.995083727811268,6.17047159095845,7.13606787393918,-0.975788095836777
"1541","X564139.UNIT","FALL",2021,4.85505783399171,6.17186751215938,0.220973289903463,4.77317119583518,6.06756098980098,0.217905589296555
"1542","X564139.UNIT","FALL",2022,8.12689431325563,6.64101732485998,0.424586645548706,7.98982405030085,6.52913932238102,0.417532114665198
"1543","X564139.UNIT","FALL",2023,6.34738834974821,6.82764770256968,0.0480206991326199,6.24033168620123,6.71261348026491,0.0471234234344468
"1544","X564139.UNIT","FALL",2024,6.97040276109128,6.93575190164903,0.267534288287977,6.85283817829547,6.81880061391365,0.262958066194907
"1545","X564145.GBGOM","SPRING",2009,29.2038548538894,26.241538429265,-9.61193148385778,29.9683213028953,27.1003103075498,-9.71706736445728
"1546","X564145.GBGOM","SPRING",2010,13.4300925716069,19.8086946854637,-3.92237585769746,14.2499452819084,20.4801691152597,-4.18449114017316
"1547","X564145.GBGOM","SPRING",2011,19.9577027472797,17.0595470059645,-2.24453935525369,20.5537269074937,17.4087757871033,-2.61957163618979
"1548","X564145.GBGOM","SPRING",2012,17.4715466839802,14.3667573283515,-3.42527879262435,17.0514944080174,14.3954860608824,-3.59127147819964
"1549","X564145.GBGOM","SPRING",2013,8.06201167015378,10.7921645323888,-2.85649289497601,8.17874249085627,10.8608438941467,-2.65913812988146
"1550","X564145.GBGOM","SPRING",2014,8.11745659092622,9.46659097121701,0.150751301124819,8.05915266066286,9.80939019428941,0.469536397946658
"1551","X564145.GBGOM","SPRING",2015,14.2549312267552,10.5581529124287,1.55145283059644,15.8149885055376,11.0703556551891,1.40952782122211
"1552","X564145.GBGOM","SPRING",2016,8.61616780617811,12.8029328236435,3.65246293376887,8.24147786125223,12.8765549767773,3.09384666462842
"1553","X564145.GBGOM","SPRING",2018,25.1768875191309,23.4401423600265,4.40681050805694,24.4094511403695,22.880025535381,4.46026613721991
"1554","X564145.GBGOM","SPRING",2019,28.4574136580616,26.0565237969436,0.780388471983464,28.0646084785379,25.7615541561177,1.21946703718879
"1555","X564145.GBGOM","SPRING",2021,19.4463821146019,25.2179697657092,0.944505726636597,20.5889779420632,25.8458970786757,1.17835161068427
"1556","X564145.GBGOM","SPRING",2022,31.7649486269352,27.4808638212499,2.93605522729488,32.1181170012248,28.1631928925404,2.87035628286541
"1557","X564145.GBGOM","SPRING",2024,27.6353754402086,28.3028930770558,-4.69493460008909,28.4390941972106,29.0855425241174,-4.29154158800724
"1558","X564145.GBGOM","FALL",2009,39.3561215126703,36.3269231525599,-12.8170253944295,37.6446479975532,34.7447001316591,-12.2633026687751
"1559","X564145.GBGOM","FALL",2010,20.6063974587787,26.0851141562377,-8.03902713997318,19.7013054577123,24.9469497543302,-7.68889947566615
"1560","X564145.GBGOM","FALL",2011,24.2672581066478,19.503999789097,-5.49563613606663,23.2119516400117,18.65349840076,-5.25470462125749
"1561","X564145.GBGOM","FALL",2012,13.5088420215425,15.299058892779,-2.33659410613655,12.9213851164629,14.6331803613824,-2.23359021814714
"1562","X564145.GBGOM","FALL",2013,10.1937255091912,15.5834059289317,3.08023098011697,9.75043255859551,14.9060760083314,2.9467983165601
"1563","X564145.GBGOM","FALL",2014,25.125881754093,20.2248949528291,4.7931783658192,24.0332364548795,19.3458768198139,4.58448632720134
"1564","X564145.GBGOM","FALL",2015,24.7071713689371,23.7723976989897,2.31403086678019,23.6327344629075,22.7382226389809,2.21169626658305
"1565","X564145.GBGOM","FALL",2016,25.3364296384943,25.1426138025335,0.703854716173082,24.2346282762856,24.0460760483548,0.669326292089185
"1566","X564145.GBGOM","FALL",2018,22.6656838633952,27.6991178958068,3.20486273057415,21.6625126659969,26.4854295501678,3.06680042326206
"1567","X564145.GBGOM","FALL",2019,37.9353129966431,31.4035613901587,3.06419300320159,36.2856259597604,30.032342256086,2.93518882828337
"1568","X564145.GBGOM","FALL",2021,33.2722833449864,36.8664557777053,5.62611906707315,31.8253767509491,35.26289481008,5.38257125027556
"1569","X564145.GBGOM","FALL",2022,32.2922981510185,44.9146643504182,9.83134280597855,30.888008020195,42.9616890296016,9.40398890909177
"1570","X564145.GBGOM","FALL",2023,78.1872583249126,53.4807328891689,4.89134104340368,74.7871412224276,51.1552318889143,4.67848434986031
"1571","X564145.GBGOM","FALL",2024,38.7267166068919,49.8784399809871,-14.5053800878865,37.0426139247004,47.7094328099752,-13.8746949674121
"1572","X564145.SNEMA","SPRING",2009,19.5186369509344,21.5344927350161,2.34527108581446,23.1157892096523,24.7829695792626,0.441017852579389
"1573","X564145.SNEMA","SPRING",2010,25.8648755448398,21.8190788828536,-1.39627285311298,27.0336917125588,23.4299869222412,-2.76715597484509
"1574","X564145.SNEMA","SPRING",2011,18.7723250045,19.5015989028433,-2.85886116988118,19.3661554592357,20.0083120131267,-3.69636665160668
"1575","X564145.SNEMA","SPRING",2012,14.9650294197418,16.9756897542874,-1.69844985306089,14.6102123024286,16.9014670144402,-2.03293714213126
"1576","X564145.SNEMA","SPRING",2013,15.340139632237,16.3498821778271,0.197510407076363,15.5795405192052,16.0868967988545,0.0638695773152129
"1577","X564145.SNEMA","SPRING",2014,20.4368140151777,16.5706431202062,-0.306731677488215,19.5713393513018,16.2077231715377,-0.303772695837037
"1578","X564145.SNEMA","SPRING",2015,13.5489824906546,15.8786043037364,-0.384417319395637,13.8199856602735,15.5976831292535,-0.316419802770195
"1579","X564145.SNEMA","SPRING",2016,15.1640016265902,16.4340840471006,1.43472373575395,14.5236450866171,16.201188956683,1.54984926235383
"1580","X564145.SNEMA","SPRING",2018,23.7662069738217,18.8410429107399,-0.896191020088443,24.389459270842,19.0681815691965,-0.744732085235274
"1581","X564145.SNEMA","SPRING",2019,12.2700929066042,17.0577397967092,-1.57347900197427,12.7590497769282,17.4034868111502,-1.38456819022488
"1582","X564145.SNEMA","SPRING",2021,19.9299386943084,16.0693259205097,-0.949183446461087,19.6085930768951,18.234002759121,1.05447868549817
"1583","X564145.SNEMA","SPRING",2022,11.3475058343493,14.5558584990171,-1.64742283125689,18.5769145886705,19.1098827425735,0.779374949953385
"1584","X564145.SNEMA","SPRING",2024,16.5526259377389,15.8891339806512,4.70201257395935,21.3451419838758,21.2677365310439,1.70685351270366
"1585","X564145.SNEMA","FALL",2009,7.70822445094071,9.95340679816345,2.45149719871072,7.41062214438607,9.60682518954513,2.4925380579865
"1586","X564145.SNEMA","FALL",2010,15.5205801316029,10.0619846417861,-1.64043021089061,15.0586108985979,9.8474142198864,-1.45958375481985
"1587","X564145.SNEMA","FALL",2011,3.18144636833821,7.86036897753198,-2.16888981704268,3.47593391095954,7.7912101648736,-2.10104811272166
"1588","X564145.SNEMA","FALL",2012,8.67122162646784,5.98469238452524,-1.91588729272114,8.4238217555223,5.90727010555514,-1.95665613728731
"1589","X564145.SNEMA","FALL",2013,2.35720840366279,4.02334247428864,-1.67864052180279,2.2585116722776,3.91595813171435,-1.69808343760686
"1590","X564145.SNEMA","FALL",2014,3.80934969810726,2.83363699122776,-0.822716799960177,3.65473909789067,2.71788688966846,-0.819159759945265
"1591","X564145.SNEMA","FALL",2015,1.35344709679689,2.40726096887126,0.12126320539136,1.30769178960244,2.29784271487016,0.120376226855372
"1592","X564145.SNEMA","FALL",2016,3.28074525517725,3.0769584166789,1.06762825474816,3.14489781080937,2.9577136854843,1.05713523997128
"1593","X564145.SNEMA","FALL",2018,4.85665557182171,5.46561459120436,0.952873009362286,4.67049145221489,5.38374909449277,1.01471504365908
"1594","X564145.SNEMA","FALL",2019,7.80185276840817,5.84505316401737,-0.462625306127805,7.91447039136565,5.8270998062375,-0.42313405897236
"1595","X564145.SNEMA","FALL",2021,1.33494814795268,2.86201840045155,-1.32791489042839,1.27847423411126,2.80690725995441,-1.36081028244029
"1596","X564145.SNEMA","FALL",2022,1.90846850509936,2.05324961957992,-0.448525090940193,1.82532080054193,1.99191949580889,-0.416109825341819
"1597","X564145.SNEMA","FALL",2023,2.6917591371696,1.6818108404849,-0.418607425710796,2.62743665614708,1.70270928696442,-0.287344335162411
"1598","X564145.SNEMA","FALL",2024,0.601015958502433,0.967524851236421,-1.13421951124711,0.870646770482345,1.16716333985352,-0.908781301874657
"1599","X564145.UNIT","SPRING",2009,24.839631088171,24.2526917198648,-3.98894713084639,24.839631088171,24.2526917198648,-3.98894713084639
"1600","X564145.UNIT","SPRING",2010,19.494055873086,20.9661766224175,-2.76966512643614,19.494055873086,20.9661766224175,-2.76966512643614
"1601","X564145.UNIT","SPRING",2011,19.6248755955846,18.3421973422166,-2.66387549635368,19.6248755955846,18.3421973422166,-2.66387549635368
"1602","X564145.UNIT","SPRING",2012,16.1890206856686,15.5543960194818,-2.81017469695611,16.1890206856686,15.5543960194818,-2.81017469695611
"1603","X564145.UNIT","SPRING",2013,11.5014951353705,13.1642598936101,-1.62923806164138,11.5014951353705,13.1642598936101,-1.62923806164138
"1604","X564145.UNIT","SPRING",2014,12.9692862335306,12.431014470361,-0.0430177038408459,12.9692862335306,12.431014470361,-0.0430177038408477
"1605","X564145.UNIT","SPRING",2015,14.0843667111753,12.8429891546717,0.837496660189631,14.0843667111753,12.8429891546717,0.837496660189629
"1606","X564145.UNIT","SPRING",2016,11.5336470868921,14.4483106294593,2.74491954037714,11.5336470868921,14.4483106294593,2.74491954037714
"1607","X564145.UNIT","SPRING",2018,24.7455179959975,21.4118452798446,1.93272026166144,24.7455179959975,21.4118452798446,1.93272026166144
"1608","X564145.UNIT","SPRING",2019,20.9100250054751,21.9406296554717,-0.361616440502455,20.9100250054751,21.9406296554717,-0.361616440502448
"1609","X564145.UNIT","SPRING",2021,19.6916572391165,21.0122165255287,0.0843446785401561,19.6916572391165,21.0122165255287,0.0843446785401781
"1610","X564145.UNIT","SPRING",2022,22.3862752443809,21.5459969787466,0.832805696827289,22.386275244381,21.5459969787467,0.832805696827302
"1611","X564145.UNIT","SPRING",2024,22.545653371243,22.6027829740173,-0.377661825830355,22.545653371243,22.6027829740173,-0.377661825830426
"1612","X564145.UNIT","FALL",2009,24.3839679660684,23.6781408684204,-5.88914743874837,24.3839679660684,23.6781408684204,-5.88914743874837
"1613","X564145.UNIT","FALL",2010,17.5819107565946,18.177505124888,-5.0440508380491,17.5819107565946,18.177505124888,-5.0440508380491
"1614","X564145.UNIT","FALL",2011,14.0288027124024,13.7261856128567,-3.79051497574624,14.0288027124024,13.7261856128567,-3.79051497574624
"1615","X564145.UNIT","FALL",2012,11.2177533088905,10.7738542884475,-2.0048417682875,11.2177533088905,10.7738542884475,-2.0048417682875
"1616","X564145.UNIT","FALL",2013,6.46513587534373,10.0754525064145,0.857682729569378,6.46513587534373,10.0754525064145,0.857682729569378
"1617","X564145.UNIT","FALL",2014,15.1081408750769,11.9441798350135,2.08508748970791,15.1081408750769,11.9441798350135,2.08508748970791
"1618","X564145.UNIT","FALL",2015,13.3667143728585,13.5697076460591,1.28473273053293,13.3667143728585,13.5697076460591,1.28473273053293
"1619","X564145.UNIT","FALL",2016,14.8716212411966,14.6912198002503,1.01710148387067,14.8716212411966,14.6912198002503,1.01710148387067
"1620","X564145.UNIT","FALL",2018,14.6514604087273,17.4490527210368,2.1937479420368,14.6514604087273,17.4490527210368,2.1937479420368
"1621","X564145.UNIT","FALL",2019,23.9195017073152,19.5684954703817,1.33690837057887,23.9195017073152,19.5684954703817,1.33690837057887
"1622","X564145.UNIT","FALL",2021,18.2582329604004,20.9333213753082,2.35494924591246,18.2582329604004,20.9333213753082,2.35494924591246
"1623","X564145.UNIT","FALL",2022,17.9564321159452,24.8692961756828,5.09824190679187,17.9564321159452,24.8692961756828,5.09824190679187
"1624","X564145.UNIT","FALL",2023,43.174423215415,29.3452025376693,2.48772661400319,43.174423215415,29.3452025376693,2.48772661400319
"1625","X564145.UNIT","FALL",2024,20.9305774435276,27.1130609973335,-8.31785389785261,20.9305774435276,27.1130609973335,-8.31785389785261
"1626","X564149.GBGOM","SPRING",2009,0.772407796214475,0.830164089567629,0.145429347064788,0.738818218906522,0.794067105479549,0.139351925757407
"1627","X564149.GBGOM","SPRING",2010,0.965795625034222,0.952181390612415,0.0834056795617892,0.923796221390499,0.911157170011233,0.0801905587187683
"1628","X564149.GBGOM","SPRING",2011,1.13871448606062,0.966576297765216,-0.069815440719184,1.09065134071419,0.925172933742696,-0.0667966758430374
"1629","X564149.GBGOM","SPRING",2012,0.879076496697587,0.838976602297268,-0.143758281630496,0.840848234256241,0.802876440754605,-0.137846043116504
"1630","X564149.GBGOM","SPRING",2013,0.443519185830828,0.774958710047404,0.069995804087734,0.424231936203056,0.74136368135515,0.0667530911464156
"1631","X564149.GBGOM","SPRING",2014,0.975262458039384,0.980454049523515,0.288207406958301,0.932851371705964,0.937806236699736,0.275623066366236
"1632","X564149.GBGOM","SPRING",2015,1.47259515052151,1.24410799325715,0.184622417708297,1.4085566349936,1.1899790120668,0.176600635523596
"1633","X564149.GBGOM","SPRING",2016,1.28703392009485,1.31457202576942,-0.0243431490537636,1.23106487683965,1.25739092278018,-0.0232715502192746
"1634","X564149.GBGOM","SPRING",2018,1.10504163104048,1.04825730657601,-0.199873824810488,1.05698685806142,1.00267162233377,-0.191179456120875
"1635","X564149.GBGOM","SPRING",2019,0.724886897741967,0.864476444955664,-0.139285575297753,0.693363854330756,0.82688400305854,-0.133228189688227
"1636","X564149.GBGOM","SPRING",2021,0.847788792088198,0.752861389827452,-0.0346466510068987,0.810921133175087,0.72012217133539,-0.0331404128649668
"1637","X564149.GBGOM","SPRING",2022,0.650801997909462,0.705361682165289,-0.0526276736630768,0.622500672977107,0.674687763884916,-0.0503392627047719
"1638","X564149.GBGOM","SPRING",2024,0.682319103778552,0.672295558687701,0.0504619128028947,0.652647199381177,0.643059489432701,0.0482675455773969
"1639","X564149.GBGOM","FALL",2009,1.39481951437792,1.50172205893966,-0.122022616660063,1.33416321580292,1.43623181378771,-0.116989498763962
"1640","X564149.GBGOM","FALL",2010,1.54317700036395,1.26132707549594,-0.325498972318172,1.47539624625334,1.20619165525518,-0.311304169081356
"1641","X564149.GBGOM","FALL",2011,0.869266798079907,0.917260870121724,-0.329365060521049,0.831465128471649,0.877196774064482,-0.314898944080292
"1642","X564149.GBGOM","FALL",2012,0.445950900864147,0.677070481176984,-0.109810568554494,0.426557903624165,0.647579219605279,-0.104937361547175
"1643","X564149.GBGOM","FALL",2013,0.589171140426372,0.707578389240106,0.139559892094168,0.563549946976544,0.676821347848061,0.133522111619729
"1644","X564149.GBGOM","FALL",2014,1.1607965223578,0.861080583851033,0.103601308199966,1.11031714511998,0.823658398907197,0.0990864529740146
"1645","X564149.GBGOM","FALL",2015,0.903935386103611,0.873092532507142,-0.0574226950929232,0.864626089017631,0.835115109108017,-0.0549866397359183
"1646","X564149.GBGOM","FALL",2016,0.661736385532188,0.799543682697819,-0.058521231287914,0.632959558591479,0.764668177110067,-0.0561105594217317
"1647","X564149.GBGOM","FALL",2018,0.764804724543731,0.798453689594563,0.0230446894025049,0.730954871350664,0.763422666267802,0.0220867777511249
"1648","X564149.GBGOM","FALL",2019,0.923124913760061,0.797763091270273,-0.0427627423638678,0.882981124679207,0.762882521076076,-0.0407596222493857
"1649","X564149.GBGOM","FALL",2021,0.569073390924905,0.613857570011838,-0.0695147964551914,0.544326185171607,0.587150856895658,-0.0664541894269191
"1650","X564149.GBGOM","FALL",2022,0.523427411032815,0.595720663912204,0.0375859013047795,0.500665204884514,0.569822142801267,0.0359574889869652
"1651","X564149.GBGOM","FALL",2023,0.719055297587724,0.679841409300322,0.117122709101524,0.687785852062462,0.650284252870834,0.112024421404587
"1652","X564149.GBGOM","FALL",2024,0.81887303353986,0.802900321375389,0.115462234678679,0.783262829706744,0.76798636611528,0.110437495336723
"1653","X564149.UNIT","SPRING",2009,0.54623653982888,0.599650512719771,0.116470513135792,0.537921451260611,0.59023651142609,0.113855385010174
"1654","X564149.UNIT","SPRING",2010,0.731032458302546,0.681658840131739,0.0428671496926931,0.718702679247271,0.670335441507825,0.041762145356975
"1655","X564149.UNIT","SPRING",2011,0.761388051538019,0.676026828114255,-0.0588101657231124,0.748546287339767,0.664600142547397,-0.0578130730741528
"1656","X564149.UNIT","SPRING",2012,0.604274004881233,0.586551373694126,-0.092948886113085,0.594082166086097,0.576874868403151,-0.0908915723743855
"1657","X564149.UNIT","SPRING",2013,0.346997922640724,0.54909626741871,0.0498140280888161,0.341145367572603,0.540749070820238,0.0498261473902177
"1658","X564149.UNIT","SPRING",2014,0.673594664244781,0.684704717636547,0.188152805585085,0.665904176948323,0.674674247486933,0.18498512006486
"1659","X564149.UNIT","SPRING",2015,1.01377363690077,0.855232574176998,0.115983669845709,0.996675073337566,0.841730099425128,0.113176458165011
"1660","X564149.UNIT","SPRING",2016,0.870842641181912,0.894089210714184,-0.0239340057350109,0.856154788083547,0.879219527158384,-0.0240551137105547
"1661","X564149.UNIT","SPRING",2018,0.745145457416986,0.707204177538757,-0.135551035821377,0.732577644935272,0.695222240329892,-0.133081597909898
"1662","X564149.UNIT","SPRING",2019,0.492234372620411,0.583207777395756,-0.0935328649789382,0.483932222710523,0.573613013965967,-0.091553293628173
"1663","X564149.UNIT","SPRING",2021,0.565344976926904,0.513584467424411,-0.0161141042986433,0.557389190907515,0.505777838896115,-0.0159251631994966
"1664","X564149.UNIT","SPRING",2022,0.466760170893287,0.490342873624552,-0.0268335184926867,0.458887675337783,0.4825930849671,-0.0268785066768589
"1665","X564149.UNIT","SPRING",2024,0.468459638781876,0.464734915568522,0.0153678196702089,0.460558479569457,0.456851116402115,0.0153998900385758
"1666","X564149.UNIT","FALL",2009,0.917034340213129,0.990373479445301,-0.0626199397532232,0.901567406190553,0.973669146686346,-0.0615637946109058
"1667","X564149.UNIT","FALL",2010,1.02331025553525,0.854023226338072,-0.192731164353331,1.00605084494076,0.839618570194353,-0.189480338231934
"1668","X564149.UNIT","FALL",2011,0.655945505925354,0.639609954954447,-0.218745976306015,0.644882162473902,0.628822510504771,-0.215054761006081
"1669","X564149.UNIT","FALL",2012,0.292815964608441,0.469018447117807,-0.0872992680834027,0.287877256201618,0.461111362445496,-0.0858222409903105
"1670","X564149.UNIT","FALL",2013,0.392768334909542,0.480979303503302,0.0920510942861919,0.386143804446712,0.472875906641127,0.0905039133763895
"1671","X564149.UNIT","FALL",2014,0.773125208581281,0.590286305717056,0.0828984667363832,0.760085482512202,0.580340362005703,0.081493586165375
"1672","X564149.UNIT","FALL",2015,0.665597112200983,0.611913409711456,-0.0308426426072614,0.654370982307485,0.60157853337232,-0.0303703778443092
"1673","X564149.UNIT","FALL",2016,0.46206018891941,0.561746721469116,-0.045146649051156,0.454266964453231,0.552177754815421,-0.0444998963589839
"1674","X564149.UNIT","FALL",2018,0.512283497804392,0.553638480534712,0.0194026886658138,0.503124473844059,0.544030155589936,0.0191140636629023
"1675","X564149.UNIT","FALL",2019,0.661432085652992,0.559600036641707,-0.0238312538516823,0.650276204154779,0.549996601547295,-0.0233036043562525
"1676","X564149.UNIT","FALL",2021,0.393442840221334,0.431831414533195,-0.0517014507423318,0.386806933380654,0.424537516773228,-0.0507964526052376
"1677","X564149.UNIT","FALL",2022,0.375334807386057,0.414000723673232,0.0177014399915633,0.369004315224916,0.407024641176533,0.017408219623203
"1678","X564149.UNIT","FALL",2023,0.48078603917327,0.460911961244161,0.0681373309089779,0.472676979762103,0.453144238373656,0.0669837389137087
"1679","X564149.UNIT","FALL",2024,0.546305260760679,0.534307977008551,0.0706709963784841,0.537091137522493,0.525297647289282,0.0694758430602089
"1680","X564151.GBGOM","SPRING",2009,0.626536450501715,0.676225885524249,0.208148610018738,0.5992903576431,0.646818955958317,0.19909688389423
"1681","X564151.GBGOM","SPRING",2010,0.914500701291809,0.843629081228355,0.128663806417505,0.874731951992845,0.806942315012328,0.123068623544447
"1682","X564151.GBGOM","SPRING",2011,0.925478270610727,0.93756554841532,0.0612151529844542,0.885232141467724,0.89679378170852,0.0585530991785927
"1683","X564151.GBGOM","SPRING",2012,1.10188599275496,0.97230231606321,0.0124952861492431,1.05396844852562,0.930019956962009,0.0119519055902273
"1684","X564151.GBGOM","SPRING",2013,0.745640230282047,1.01127695998656,0.109937937132299,0.713214689937003,0.967299716626645,0.105157083214873
"1685","X564151.GBGOM","SPRING",2014,1.19417783678674,1.19570798000021,0.217969957132555,1.14224681153715,1.14371041365146,0.208491131618627
"1686","X564151.GBGOM","SPRING",2015,1.52157500873982,1.36472523560466,0.0785270611917801,1.45540651376036,1.30537764223479,0.0751121671350462
"1687","X564151.GBGOM","SPRING",2016,1.40691446735518,1.32031304854714,-0.158262996258887,1.34573219744735,1.26289680102578,-0.151380638035836
"1688","X564151.GBGOM","SPRING",2018,0.702022847441303,0.883088134440024,-0.129786638336048,0.671494089417825,0.844685418534146,-0.124142627046554
"1689","X564151.GBGOM","SPRING",2019,0.848281847949546,0.849709490640016,0.040436796157229,0.811392747593129,0.812758306608686,0.038678327512471
"1690","X564151.GBGOM","SPRING",2021,1.17380296447835,0.97692693149647,0.00750679821335489,1.12275797812155,0.934443462465543,0.00718035125080692
"1691","X564151.GBGOM","SPRING",2022,0.785175424249955,0.939666763094465,-0.0591062172823525,0.751030623093875,0.898803621192784,-0.0565358744342908
"1692","X564151.GBGOM","SPRING",2024,1.03426647842703,1.0091211458285,0.220244270956436,0.989289493465961,0.965237652022485,0.210666542712128
"1693","X564151.GBGOM","FALL",2009,1.23642985853421,1.21519677939292,0.0632353234990305,1.18266142620787,1.16221787204365,0.0602885998117173
"1694","X564151.GBGOM","FALL",2010,1.1113632089178,1.36259228263018,0.180549767964745,1.06254895340889,1.30313212239899,0.172727159050646
"1695","X564151.GBGOM","FALL",2011,1.92467289194771,1.47428448530089,-0.00817127763408195,1.84097494222032,1.41004670644835,-0.00771073280022768
"1696","X564151.GBGOM","FALL",2012,1.27927256319231,1.35468653586993,-0.171581897709166,1.22364103685365,1.29574544577641,-0.164044257717454
"1697","X564151.GBGOM","FALL",2013,0.935785276007583,1.23346330762947,-0.0279646645435123,0.895090927729186,1.17984426309462,-0.0267195663911183
"1698","X564151.GBGOM","FALL",2014,1.38241528637135,1.29733514672475,0.111386388447677,1.32229840852413,1.24094712463648,0.10652755986214
"1699","X564151.GBGOM","FALL",2015,1.51781945600394,1.39249881900478,0.0595256448787152,1.45181427816029,1.33191951121114,0.0568350712920946
"1700","X564151.GBGOM","FALL",2016,1.34691169146109,1.41357885681639,-0.00075783768762222,1.28833875290577,1.35191628923904,-0.000960351222843658
"1701","X564151.GBGOM","FALL",2018,1.36320849521922,1.37059438106757,-0.0525007503852404,1.30287360717019,1.31044182366182,-0.0501390654455309
"1702","X564151.GBGOM","FALL",2019,1.36033751117925,1.29260080618265,-0.108337911466839,1.30118072609681,1.23605425742318,-0.1033711759508
"1703","X564151.GBGOM","FALL",2021,0.970561049347356,1.05544905086953,-0.0686601127076692,0.928354412440122,1.00952954212484,-0.0656072837834511
"1704","X564151.GBGOM","FALL",2022,0.979240110170907,1.03007116595297,0.0061518226219006,0.936656048299914,0.985289953045135,0.00589513561288551
"1705","X564151.GBGOM","FALL",2023,1.17985436551439,1.04015868747505,-0.00181826796339555,1.128546222825,0.994937934996048,-0.00174808005445815
"1706","X564151.GBGOM","FALL",2024,0.939390194304865,0.994751653254889,-0.104837288862566,0.898539079506983,0.95149597624942,-0.100284745782197
"1707","X564151.UNIT","SPRING",2009,0.457429207513344,0.510826860811612,0.192259797247298,0.450465989023095,0.502957017495413,0.18889654283869
"1708","X564151.UNIT","SPRING",2010,0.741113969281794,0.656279909476318,0.103013279300308,0.729429322826699,0.645737803850983,0.101033796868777
"1709","X564151.UNIT","SPRING",2011,0.709869686914571,0.725587377848614,0.0399686366624789,0.697896844534881,0.713762145225616,0.0393836528768138
"1710","X564151.UNIT","SPRING",2012,0.819648893935577,0.747218109629289,0.00992677450869157,0.80670758832779,0.735362931555375,0.0103069747371431
"1711","X564151.UNIT","SPRING",2013,0.601542154570597,0.780155214154105,0.0840277742192254,0.591396391856434,0.768476000758517,0.0835300147733161
"1712","X564151.UNIT","SPRING",2014,0.917343430073883,0.914218783501464,0.154964150230931,0.906870042486436,0.900917740445651,0.152237392840421
"1713","X564151.UNIT","SPRING",2015,1.1568200254951,1.03269618207812,0.053738528629099,1.13730880522152,1.0165176262549,0.0516452903541438
"1714","X564151.UNIT","SPRING",2016,1.02983606900315,1.0053006896751,-0.0966725462264263,1.01246659238177,0.98860575084576,-0.095754523056668
"1715","X564151.UNIT","SPRING",2018,0.644849299495927,0.741358240907114,-0.087728407469753,0.633973107479508,0.728778414937103,-0.0859756986860914
"1716","X564151.UNIT","SPRING",2019,0.70901544669532,0.703554171437764,0.000152450538433803,0.697057012148065,0.692046432603226,0.000737908653482518
"1717","X564151.UNIT","SPRING",2021,0.828715444904886,0.738730060733791,0.000481528836841538,0.817053392494932,0.72752547752141,0.000350618825298843
"1718","X564151.UNIT","SPRING",2022,0.648885652945191,0.723716044621347,-0.0201809431450522,0.637941382766642,0.712272519884877,-0.0205704000235974
"1719","X564151.UNIT","SPRING",2024,0.801202229246221,0.786629865200924,0.124409235391335,0.787688949017683,0.773295559186624,0.122737975624411
"1720","X564151.UNIT","FALL",2009,0.914395168105936,0.890365385910983,0.018345180957678,0.898972747030221,0.875347436446097,0.0180357318389404
"1721","X564151.UNIT","FALL",2010,0.785205053381622,0.974411213411082,0.113650528934331,0.771961585582995,0.957975648881878,0.111733992061563
"1722","X564151.UNIT","FALL",2011,1.35269263650499,1.04547455356327,-0.00761979373814298,1.32987777904089,1.02784201862711,-0.00748795354216362
"1723","X564151.UNIT","FALL",2012,0.940752045428337,0.960940677919823,-0.123582960455537,0.924885082567533,0.944739704298969,-0.121490011641636
"1724","X564151.UNIT","FALL",2013,0.632258788177621,0.872134428206157,-0.0180687405110453,0.621594950921903,0.857441348849118,-0.0177540092252635
"1725","X564151.UNIT","FALL",2014,0.988628873031228,0.92651362313674,0.0925767581504718,0.971954407439858,0.910905324682063,0.0910029096919703
"1726","X564151.UNIT","FALL",2015,1.10309285805944,1.00697715999926,0.0522899032884606,1.08448781383349,0.989966889216392,0.0513189915592043
"1727","X564151.UNIT","FALL",2016,0.9922145091019,1.0266117358962,-0.00144203302594903,0.975479567262147,1.00912140962086,-0.00163062111238244
"1728","X564151.UNIT","FALL",2018,0.950899037912886,0.99914912868027,-0.0193140638634928,0.93389808607776,0.981795091559975,-0.0189166111086104
"1729","X564151.UNIT","FALL",2019,1.05450098116634,0.968163758631444,-0.0548898574549674,1.03671549987384,0.951528044117251,-0.0537307369918164
"1730","X564151.UNIT","FALL",2021,0.743172006652979,0.815038035887832,-0.047633531951581,0.730637478892922,0.801271871209355,-0.0467688998500671
"1731","X564151.UNIT","FALL",2022,0.820132436069544,0.799166941819986,0.00788795032097939,0.80629987416623,0.785700163738499,0.00776481595262076
"1732","X564151.UNIT","FALL",2023,0.816512536327862,0.82054691286723,0.0326083616058581,0.802741028572706,0.806718748610691,0.0320502682435937
"1733","X564151.UNIT","FALL",2024,0.870893030705985,0.8598564046964,0.0437469918848314,0.856204327725112,0.845356529129347,0.0430032072455476
"1734","X630979.UNIT","SPRING",2009,2.25517824469837,2.11607772795745,-0.618384392604491,2.21826406523472,2.08064842382671,-0.610619016108015
"1735","X630979.UNIT","SPRING",2010,1.45260998719086,1.59077927899443,-0.422472376153526,1.42539690444235,1.56213792751815,-0.416777719705963
"1736","X630979.UNIT","SPRING",2011,1.16849580697555,1.29061323398641,-0.168119584694515,1.14660529722626,1.26634149802105,-0.165190882485108
"1737","X630979.UNIT","SPRING",2012,1.38125131891808,1.22257478515538,-0.00966276658556495,1.35537506392213,1.20045259151577,-0.00751475836073001
"1738","X630979.UNIT","SPRING",2013,0.941516904686927,1.24238342035212,0.0620812101338983,0.92387860007502,1.22271617802496,0.0643739559397712
"1739","X630979.UNIT","SPRING",2014,1.87003180933113,1.27420091949945,-0.0837836709178266,1.84968704387448,1.25639094883922,-0.0821659934280179
"1740","X630979.UNIT","SPRING",2015,0.578135853334039,1.09705662288972,-0.162926918849792,0.567305101132557,1.08019372602511,-0.163277338227259
"1741","X630979.UNIT","SPRING",2016,1.26411107394336,0.995415815613321,-0.100863965341396,1.24042931520435,0.977605501292067,-0.101080996304402
"1742","X630979.UNIT","SPRING",2018,0.6804401326049,0.770099067676046,-0.0167823358163332,0.667692819976411,0.755461033027737,-0.015705396513807
"1743","X630979.UNIT","SPRING",2019,0.689282627213895,0.849561361208917,0.170178309765355,0.676369659977755,0.834668278369242,0.168670072519888
"1744","X630979.UNIT","SPRING",2021,1.64852616496647,1.13804306436775,-0.0780088710239916,1.62427360417018,1.12031484929083,-0.0768963136602998
"1745","X630979.UNIT","SPRING",2022,0.518883507118297,0.913325461072356,-0.308854074327754,0.509162783771656,0.898399649343776,-0.305156766929025
"1746","X630979.UNIT","SPRING",2024,0.761605890947306,0.70993856315584,0.355756221367385,0.747338025302113,0.696447679215358,0.350314074019773
"1747","X630979.UNIT","FALL",2009,0.813550689067728,0.874009364519816,-0.0266986132395995,0.7983096936065,0.857635740925468,-0.026198443491514
"1748","X630979.UNIT","FALL",2010,0.894238724596136,0.800879257525072,-0.115763922878979,0.87748612574032,0.785875647678808,-0.113595210533355
"1749","X630979.UNIT","FALL",2011,0.679004235676338,0.650076874503675,-0.182043165292907,0.666283823029454,0.637898384795659,-0.178632782764492
"1750","X630979.UNIT","FALL",2012,0.447628190108366,0.459941384552779,-0.178877034866272,0.439242358339755,0.451324878355195,-0.175525966379515
"1751","X630979.UNIT","FALL",2013,0.18818787478708,0.325541299742741,-0.0760554195248045,0.184662377747953,0.31944263430186,-0.0746306031988448
"1752","X630979.UNIT","FALL",2014,0.362891244365473,0.296482579876196,-0.00727770106425865,0.356092867961131,0.290928298237759,-0.00714136117741554
"1753","X630979.UNIT","FALL",2015,0.34509488319805,0.27955918355417,-0.032780124783872,0.338629902442467,0.274321943508837,-0.0321660244705626
"1754","X630979.UNIT","FALL",2016,0.183622668574468,0.237447090982781,-0.0387082664804972,0.180182695754177,0.232998775610942,-0.0379831088207853
"1755","X630979.UNIT","FALL",2018,0.229617959622728,0.202022105897701,-0.0080001846052288,0.225316314590091,0.19823743944676,-0.00785030976780852
"1756","X630979.UNIT","FALL",2019,0.177577127212086,0.198559634844366,0.00639853508212035,0.174250411094423,0.194839834057381,0.00627866542254589
"1757","X630979.UNIT","FALL",2021,0.185816693374981,0.262718125478996,0.0530720683496718,0.182335617864377,0.257796384508442,0.0520778203406606
"1758","X630979.UNIT","FALL",2022,0.504766587785548,0.303472773198811,0.00796733854534003,0.495310329709933,0.297787537821247,0.00781807904345588
"1759","X630979.UNIT","FALL",2023,0.109212482603926,0.282633056688286,-0.0251966289031628,0.107166504431891,0.277338230942252,-0.0247245972130525
"1760","X630979.UNIT","FALL",2024,0.354113171111419,0.301979800718938,0.0883402596276929,0.347479242450065,0.296322534571927,0.0866853000607946
"1761","X164744.EGB","SPRING",2009,25.0181657601223,26.2032773251211,3.33189353183207,23.155033740316,24.2517930751435,3.08408364562933
"1762","X164744.EGB","SPRING",2010,36.7764335223037,25.0777812917983,-2.98340769431302,34.0376495712078,23.210601556717,-2.76064395431559
"1763","X164744.EGB","SPRING",2011,17.8704418075319,25.4354177448246,6.29815850453041,16.5406004442935,23.5421506228462,5.82956481474095
"1764","X164744.EGB","SPRING",2012,40.7500449856792,41.4408712010944,26.8800434040798,37.7174743603572,38.3558333072024,24.8780799468082
"1765","X164744.EGB","SPRING",2013,35.2911117039807,81.0353107656734,52.9813469416968,32.6629414032206,75.00127167928,49.0354785673276
"1766","X164744.EGB","SPRING",2014,184.978993549102,134.033657176448,38.9729267551936,171.203391885202,124.052815141185,36.0709512858305
"1767","X164744.EGB","SPRING",2015,163.166583045405,147.346413041456,-9.93974713512291,151.01763003391,136.374631669557,-9.19920373981888
"1768","X164744.EGB","SPRING",2016,100.917277815236,124.085998664288,-29.0569137511825,93.4031029999931,114.846419877035,-26.8933221190056
"1769","X164744.EGB","SPRING",2018,74.5906114009538,73.1933361377983,-21.680503275404,69.0357614646904,67.7428070518385,-20.0663497992536
"1770","X164744.EGB","SPRING",2019,50.6119230089776,53.9303750907105,-16.3884133343273,46.8427939990364,49.9141066708074,-15.168100304727
"1771","X164744.EGB","SPRING",2021,34.6013577749327,30.1963854713744,-9.48726415475912,32.0245542547479,27.9475772352644,-8.78069501263131
"1772","X164744.EGB","SPRING",2022,17.3599042198418,21.1974548969898,-8.14128480621501,16.0670918800854,19.6188425501808,-7.5349659416506
"1773","X164744.EGB","SPRING",2024,14.0206448242903,12.7772146107804,1.19829327118638,12.9765110312324,11.8256866312349,1.10904368624579
"1774","X164744.EGB","FALL",2009,50.9226261494146,41.7890870962355,-8.6802779602456,47.1303587137729,38.6769072783784,-8.03385546971767
"1775","X164744.EGB","FALL",2010,29.6339544362789,38.494556343212,2.70978651287163,27.4270792435453,35.6277093912384,2.50801784537533
"1776","X164744.EGB","FALL",2011,53.1183661446064,48.4458002393246,17.8112713380265,49.1625793873871,44.8380592690046,16.4852400600947
"1777","X164744.EGB","FALL",2012,52.2866100740883,76.0169177939667,38.6122124872864,48.3927651627465,70.3566212622841,35.7377575273828
"1778","X164744.EGB","FALL",2013,141.011951331365,121.574121864315,47.124843587799,130.510626645141,112.522369574325,43.6166607463346
"1779","X164744.EGB","FALL",2014,145.662202002556,165.067180853088,40.0392023388814,134.814678217762,152.776777672008,37.0560687164496
"1780","X164744.EGB","FALL",2015,205.284059372733,196.426486540247,17.2754410844728,189.996315745149,181.795484199577,15.9784082636234
"1781","X164744.EGB","FALL",2016,226.576842978091,191.361002942766,-30.2595004077376,209.704287332117,177.089465310769,-28.0316388546597
"1782","X164744.EGB","FALL",2018,50.5752051185662,77.0557838912097,-54.8446098847416,46.6927455032513,71.2569798367752,-50.7518249431267
"1783","X164744.EGB","FALL",2019,28.5956212474282,37.6368371063173,-24.3221747852512,26.4660719398104,34.7970580620707,-22.4828351728988
"1784","X164744.EGB","FALL",2021,36.0640068564198,24.4656729985313,-0.648158390043309,33.378278151088,22.6413092931574,-0.592492877950527
"1785","X164744.EGB","FALL",2022,23.704679086904,21.3723408603377,-5.0528069326649,21.9393639535124,19.7821768228614,-4.67531276727222
"1786","X164744.EGB","FALL",2023,10.0710580653721,15.5867187998075,-5.77747647546865,9.32105461048927,14.4273299583331,-5.3481940574336
"1787","X164744.EGB","FALL",2024,13.0846338007897,11.2993093352542,-2.05638174071104,12.1102058417045,10.4581625166955,-1.90395392149082
"1788","X164712.EGB","SPRING",2009,5.63051566838362,5.43444901929552,-0.0744103434683629,4.95574647893405,4.78318245784114,-0.0651595387157231
"1789","X164712.EGB","SPRING",2010,5.88895575317986,5.17464988838838,-0.199693959368021,5.18321472796782,4.55502975303302,-0.175206033406881
"1790","X164712.EGB","SPRING",2011,3.15295329371144,5.52604901851526,1.14798617859967,2.77706505411378,4.86465006601464,1.01038649686375
"1791","X164712.EGB","SPRING",2012,7.26346618003434,7.25634603423639,1.85283768251337,6.39300182551402,6.38725394383484,1.63033261835733
"1792","X164712.EGB","SPRING",2013,11.3995798152488,8.29790059697556,-0.243782173272243,10.0334375851164,7.30361056776423,-0.214835465044315
"1793","X164712.EGB","SPRING",2014,6.69325603384842,6.82780439209298,-2.16333391585462,5.89112649283697,6.00953557780365,-1.90414585627363
"1794","X164712.EGB","SPRING",2015,2.52571057395143,4.99260857220131,-1.01875823763203,2.22302574415171,4.39425110495507,-0.896659498288671
"1795","X164712.EGB","SPRING",2016,5.9039317708399,4.97008770328042,0.665216799945051,5.1963959978831,4.37444556023163,0.585513796712236
"1796","X164712.EGB","SPRING",2018,5.44063277169041,7.75838614933434,2.09353813114932,4.78861942483826,6.82860948436679,1.84264883416605
"1797","X164712.EGB","SPRING",2019,13.1760461097446,9.43457542754056,0.506568875738633,11.5970095743263,8.30392341154638,0.44586132378586
"1798","X164712.EGB","SPRING",2021,4.33106788394828,6.3347073145819,-1.81915601693107,3.812026407532,5.57554724275242,-1.60114630116068
"1799","X164712.EGB","SPRING",2022,5.63677832650058,5.14080452578594,-0.702425838182959,4.96125861099083,4.52472307957862,-0.618246374527753
"1800","X164712.EGB","SPRING",2024,4.20201978275342,4.09654532160654,-0.876938476084937,3.69844361853443,3.60560929301723,-0.771844809396993
"1801","X164712.EGB","FALL",2009,1.87063012298959,1.68235428275404,-0.176016121033826,1.64645108749958,1.48073849787748,-0.154922093005987
"1802","X164712.EGB","FALL",2010,1.09520594328409,1.77033492655491,0.252741688714378,0.963954869642676,1.55817541332357,0.222452757028862
"1803","X164712.EGB","FALL",2011,3.16618946284032,1.9893662203404,0.0860851789354051,2.78674871117329,1.75095767819656,0.0757686058477863
"1804","X164712.EGB","FALL",2012,1.03441853851814,2.03118204908104,0.185458963122389,0.910452315902538,1.78776223718371,0.163233291160413
"1805","X164712.EGB","FALL",2013,3.29924773678125,2.46269429522195,0.592063193219686,2.9038610879807,2.16756142794658,0.521109478760621
"1806","X164712.EGB","FALL",2014,1.66834659476506,3.28175681688273,1.19801256740392,1.46840951159666,2.88846630537008,1.05444099835622
"1807","X164712.EGB","FALL",2015,5.33771854304636,4.69844128254678,1.3231274991391,4.69803858708324,4.13537324355656,1.16456197464446
"1808","X164712.EGB","FALL",2016,6.47584816777042,5.48759854388616,0.127002617049968,5.69977310173312,4.82995675056429,0.111782438648549
"1809","X164712.EGB","FALL",2018,3.28329572921266,3.83490330251104,-1.15236999460441,2.88982079220746,3.37532291139641,-1.01426829788567
"1810","X164712.EGB","FALL",2019,2.83312201324503,2.8308241261863,-0.85815028471731,2.49359654931219,2.49157404438174,-0.755308306087163
"1811","X164712.EGB","FALL",2021,1.53286754966887,1.67796549380063,-0.300121309014273,1.34916647237118,1.47687566777742,-0.264154334700134
"1812","X164712.EGB","FALL",2022,1.549218170924,1.46789078973918,-0.16542901707213,1.36355761138683,1.29197662188515,-0.145603762986078
"1813","X164712.EGB","FALL",2023,1.42329369456151,1.28984845507101,-0.202513738886063,1.2527241074772,1.13527113963466,-0.178244197783841
"1814","X164712.EGB","FALL",2024,0.974905455692211,1.03914713872334,-0.310746980431124,0.858071367507133,0.914614233779579,-0.273506610195269
